#include <lvgl.h>

static const uint8_t espressif_logo_map[] = {
  0x00, 0x00, 0x00, 0x00, 0x00, 0x00, 0x00, 0x00, 0x00, 0x00, 0x00, 0x00, 0x00, 0x00, 0x00, 0x00,
  0x00, 0x00, 0x00, 0x00, 0x00, 0x00, 0x00, 0x00, 0x00, 0x00, 0x00, 0x00, 0x00, 0x00, 0x00, 0x00,
  0x00, 0x00, 0x00, 0x00, 0x00, 0x00, 0x00, 0x00, 0x00, 0x08, 0x85, 0xD1, 0xA5, 0xE9, 0xA5, 0xE1,
  0xA5, 0xE1, 0x85, 0xD1, 0x44, 0xB9, 0x03, 0x89, 0x82, 0x50, 0x20, 0x10, 0x00, 0x00, 0x00, 0x00,
  0x00, 0x00, 0x00, 0x00, 0x00, 0x00, 0x00, 0x00, 0x00, 0x00, 0x00, 0x00, 0x00, 0x00, 0x00, 0x00,
  0x00, 0x00, 0x00, 0x00, 0x00, 0x00, 0x00, 0x00, 0x00, 0x00, 0x00, 0x00, 0x00, 0x00, 0x00, 0x00,
  0x00, 0x00, 0x00, 0x00, 0x00, 0x00, 0x00, 0x00, 0x00, 0x00, 0x00, 0x00, 0x00, 0x00, 0x00, 0x00,
  0x00, 0x00, 0x00, 0x00, 0x00, 0x00, 0x00, 0x00, 0x00, 0x00, 0x00, 0x00, 0x00, 0x00, 0x00, 0x00,
  0x00, 0x00, 0x00, 0x00, 0x00, 0x00, 0x00, 0x00, 0x00, 0x00, 0x00, 0x00, 0x00, 0x00, 0x00, 0x00,
  0x00, 0x00, 0x00, 0x00, 0x00, 0x00, 0x00, 0x00, 0x00, 0x00, 0x00, 0x00, 0x00, 0x00, 0x00, 0x00,
  0x00, 0x00, 0x00, 0x00, 0x00, 0x00, 0x00, 0x00, 0x00, 0x00, 0x00, 0x00, 0x00, 0x00, 0x00, 0x00,
  0x00, 0x00, 0x00, 0x00, 0x00, 0x00, 0x00, 0x00, 0x00, 0x00, 0x00, 0x00, 0x00, 0x00, 0x00, 0x00,
  0x00, 0x00, 0x00, 0x00, 0x00, 0x00, 0x00, 0x00, 0x00, 0x00, 0x00, 0x00, 0x00, 0x00, 0x00, 0x00,
  0x00, 0x00, 0x00, 0x00, 0x00, 0x00, 0x00, 0x00, 0x00, 0x00, 0x00, 0x00, 0x00, 0x00, 0x00, 0x00,
  0x00, 0x00, 0x00, 0x00, 0x00, 0x00, 0x00, 0x00, 0x00, 0x00, 0x00, 0x00, 0x00, 0x00, 0x00, 0x00,
  0x00, 0x00, 0x00, 0x00, 0x00, 0x00, 0x00, 0x00, 0x00, 0x00, 0x00, 0x00, 0x00, 0x00, 0x00, 0x00,
  0x00, 0x00, 0x00, 0x00, 0x00, 0x00, 0x00, 0x00, 0x00, 0x00, 0x00, 0x00, 0x00, 0x00, 0x00, 0x00,
  0x00, 0x00, 0x00, 0x00, 0x00, 0x00, 0x00, 0x00, 0x00, 0x00, 0x00, 0x00, 0x00, 0x00, 0x00, 0x00,
  0x00, 0x00, 0x00, 0x00, 0x00, 0x00, 0x00, 0x00, 0x00, 0x00, 0x00, 0x00, 0x00, 0x00, 0x00, 0x00,
  0x00, 0x00, 0x00, 0x00, 0x00, 0x00, 0x00, 0x00, 0x00, 0x00, 0x00, 0x00, 0x00, 0x00, 0x00, 0x00,
  0x00, 0x00, 0x00, 0x00, 0x00, 0x00, 0x00, 0x00, 0x00, 0x00, 0x00, 0x00, 0x00, 0x00, 0x00, 0x00,
  0x00, 0x00, 0x00, 0x00, 0x00, 0x00, 0x00, 0x00, 0x00, 0x00, 0x00, 0x00, 0x00, 0x00, 0x00, 0x00,
  0x00, 0x00, 0x00, 0x00, 0x00, 0x00, 0x00, 0x00, 0x00, 0x00, 0x00, 0x00, 0x00, 0x00, 0x00, 0x00,
  0x00, 0x00, 0x00, 0x00, 0x00, 0x00, 0x00, 0x00, 0x00, 0x00, 0x00, 0x00, 0x00, 0x00, 0x00, 0x00,
  0x00, 0x00, 0x00, 0x00, 0x00, 0x00, 0x00, 0x00, 0x00, 0x00, 0x00, 0x00, 0x00, 0x00, 0x00, 0x00,
  0x00, 0x00, 0x00, 0x00, 0x00, 0x00, 0x00, 0x00, 0x00, 0x00, 0x00, 0x00, 0x00, 0x00, 0x00, 0x00,
  0x00, 0x00, 0x00, 0x00, 0x00, 0x00, 0x00, 0x00, 0x00, 0x00, 0x00, 0x00, 0x00, 0x00, 0x00, 0x00,
  0x00, 0x00, 0x00, 0x00, 0x00, 0x00, 0x00, 0x00, 0x00, 0x00, 0x00, 0x00, 0x00, 0x00, 0x00, 0x00,
  0x00, 0x00, 0x00, 0x00, 0x00, 0x00, 0x00, 0x00, 0x00, 0x00, 0x00, 0x00, 0x00, 0x00, 0x00, 0x00,
  0x00, 0x00, 0x00, 0x00, 0x00, 0x00, 0x00, 0x00, 0x00, 0x00, 0x00, 0x00, 0x00, 0x00, 0x00, 0x00,
  0x00, 0x00, 0x00, 0x00, 0x00, 0x00, 0x00, 0x00, 0x00, 0x00, 0x00, 0x00, 0x00, 0x00, 0x00, 0x00,
  0x00, 0x00, 0x00, 0x00, 0x00, 0x00, 0x00, 0x00, 0x00, 0x00, 0x00, 0x00, 0x00, 0x00, 0x00, 0x00,
  0x00, 0x00, 0x00, 0x00, 0x00, 0x00, 0x00, 0x00, 0x20, 0x18, 0x23, 0xA1, 0xA5, 0xE1, 0xC6, 0xF9,
  0xA5, 0xE9, 0xA5, 0xE9, 0xC5, 0xE9, 0xC5, 0xF1, 0xC5, 0xF1, 0x85, 0xD1, 0x03, 0x91, 0x61, 0x38,
  0x00, 0x00, 0x00, 0x00, 0x00, 0x00, 0x00, 0x00, 0x00, 0x00, 0x00, 0x00, 0x00, 0x00, 0x00, 0x00,
  0x00, 0x00, 0x00, 0x00, 0x00, 0x00, 0x00, 0x00, 0x00, 0x00, 0x00, 0x00, 0x00, 0x00, 0x00, 0x00,
  0x00, 0x00, 0x00, 0x00, 0x00, 0x00, 0x00, 0x00, 0x00, 0x00, 0x00, 0x00, 0x00, 0x00, 0x00, 0x00,
  0x00, 0x00, 0x00, 0x00, 0x00, 0x00, 0x00, 0x00, 0x00, 0x00, 0x00, 0x00, 0x00, 0x00, 0x00, 0x00,
  0x00, 0x00, 0x00, 0x00, 0x00, 0x00, 0x00, 0x00, 0x00, 0x00, 0x00, 0x00, 0x00, 0x00, 0x00, 0x00,
  0x00, 0x00, 0x00, 0x00, 0x00, 0x00, 0x00, 0x00, 0x00, 0x00, 0x00, 0x00, 0x00, 0x00, 0x00, 0x00,
  0x00, 0x00, 0x00, 0x00, 0x00, 0x00, 0x00, 0x00, 0x00, 0x00, 0x00, 0x00, 0x00, 0x00, 0x00, 0x00,
  0x00, 0x00, 0x00, 0x00, 0x00, 0x00, 0x00, 0x00, 0x00, 0x00, 0x00, 0x00, 0x00, 0x00, 0x00, 0x00,
  0x00, 0x00, 0x00, 0x00, 0x00, 0x00, 0x00, 0x00, 0x00, 0x00, 0x00, 0x00, 0x00, 0x00, 0x00, 0x00,
  0x00, 0x00, 0x00, 0x00, 0x00, 0x00, 0x00, 0x00, 0x00, 0x00, 0x00, 0x00, 0x00, 0x00, 0x00, 0x00,
  0x00, 0x00, 0x00, 0x00, 0x00, 0x00, 0x00, 0x00, 0x00, 0x00, 0x00, 0x00, 0x00, 0x00, 0x00, 0x00,
  0x00, 0x00, 0x00, 0x00, 0x00, 0x00, 0x00, 0x00, 0x00, 0x00, 0x00, 0x00, 0x00, 0x00, 0x00, 0x00,
  0x00, 0x00, 0x00, 0x00, 0x00, 0x00, 0x00, 0x00, 0x00, 0x00, 0x00, 0x00, 0x00, 0x00, 0x00, 0x00,
  0x00, 0x00, 0x00, 0x00, 0x00, 0x00, 0x00, 0x00, 0x00, 0x00, 0x00, 0x00, 0x00, 0x00, 0x00, 0x00,
  0x00, 0x00, 0x00, 0x00, 0x00, 0x00, 0x00, 0x00, 0x00, 0x00, 0x00, 0x00, 0x00, 0x00, 0x00, 0x00,
  0x00, 0x00, 0x00, 0x00, 0x00, 0x00, 0x00, 0x00, 0x00, 0x00, 0x00, 0x00, 0x00, 0x00, 0x00, 0x00,
  0x00, 0x00, 0x00, 0x00, 0x00, 0x00, 0x00, 0x00, 0x00, 0x00, 0x00, 0x00, 0x00, 0x00, 0x00, 0x00,
  0x00, 0x00, 0x00, 0x00, 0x00, 0x00, 0x00, 0x00, 0x00, 0x00, 0x00, 0x00, 0x00, 0x00, 0x00, 0x00,
  0x00, 0x00, 0x00, 0x00, 0x00, 0x00, 0x00, 0x00, 0x00, 0x00, 0x00, 0x00, 0x00, 0x00, 0x00, 0x00,
  0x00, 0x00, 0x00, 0x00, 0x00, 0x00, 0x00, 0x00, 0x00, 0x00, 0x00, 0x00, 0x00, 0x00, 0x00, 0x00,
  0x00, 0x00, 0x00, 0x00, 0x00, 0x00, 0x00, 0x00, 0x00, 0x00, 0x00, 0x00, 0x00, 0x00, 0x00, 0x00,
  0x00, 0x00, 0x00, 0x00, 0x00, 0x00, 0x00, 0x00, 0x00, 0x00, 0x00, 0x00, 0x00, 0x00, 0x00, 0x00,
  0x00, 0x00, 0x00, 0x00, 0x00, 0x00, 0x00, 0x00, 0x00, 0x00, 0x00, 0x00, 0x00, 0x00, 0x00, 0x00,
  0x00, 0x00, 0x00, 0x00, 0x00, 0x00, 0x00, 0x00, 0x00, 0x00, 0x00, 0x00, 0x00, 0x00, 0x00, 0x00,
  0x00, 0x00, 0x00, 0x00, 0x00, 0x00, 0x00, 0x00, 0x00, 0x00, 0x00, 0x00, 0x00, 0x00, 0x00, 0x00,
  0x00, 0x00, 0x00, 0x00, 0x00, 0x00, 0x00, 0x00, 0x00, 0x00, 0x00, 0x00, 0x00, 0x00, 0x00, 0x00,
  0x00, 0x00, 0x00, 0x00, 0x00, 0x00, 0x00, 0x00, 0x00, 0x00, 0x00, 0x00, 0x00, 0x00, 0x00, 0x00,
  0x00, 0x00, 0x00, 0x00, 0x00, 0x00, 0x00, 0x00, 0x00, 0x00, 0xC2, 0x68, 0x23, 0xA1, 0xC2, 0x70,
  0x81, 0x48, 0x20, 0x18, 0x00, 0x00, 0x00, 0x00, 0x00, 0x00, 0x00, 0x00, 0x20, 0x20, 0xE2, 0x70,
  0x85, 0xD1, 0xC6, 0xF9, 0xA5, 0xE9, 0xA5, 0xE1, 0xA5, 0xE1, 0xA5, 0xE9, 0xC6, 0xF9, 0xC5, 0xF1,
  0x24, 0xA9, 0x41, 0x30, 0x00, 0x00, 0x00, 0x00, 0x00, 0x00, 0x00, 0x00, 0x00, 0x00, 0x00, 0x00,
  0x00, 0x00, 0x00, 0x00, 0x00, 0x00, 0x00, 0x00, 0x00, 0x00, 0x00, 0x00, 0x00, 0x00, 0x00, 0x00,
  0x00, 0x00, 0x00, 0x00, 0x00, 0x00, 0x00, 0x00, 0x00, 0x00, 0x00, 0x00, 0x00, 0x00, 0x00, 0x00,
  0x00, 0x00, 0x00, 0x00, 0x00, 0x00, 0x00, 0x00, 0x00, 0x00, 0x00, 0x00, 0x00, 0x00, 0x00, 0x00,
  0x00, 0x00, 0x00, 0x00, 0x00, 0x00, 0x00, 0x00, 0x00, 0x00, 0x00, 0x00, 0x00, 0x00, 0x00, 0x00,
  0x00, 0x00, 0x00, 0x00, 0x00, 0x00, 0x00, 0x00, 0x00, 0x00, 0x00, 0x00, 0x00, 0x00, 0x00, 0x00,
  0x00, 0x00, 0x00, 0x00, 0x00, 0x00, 0x00, 0x00, 0x00, 0x00, 0x00, 0x00, 0x00, 0x00, 0x00, 0x00,
  0x00, 0x00, 0x00, 0x00, 0x00, 0x00, 0x00, 0x00, 0x00, 0x00, 0x00, 0x00, 0x00, 0x00, 0x00, 0x00,
  0x00, 0x00, 0x00, 0x00, 0x00, 0x00, 0x00, 0x00, 0x00, 0x00, 0x00, 0x00, 0x00, 0x00, 0x00, 0x00,
  0x00, 0x00, 0x00, 0x00, 0x00, 0x00, 0x00, 0x00, 0x00, 0x00, 0x00, 0x00, 0x00, 0x00, 0x00, 0x00,
  0x00, 0x00, 0x00, 0x00, 0x00, 0x00, 0x00, 0x00, 0x00, 0x00, 0x00, 0x00, 0x00, 0x00, 0x00, 0x00,
  0x00, 0x00, 0x00, 0x00, 0x00, 0x00, 0x00, 0x00, 0x00, 0x00, 0x00, 0x00, 0x00, 0x00, 0x00, 0x00,
  0x00, 0x00, 0x00, 0x00, 0x00, 0x00, 0x00, 0x00, 0x00, 0x00, 0x00, 0x00, 0x00, 0x00, 0x00, 0x00,
  0x00, 0x00, 0x00, 0x00, 0x00, 0x00, 0x00, 0x00, 0x00, 0x00, 0x00, 0x00, 0x00, 0x00, 0x00, 0x00,
  0x00, 0x00, 0x00, 0x00, 0x00, 0x00, 0x00, 0x00, 0x00, 0x00, 0x00, 0x00, 0x00, 0x00, 0x00, 0x00,
  0x00, 0x00, 0x00, 0x00, 0x00, 0x00, 0x00, 0x00, 0x00, 0x00, 0x00, 0x00, 0x00, 0x00, 0x00, 0x00,
  0x00, 0x00, 0x00, 0x00, 0x00, 0x00, 0x00, 0x00, 0x00, 0x00, 0x00, 0x00, 0x00, 0x00, 0x00, 0x00,
  0x00, 0x00, 0x00, 0x00, 0x00, 0x00, 0x00, 0x00, 0x00, 0x00, 0x00, 0x00, 0x00, 0x00, 0x00, 0x00,
  0x00, 0x00, 0x00, 0x00, 0x00, 0x00, 0x00, 0x00, 0x00, 0x00, 0x00, 0x00, 0x00, 0x00, 0x00, 0x00,
  0x00, 0x00, 0x00, 0x00, 0x00, 0x00, 0x00, 0x00, 0x00, 0x00, 0x00, 0x00, 0x00, 0x00, 0x00, 0x00,
  0x00, 0x00, 0x00, 0x00, 0x00, 0x00, 0x00, 0x00, 0x00, 0x00, 0x00, 0x00, 0x00, 0x00, 0x00, 0x00,
  0x00, 0x00, 0x00, 0x00, 0x00, 0x00, 0x00, 0x00, 0x00, 0x00, 0x00, 0x00, 0x00, 0x00, 0x00, 0x00,
  0x00, 0x00, 0x00, 0x00, 0x00, 0x00, 0x00, 0x00, 0x00, 0x00, 0x00, 0x00, 0x00, 0x00, 0x00, 0x00,
  0x00, 0x00, 0x00, 0x00, 0x00, 0x00, 0x00, 0x00, 0x00, 0x00, 0x00, 0x00, 0x00, 0x00, 0x00, 0x00,
  0x00, 0x00, 0x00, 0x00, 0x00, 0x00, 0x00, 0x00, 0x00, 0x00, 0x00, 0x00, 0x00, 0x00, 0x00, 0x00,
  0x00, 0x00, 0x00, 0x00, 0x00, 0x00, 0x00, 0x00, 0x00, 0x00, 0x00, 0x00, 0x00, 0x00, 0x00, 0x00,
  0x00, 0x00, 0x00, 0x00, 0x00, 0x00, 0x00, 0x00, 0x00, 0x00, 0x00, 0x00, 0xE2, 0x70, 0xA2, 0x58,
  0x00, 0x00, 0x00, 0x00, 0x00, 0x00, 0x41, 0x28, 0x64, 0xB9, 0xC6, 0xF9, 0xC6, 0xF1, 0xC6, 0xF9,
  0xC5, 0xF1, 0xA5, 0xE1, 0x44, 0xB1, 0xC2, 0x70, 0x41, 0x20, 0x00, 0x00, 0x00, 0x00, 0x00, 0x00,
  0x20, 0x10, 0xC2, 0x70, 0x85, 0xD9, 0xC6, 0xF9, 0xA5, 0xE1, 0xA5, 0xE1, 0xA5, 0xE1, 0xA5, 0xE1,
  0xC5, 0xF1, 0xA5, 0xE9, 0xE3, 0x78, 0x00, 0x00, 0x00, 0x00, 0x00, 0x00, 0x00, 0x00, 0x00, 0x00,
  0x00, 0x00, 0x00, 0x00, 0x00, 0x00, 0x00, 0x00, 0x00, 0x00, 0x00, 0x00, 0x00, 0x00, 0x00, 0x00,
  0x00, 0x00, 0x00, 0x00, 0x00, 0x00, 0x00, 0x00, 0x00, 0x00, 0x00, 0x00, 0x00, 0x00, 0x00, 0x00,
  0x00, 0x00, 0x00, 0x00, 0x00, 0x00, 0x00, 0x00, 0x00, 0x00, 0x00, 0x00, 0x00, 0x00, 0x00, 0x00,
  0x00, 0x00, 0x00, 0x00, 0x00, 0x00, 0x00, 0x00, 0x00, 0x00, 0x00, 0x00, 0x00, 0x00, 0x00, 0x00,
  0x00, 0x00, 0x00, 0x00, 0x00, 0x00, 0x00, 0x00, 0x00, 0x00, 0x00, 0x00, 0x00, 0x00, 0x00, 0x00,
  0x00, 0x00, 0x00, 0x00, 0x00, 0x00, 0x00, 0x00, 0x00, 0x00, 0x00, 0x00, 0x00, 0x00, 0x00, 0x00,
  0x00, 0x00, 0x00, 0x00, 0x00, 0x00, 0x00, 0x00, 0x00, 0x00, 0x00, 0x00, 0x00, 0x00, 0x00, 0x00,
  0x00, 0x00, 0x00, 0x00, 0x00, 0x00, 0x00, 0x00, 0x00, 0x00, 0x00, 0x00, 0x00, 0x00, 0x00, 0x00,
  0x00, 0x00, 0x00, 0x00, 0x00, 0x00, 0x00, 0x00, 0x00, 0x00, 0x00, 0x00, 0x00, 0x00, 0x00, 0x00,
  0x00, 0x00, 0x00, 0x00, 0x00, 0x00, 0x00, 0x00, 0x00, 0x00, 0x00, 0x00, 0x00, 0x00, 0x00, 0x00,
  0x00, 0x00, 0x00, 0x00, 0x00, 0x00, 0x00, 0x00, 0x00, 0x00, 0x00, 0x00, 0x00, 0x00, 0x00, 0x00,
  0x00, 0x00, 0x00, 0x00, 0x00, 0x00, 0x00, 0x00, 0x00, 0x00, 0x00, 0x00, 0x00, 0x00, 0x00, 0x00,
  0x00, 0x00, 0x00, 0x00, 0x00, 0x00, 0x00, 0x00, 0x00, 0x00, 0x00, 0x00, 0x00, 0x00, 0x00, 0x00,
  0x00, 0x00, 0x00, 0x00, 0x00, 0x00, 0x00, 0x00, 0x00, 0x00, 0x00, 0x00, 0x00, 0x00, 0x00, 0x00,
  0x00, 0x00, 0x00, 0x00, 0x00, 0x00, 0x00, 0x00, 0x00, 0x00, 0x00, 0x00, 0x00, 0x00, 0x00, 0x00,
  0x00, 0x00, 0x00, 0x00, 0x00, 0x00, 0x00, 0x00, 0x00, 0x00, 0x00, 0x00, 0x00, 0x00, 0x00, 0x00,
  0x00, 0x00, 0x00, 0x00, 0x00, 0x00, 0x00, 0x00, 0x00, 0x00, 0x00, 0x00, 0x00, 0x00, 0x00, 0x00,
  0x00, 0x00, 0x00, 0x00, 0x00, 0x00, 0x00, 0x00, 0x00, 0x00, 0x00, 0x00, 0x00, 0x00, 0x00, 0x00,
  0x00, 0x00, 0x00, 0x00, 0x00, 0x00, 0x00, 0x00, 0x00, 0x00, 0x00, 0x00, 0x00, 0x00, 0x00, 0x00,
  0x00, 0x00, 0x00, 0x00, 0x00, 0x00, 0x00, 0x00, 0x00, 0x00, 0x00, 0x00, 0x00, 0x00, 0x00, 0x00,
  0x00, 0x00, 0x00, 0x00, 0x00, 0x00, 0x00, 0x00, 0x00, 0x00, 0x00, 0x00, 0x00, 0x00, 0x00, 0x00,
  0x00, 0x00, 0x00, 0x00, 0x00, 0x00, 0x00, 0x00, 0x00, 0x00, 0x00, 0x00, 0x00, 0x00, 0x00, 0x00,
  0x00, 0x00, 0x00, 0x00, 0x00, 0x00, 0x00, 0x00, 0x00, 0x00, 0x00, 0x00, 0x00, 0x00, 0x00, 0x00,
  0x00, 0x00, 0x00, 0x00, 0x00, 0x00, 0x00, 0x00, 0x00, 0x00, 0x00, 0x00, 0x00, 0x00, 0x00, 0x00,
  0x00, 0x00, 0x00, 0x00, 0x00, 0x00, 0x00, 0x00, 0x00, 0x00, 0x00, 0x00, 0x00, 0x00, 0x00, 0x00,
  0x00, 0x00, 0x00, 0x00, 0x00, 0x00, 0x00, 0x00, 0x00, 0x00, 0xA2, 0x60, 0xE6, 0xF9, 0x64, 0xC9,
  0x00, 0x08, 0x00, 0x00, 0xA2, 0x50, 0xA5, 0xE9, 0xC5, 0xF1, 0xA5, 0xE1, 0xA5, 0xE1, 0xA5, 0xE1,
  0xA5, 0xE1, 0xA5, 0xE9, 0xC5, 0xF1, 0xC6, 0xF9, 0xA5, 0xE1, 0x44, 0xA9, 0x81, 0x48, 0x00, 0x00,
  0x00, 0x00, 0x00, 0x00, 0x20, 0x18, 0x03, 0x91, 0xC5, 0xF1, 0xA5, 0xE9, 0xA5, 0xE1, 0xA5, 0xE9,
  0xA5, 0xE1, 0xA5, 0xE1, 0xC6, 0xF9, 0x44, 0xB1, 0x20, 0x10, 0x00, 0x00, 0x00, 0x00, 0x00, 0x00,
  0x00, 0x00, 0x00, 0x00, 0x00, 0x00, 0x00, 0x00, 0x00, 0x00, 0x00, 0x00, 0x00, 0x00, 0x00, 0x00,
  0x00, 0x00, 0x00, 0x00, 0x00, 0x00, 0x00, 0x00, 0x00, 0x00, 0x00, 0x00, 0x00, 0x00, 0x00, 0x00,
  0x00, 0x00, 0x00, 0x00, 0x00, 0x00, 0x00, 0x00, 0x00, 0x00, 0x00, 0x00, 0x20, 0x00, 0x20, 0x00,
  0x20, 0x00, 0x20, 0x00, 0x20, 0x00, 0x20, 0x00, 0x20, 0x00, 0x20, 0x00, 0x20, 0x00, 0x20, 0x00,
  0x20, 0x00, 0x20, 0x00, 0x20, 0x00, 0x00, 0x00, 0x00, 0x00, 0x00, 0x00, 0x00, 0x00, 0x00, 0x00,
  0x00, 0x00, 0x00, 0x00, 0x00, 0x00, 0x20, 0x00, 0x20, 0x00, 0x20, 0x00, 0x20, 0x00, 0x20, 0x00,
  0x20, 0x00, 0x20, 0x00, 0x20, 0x00, 0x20, 0x00, 0x20, 0x00, 0x20, 0x00, 0x20, 0x00, 0x20, 0x00,
  0x20, 0x00, 0x00, 0x00, 0x00, 0x00, 0x00, 0x00, 0x00, 0x00, 0x00, 0x00, 0x00, 0x00, 0x20, 0x00,
  0x20, 0x00, 0x20, 0x00, 0x20, 0x00, 0x20, 0x00, 0x20, 0x00, 0x20, 0x00, 0x20, 0x00, 0x20, 0x00,
  0x20, 0x00, 0x20, 0x00, 0x20, 0x00, 0x20, 0x00, 0x20, 0x00, 0x20, 0x00, 0x00, 0x00, 0x00, 0x00,
  0x00, 0x00, 0x00, 0x00, 0x00, 0x00, 0x00, 0x00, 0x00, 0x00, 0x20, 0x00, 0x20, 0x00, 0x20, 0x00,
  0x20, 0x00, 0x20, 0x00, 0x20, 0x00, 0x20, 0x00, 0x20, 0x00, 0x20, 0x00, 0x20, 0x00, 0x20, 0x00,
  0x20, 0x00, 0x20, 0x00, 0x20, 0x00, 0x20, 0x00, 0x00, 0x00, 0x00, 0x00, 0x00, 0x00, 0x00, 0x00,
  0x00, 0x00, 0x00, 0x00, 0x00, 0x00, 0x00, 0x00, 0x00, 0x00, 0x00, 0x00, 0x00, 0x00, 0x20, 0x00,
  0x20, 0x00, 0x20, 0x00, 0x20, 0x00, 0x20, 0x00, 0x20, 0x00, 0x20, 0x00, 0x20, 0x00, 0x20, 0x00,
  0x20, 0x00, 0x20, 0x00, 0x20, 0x00, 0x20, 0x00, 0x20, 0x00, 0x00, 0x00, 0x00, 0x00, 0x00, 0x00,
  0x00, 0x00, 0x00, 0x00, 0x00, 0x00, 0x00, 0x00, 0x00, 0x00, 0x20, 0x00, 0x20, 0x00, 0x20, 0x00,
  0x20, 0x00, 0x20, 0x00, 0x20, 0x00, 0x20, 0x00, 0x20, 0x00, 0x20, 0x00, 0x20, 0x00, 0x20, 0x00,
  0x20, 0x00, 0x20, 0x00, 0x00, 0x00, 0x00, 0x00, 0x00, 0x00, 0x00, 0x00, 0x00, 0x00, 0x00, 0x00,
  0x00, 0x00, 0x00, 0x00, 0x00, 0x00, 0x20, 0x00, 0x20, 0x00, 0x20, 0x00, 0x20, 0x00, 0x20, 0x00,
  0x20, 0x00, 0x20, 0x00, 0x20, 0x00, 0x20, 0x00, 0x20, 0x00, 0x20, 0x00, 0x20, 0x00, 0x20, 0x00,
  0x00, 0x00, 0x00, 0x00, 0x00, 0x00, 0x00, 0x00, 0x00, 0x00, 0x00, 0x00, 0x20, 0x00, 0x20, 0x00,
  0x20, 0x00, 0x20, 0x00, 0x00, 0x00, 0x00, 0x00, 0x00, 0x00, 0x00, 0x00, 0x00, 0x00, 0x00, 0x00,
  0x00, 0x00, 0x00, 0x00, 0x20, 0x00, 0x20, 0x00, 0x20, 0x00, 0x20, 0x00, 0x20, 0x00, 0x20, 0x00,
  0x20, 0x00, 0x20, 0x00, 0x20, 0x00, 0x20, 0x00, 0x20, 0x00, 0x20, 0x00, 0x20, 0x00, 0x20, 0x00,
  0x00, 0x00, 0x00, 0x00, 0x00, 0x00, 0x00, 0x00, 0x61, 0x38, 0xC6, 0xF1, 0x85, 0xD9, 0x41, 0x20,
  0x00, 0x00, 0x61, 0x40, 0xC6, 0xF1, 0xA5, 0xE9, 0xA5, 0xE1, 0xA5, 0xE9, 0xA5, 0xE9, 0xA5, 0xE9,
  0xA5, 0xE9, 0xA5, 0xE1, 0xA5, 0xE1, 0xA5, 0xE1, 0xA5, 0xE9, 0xC5, 0xF1, 0xC5, 0xF1, 0x44, 0xB9,
  0x82, 0x50, 0x00, 0x00, 0x00, 0x00, 0x00, 0x00, 0x81, 0x40, 0x85, 0xD1, 0xC6, 0xF1, 0xA5, 0xE1,
  0xA5, 0xE9, 0xA5, 0xE9, 0xA5, 0xE1, 0xC6, 0xF1, 0x64, 0xC9, 0x20, 0x18, 0x00, 0x00, 0x00, 0x00,
  0x00, 0x00, 0x00, 0x00, 0x00, 0x00, 0x00, 0x00, 0x00, 0x00, 0x00, 0x00, 0x00, 0x00, 0x00, 0x00,
  0x00, 0x00, 0x00, 0x00, 0x00, 0x00, 0x00, 0x00, 0x00, 0x00, 0x00, 0x00, 0x00, 0x00, 0x00, 0x00,
  0x00, 0x00, 0x00, 0x00, 0x00, 0x00, 0x00, 0x00, 0x00, 0x00, 0x00, 0x00, 0x00, 0x00, 0x00, 0x00,
  0x00, 0x00, 0x00, 0x00, 0x00, 0x00, 0x00, 0x00, 0x00, 0x00, 0x00, 0x00, 0x00, 0x00, 0x00, 0x00,
  0x00, 0x00, 0x00, 0x00, 0x00, 0x00, 0x00, 0x00, 0x00, 0x00, 0x00, 0x00, 0x00, 0x00, 0x00, 0x00,
  0x00, 0x00, 0x00, 0x00, 0x00, 0x00, 0x00, 0x00, 0x00, 0x00, 0x00, 0x00, 0x00, 0x00, 0x00, 0x00,
  0x00, 0x00, 0x00, 0x00, 0x00, 0x00, 0x00, 0x00, 0x00, 0x00, 0x00, 0x00, 0x00, 0x00, 0x00, 0x00,
  0x00, 0x00, 0x00, 0x00, 0x00, 0x00, 0x00, 0x00, 0x00, 0x00, 0x00, 0x00, 0x00, 0x00, 0x00, 0x00,
  0x00, 0x00, 0x00, 0x00, 0x00, 0x00, 0x00, 0x00, 0x00, 0x00, 0x00, 0x00, 0x00, 0x00, 0x00, 0x00,
  0x00, 0x00, 0x00, 0x00, 0x00, 0x00, 0x00, 0x00, 0x00, 0x00, 0x00, 0x00, 0x00, 0x00, 0x00, 0x00,
  0x00, 0x00, 0x00, 0x00, 0x00, 0x00, 0x00, 0x00, 0x00, 0x00, 0x00, 0x00, 0x00, 0x00, 0x00, 0x00,
  0x00, 0x00, 0x00, 0x00, 0x00, 0x00, 0x00, 0x00, 0x00, 0x00, 0x00, 0x00, 0x00, 0x00, 0x00, 0x00,
  0x00, 0x00, 0x00, 0x00, 0x00, 0x00, 0x00, 0x00, 0x00, 0x00, 0x00, 0x00, 0x00, 0x00, 0x00, 0x00,
  0x00, 0x00, 0x00, 0x00, 0x00, 0x00, 0x00, 0x00, 0x00, 0x00, 0x00, 0x00, 0x00, 0x00, 0x00, 0x00,
  0x00, 0x00, 0x00, 0x00, 0x00, 0x00, 0x00, 0x00, 0x00, 0x00, 0x00, 0x00, 0x00, 0x00, 0x00, 0x00,
  0x00, 0x00, 0x00, 0x00, 0x00, 0x00, 0x00, 0x00, 0x00, 0x00, 0x00, 0x00, 0x00, 0x00, 0x00, 0x00,
  0x00, 0x00, 0x00, 0x00, 0x00, 0x00, 0x00, 0x00, 0x00, 0x00, 0x00, 0x00, 0x00, 0x00, 0x00, 0x00,
  0x00, 0x00, 0x00, 0x00, 0x00, 0x00, 0x00, 0x00, 0x00, 0x00, 0x00, 0x00, 0x00, 0x00, 0x00, 0x00,
  0x00, 0x00, 0x00, 0x00, 0x00, 0x00, 0x00, 0x00, 0x00, 0x00, 0x00, 0x00, 0x00, 0x00, 0x00, 0x00,
  0x00, 0x00, 0x00, 0x00, 0x00, 0x00, 0x00, 0x00, 0x00, 0x00, 0x00, 0x00, 0x00, 0x00, 0x00, 0x00,
  0x00, 0x00, 0x00, 0x00, 0x00, 0x00, 0x00, 0x00, 0x00, 0x00, 0x00, 0x00, 0x00, 0x00, 0x00, 0x00,
  0x00, 0x00, 0x00, 0x00, 0x00, 0x00, 0x00, 0x00, 0x00, 0x00, 0x00, 0x00, 0x00, 0x00, 0x00, 0x00,
  0x00, 0x00, 0x00, 0x00, 0x00, 0x00, 0x00, 0x00, 0x00, 0x00, 0x00, 0x00, 0x00, 0x00, 0x00, 0x00,
  0x00, 0x00, 0x00, 0x00, 0x00, 0x00, 0x00, 0x00, 0x00, 0x00, 0x00, 0x00, 0x00, 0x00, 0x00, 0x00,
  0x00, 0x00, 0x00, 0x00, 0x00, 0x00, 0x00, 0x00, 0x00, 0x00, 0x00, 0x00, 0x00, 0x00, 0x00, 0x00,
  0x00, 0x00, 0x00, 0x00, 0x00, 0x00, 0x20, 0x10, 0x85, 0xC9, 0xC6, 0xF1, 0x61, 0x38, 0x00, 0x00,
  0x00, 0x00, 0xA2, 0x58, 0xC5, 0xF1, 0x85, 0xE1, 0xA5, 0xE1, 0xA5, 0xE1, 0xA5, 0xE1, 0xA5, 0xE1,
  0xA5, 0xE9, 0xA5, 0xE9, 0xA5, 0xE9, 0xA5, 0xE9, 0xA5, 0xE1, 0xA5, 0xE1, 0xA5, 0xE1, 0xC5, 0xF1,
  0xC6, 0xF1, 0x44, 0xB1, 0x41, 0x30, 0x00, 0x00, 0x00, 0x00, 0x20, 0x10, 0x24, 0xA1, 0xC6, 0xF9,
  0xA5, 0xE1, 0xA5, 0xE1, 0xA5, 0xE9, 0xA5, 0xE1, 0xC5, 0xF1, 0x64, 0xC9, 0x20, 0x10, 0x00, 0x00,
  0x00, 0x00, 0x00, 0x00, 0x00, 0x00, 0x00, 0x00, 0x00, 0x00, 0x00, 0x00, 0x00, 0x00, 0x00, 0x00,
  0x00, 0x00, 0x00, 0x00, 0x00, 0x00, 0x00, 0x00, 0x00, 0x00, 0x00, 0x00, 0x00, 0x00, 0x00, 0x00,
  0x00, 0x00, 0x00, 0x00, 0x00, 0x00, 0x00, 0x00, 0x00, 0x00, 0x86, 0x31, 0x8E, 0x73, 0x30, 0x84,
  0x30, 0x84, 0x30, 0x84, 0x30, 0x84, 0x30, 0x84, 0x30, 0x84, 0x30, 0x84, 0x30, 0x84, 0x30, 0x84,
  0x30, 0x84, 0x30, 0x84, 0x30, 0x84, 0xCB, 0x5A, 0x00, 0x00, 0x00, 0x00, 0x00, 0x00, 0x00, 0x00,
  0x00, 0x00, 0x00, 0x00, 0x82, 0x10, 0xAA, 0x52, 0x10, 0x84, 0x30, 0x84, 0x30, 0x84, 0x30, 0x84,
  0x30, 0x84, 0x30, 0x84, 0x30, 0x84, 0x30, 0x84, 0x30, 0x84, 0x30, 0x84, 0x30, 0x84, 0x30, 0x84,
  0xCF, 0x7B, 0x20, 0x00, 0x00, 0x00, 0x00, 0x00, 0x00, 0x00, 0x00, 0x00, 0x2C, 0x63, 0x30, 0x84,
  0x30, 0x84, 0x51, 0x8C, 0x51, 0x8C, 0x51, 0x8C, 0x51, 0x8C, 0x51, 0x8C, 0x51, 0x8C, 0x51, 0x8C,
  0x71, 0x8C, 0x71, 0x8C, 0x71, 0x8C, 0x71, 0x8C, 0x30, 0x84, 0xAA, 0x52, 0x61, 0x08, 0x00, 0x00,
  0x00, 0x00, 0x00, 0x00, 0x00, 0x00, 0x00, 0x00, 0x00, 0x00, 0xAE, 0x73, 0x30, 0x84, 0x30, 0x84,
  0x51, 0x8C, 0x51, 0x8C, 0x51, 0x8C, 0x51, 0x8C, 0x51, 0x8C, 0x51, 0x8C, 0x51, 0x8C, 0x71, 0x8C,
  0x71, 0x8C, 0x71, 0x8C, 0x51, 0x8C, 0x2C, 0x63, 0xC3, 0x18, 0x00, 0x00, 0x00, 0x00, 0x00, 0x00,
  0x00, 0x00, 0x00, 0x00, 0x00, 0x00, 0x00, 0x00, 0x00, 0x00, 0x00, 0x00, 0x82, 0x10, 0xCB, 0x5A,
  0x10, 0x84, 0x30, 0x84, 0x30, 0x84, 0x30, 0x84, 0x30, 0x84, 0x30, 0x84, 0x30, 0x84, 0x30, 0x84,
  0x30, 0x84, 0x30, 0x84, 0x30, 0x84, 0x30, 0x84, 0x30, 0x84, 0x82, 0x10, 0x00, 0x00, 0x00, 0x00,
  0x00, 0x00, 0x00, 0x00, 0x00, 0x00, 0x00, 0x00, 0xA6, 0x31, 0x8E, 0x73, 0x30, 0x84, 0x30, 0x84,
  0x30, 0x84, 0x30, 0x84, 0x30, 0x84, 0x30, 0x84, 0x30, 0x84, 0x30, 0x84, 0x30, 0x84, 0x30, 0x84,
  0x30, 0x84, 0x30, 0x84, 0xA6, 0x31, 0x00, 0x00, 0x00, 0x00, 0x00, 0x00, 0x00, 0x00, 0x00, 0x00,
  0x00, 0x00, 0x00, 0x00, 0x04, 0x21, 0x2C, 0x63, 0x30, 0x84, 0x30, 0x84, 0x30, 0x84, 0x30, 0x84,
  0x30, 0x84, 0x30, 0x84, 0x30, 0x84, 0x30, 0x84, 0x30, 0x84, 0x30, 0x84, 0x30, 0x84, 0x30, 0x84,
  0xCB, 0x5A, 0x00, 0x00, 0x00, 0x00, 0x00, 0x00, 0x00, 0x00, 0x61, 0x08, 0x10, 0x84, 0x30, 0x84,
  0x10, 0x84, 0x30, 0x84, 0x08, 0x42, 0x00, 0x00, 0x00, 0x00, 0x00, 0x00, 0x00, 0x00, 0x00, 0x00,
  0x00, 0x00, 0xE3, 0x18, 0x0C, 0x63, 0x10, 0x84, 0x30, 0x84, 0x30, 0x84, 0x30, 0x84, 0x30, 0x84,
  0x30, 0x84, 0x30, 0x84, 0x30, 0x84, 0x30, 0x84, 0x30, 0x84, 0x30, 0x84, 0x30, 0x84, 0x10, 0x84,
  0x00, 0x00, 0x00, 0x00, 0x00, 0x00, 0x03, 0x89, 0xE6, 0xF9, 0xE2, 0x70, 0x00, 0x00, 0x00, 0x08,
  0x00, 0x00, 0xA2, 0x58, 0xE6, 0xF9, 0xC5, 0xF1, 0xC6, 0xF9, 0xC6, 0xF1, 0xC5, 0xF1, 0xA5, 0xE9,
  0xA5, 0xE1, 0xA5, 0xE1, 0xA5, 0xE1, 0xA5, 0xE9, 0xA5, 0xE9, 0xA5, 0xE9, 0xA5, 0xE9, 0xA5, 0xE1,
  0xA5, 0xE1, 0xC5, 0xF1, 0xA5, 0xE9, 0xC2, 0x70, 0x00, 0x00, 0x00, 0x00, 0x00, 0x00, 0xE3, 0x78,
  0xC6, 0xF1, 0xA5, 0xE1, 0xA5, 0xE1, 0xA5, 0xE9, 0xA5, 0xE1, 0xC6, 0xF1, 0x44, 0xB1, 0x00, 0x00,
  0x00, 0x00, 0x00, 0x00, 0x00, 0x00, 0x00, 0x00, 0x00, 0x00, 0x00, 0x00, 0x00, 0x00, 0x00, 0x00,
  0x00, 0x00, 0x00, 0x00, 0x00, 0x00, 0x00, 0x00, 0x00, 0x00, 0x00, 0x00, 0x00, 0x00, 0x00, 0x00,
  0x00, 0x00, 0x00, 0x00, 0x00, 0x00, 0x61, 0x08, 0x34, 0xA5, 0xFF, 0xFF, 0xFF, 0xFF, 0xFF, 0xFF,
  0xFF, 0xFF, 0xFF, 0xFF, 0xFF, 0xFF, 0xFF, 0xFF, 0xFF, 0xFF, 0xFF, 0xFF, 0xFF, 0xFF, 0xFF, 0xFF,
  0xFF, 0xFF, 0xFF, 0xFF, 0xFF, 0xFF, 0xB6, 0xB5, 0x00, 0x00, 0x00, 0x00, 0x00, 0x00, 0x00, 0x00,
  0x00, 0x00, 0xCB, 0x5A, 0x3C, 0xE7, 0xFF, 0xFF, 0xFF, 0xFF, 0xFF, 0xFF, 0xFF, 0xFF, 0xFF, 0xFF,
  0xFF, 0xFF, 0xFF, 0xFF, 0xFF, 0xFF, 0xFF, 0xFF, 0xFF, 0xFF, 0xFF, 0xFF, 0xFF, 0xFF, 0xFF, 0xFF,
  0xBE, 0xF7, 0x61, 0x08, 0x00, 0x00, 0x00, 0x00, 0x00, 0x00, 0x00, 0x00, 0x79, 0xCE, 0xFF, 0xFF,
  0xFF, 0xFF, 0xFF, 0xFF, 0xFF, 0xFF, 0xFF, 0xFF, 0xFF, 0xFF, 0xFF, 0xFF, 0xFF, 0xFF, 0xFF, 0xFF,
  0xFF, 0xFF, 0xFF, 0xFF, 0xFF, 0xFF, 0xFF, 0xFF, 0xFF, 0xFF, 0xFF, 0xFF, 0xFB, 0xDE, 0x49, 0x4A,
  0x00, 0x00, 0x00, 0x00, 0x00, 0x00, 0x00, 0x00, 0x20, 0x00, 0x7D, 0xEF, 0xFF, 0xFF, 0xFF, 0xFF,
  0xFF, 0xFF, 0xFF, 0xFF, 0xFF, 0xFF, 0xFF, 0xFF, 0xFF, 0xFF, 0xFF, 0xFF, 0xFF, 0xFF, 0xFF, 0xFF,
  0xFF, 0xFF, 0xFF, 0xFF, 0xFF, 0xFF, 0xFF, 0xFF, 0x7D, 0xEF, 0x6D, 0x6B, 0x00, 0x00, 0x00, 0x00,
  0x00, 0x00, 0x00, 0x00, 0x00, 0x00, 0x00, 0x00, 0x00, 0x00, 0xEB, 0x5A, 0x3C, 0xE7, 0xFF, 0xFF,
  0xFF, 0xFF, 0xFF, 0xFF, 0xFF, 0xFF, 0xFF, 0xFF, 0xFF, 0xFF, 0xFF, 0xFF, 0xFF, 0xFF, 0xFF, 0xFF,
  0xFF, 0xFF, 0xFF, 0xFF, 0xFF, 0xFF, 0xFF, 0xFF, 0xFF, 0xFF, 0x45, 0x29, 0x00, 0x00, 0x00, 0x00,
  0x00, 0x00, 0x00, 0x00, 0xA2, 0x10, 0x96, 0xB5, 0xFF, 0xFF, 0xFF, 0xFF, 0xFF, 0xFF, 0xFF, 0xFF,
  0xFF, 0xFF, 0xFF, 0xFF, 0xFF, 0xFF, 0xFF, 0xFF, 0xFF, 0xFF, 0xFF, 0xFF, 0xFF, 0xFF, 0xFF, 0xFF,
  0xFF, 0xFF, 0xFF, 0xFF, 0x6D, 0x6B, 0x00, 0x00, 0x20, 0x00, 0x00, 0x00, 0x00, 0x00, 0x00, 0x00,
  0x00, 0x00, 0x30, 0x84, 0xBE, 0xF7, 0xFF, 0xFF, 0xFF, 0xFF, 0xFF, 0xFF, 0xFF, 0xFF, 0xFF, 0xFF,
  0xFF, 0xFF, 0xFF, 0xFF, 0xFF, 0xFF, 0xFF, 0xFF, 0xFF, 0xFF, 0xFF, 0xFF, 0xFF, 0xFF, 0xFF, 0xFF,
  0xB6, 0xB5, 0x00, 0x00, 0x00, 0x00, 0x00, 0x00, 0x00, 0x00, 0xE3, 0x18, 0xFF, 0xFF, 0xFF, 0xFF,
  0xFF, 0xFF, 0xFF, 0xFF, 0x30, 0x84, 0x00, 0x00, 0x20, 0x00, 0x00, 0x00, 0x00, 0x00, 0x00, 0x00,
  0xAE, 0x73, 0x9E, 0xF7, 0xFF, 0xFF, 0xFF, 0xFF, 0xFF, 0xFF, 0xFF, 0xFF, 0xFF, 0xFF, 0xFF, 0xFF,
  0xFF, 0xFF, 0xFF, 0xFF, 0xFF, 0xFF, 0xFF, 0xFF, 0xFF, 0xFF, 0xFF, 0xFF, 0xFF, 0xFF, 0xFF, 0xFF,
  0x00, 0x00, 0x00, 0x00, 0x41, 0x28, 0xC6, 0xF1, 0x64, 0xC1, 0x00, 0x00, 0x00, 0x00, 0x00, 0x00,
  0x00, 0x00, 0x40, 0x20, 0xA2, 0x60, 0xC2, 0x60, 0xE3, 0x78, 0x23, 0x99, 0x44, 0xB9, 0xA5, 0xE1,
  0xC6, 0xF1, 0xC6, 0xF1, 0xA5, 0xE9, 0xA5, 0xE1, 0xA5, 0xE1, 0xA5, 0xE9, 0xA5, 0xE9, 0xA5, 0xE9,
  0xA5, 0xE9, 0xA5, 0xE1, 0xA5, 0xE1, 0xC6, 0xF9, 0x44, 0xA9, 0x20, 0x18, 0x00, 0x00, 0x00, 0x00,
  0xA2, 0x60, 0xC5, 0xF1, 0xA5, 0xE1, 0xA5, 0xE1, 0xA5, 0xE9, 0xA5, 0xE1, 0xC6, 0xF9, 0xE3, 0x78,
  0x00, 0x00, 0x00, 0x00, 0x00, 0x00, 0x00, 0x00, 0x00, 0x00, 0x00, 0x00, 0x00, 0x00, 0x00, 0x00,
  0x00, 0x00, 0x00, 0x00, 0x00, 0x00, 0x00, 0x00, 0x00, 0x00, 0x00, 0x00, 0x00, 0x00, 0x00, 0x00,
  0x00, 0x00, 0x00, 0x00, 0x20, 0x00, 0xF7, 0xBD, 0xFF, 0xFF, 0xFF, 0xFF, 0xDF, 0xFF, 0xDF, 0xFF,
  0xDF, 0xFF, 0xDF, 0xFF, 0xDF, 0xFF, 0xDF, 0xFF, 0xDF, 0xFF, 0xDF, 0xFF, 0xDF, 0xFF, 0xDF, 0xFF,
  0xDF, 0xFF, 0xBE, 0xF7, 0xDF, 0xFF, 0x34, 0xA5, 0x00, 0x00, 0x00, 0x00, 0x00, 0x00, 0x00, 0x00,
  0x69, 0x4A, 0xFF, 0xFF, 0xFF, 0xFF, 0xDF, 0xFF, 0xDF, 0xFF, 0xDF, 0xFF, 0xDF, 0xFF, 0xDF, 0xFF,
  0xDF, 0xFF, 0xDF, 0xFF, 0xDF, 0xFF, 0xDF, 0xFF, 0xDF, 0xFF, 0xDF, 0xFF, 0xBE, 0xF7, 0xDF, 0xFF,
  0xFB, 0xDE, 0x41, 0x08, 0x00, 0x00, 0x00, 0x00, 0x00, 0x00, 0x00, 0x00, 0xF7, 0xBD, 0xDF, 0xFF,
  0xDF, 0xFF, 0xDF, 0xFF, 0xDF, 0xFF, 0xBE, 0xF7, 0xBE, 0xF7, 0xBE, 0xF7, 0xBE, 0xF7, 0xBE, 0xF7,
  0xBE, 0xF7, 0xBE, 0xF7, 0xBE, 0xF7, 0xDF, 0xFF, 0xDF, 0xFF, 0xDF, 0xFF, 0xFF, 0xFF, 0xDF, 0xFF,
  0xA6, 0x31, 0x00, 0x00, 0x00, 0x00, 0x00, 0x00, 0x20, 0x00, 0xDB, 0xDE, 0xDF, 0xFF, 0xDF, 0xFF,
  0xDF, 0xFF, 0xDF, 0xFF, 0xBE, 0xF7, 0xBE, 0xF7, 0xBE, 0xF7, 0xBE, 0xF7, 0xBE, 0xF7, 0xBE, 0xF7,
  0xBE, 0xF7, 0xDF, 0xFF, 0xDF, 0xFF, 0xDF, 0xFF, 0xFF, 0xFF, 0xFF, 0xFF, 0x2C, 0x63, 0x00, 0x00,
  0x00, 0x00, 0x00, 0x00, 0x00, 0x00, 0x00, 0x00, 0x8A, 0x52, 0xFF, 0xFF, 0xFF, 0xFF, 0xDF, 0xFF,
  0xDF, 0xFF, 0xDF, 0xFF, 0xDF, 0xFF, 0xDF, 0xFF, 0xDF, 0xFF, 0xDF, 0xFF, 0xDF, 0xFF, 0xDF, 0xFF,
  0xDF, 0xFF, 0xDF, 0xFF, 0xBE, 0xF7, 0xDF, 0xFF, 0xBE, 0xF7, 0x24, 0x21, 0x00, 0x00, 0x00, 0x00,
  0x00, 0x00, 0x41, 0x08, 0x59, 0xCE, 0xFF, 0xFF, 0xFF, 0xFF, 0xDF, 0xFF, 0xDF, 0xFF, 0xDF, 0xFF,
  0xDF, 0xFF, 0xDF, 0xFF, 0xDF, 0xFF, 0xDF, 0xFF, 0xDF, 0xFF, 0xDF, 0xFF, 0xDF, 0xFF, 0xDF, 0xFF,
  0xBE, 0xF7, 0xDF, 0xFF, 0x0C, 0x63, 0x00, 0x00, 0x20, 0x00, 0x00, 0x00, 0x00, 0x00, 0x00, 0x00,
  0x71, 0x8C, 0xFF, 0xFF, 0xFF, 0xFF, 0xDF, 0xFF, 0xDF, 0xFF, 0xDF, 0xFF, 0xDF, 0xFF, 0xDF, 0xFF,
  0xDF, 0xFF, 0xDF, 0xFF, 0xDF, 0xFF, 0xDF, 0xFF, 0xDF, 0xFF, 0xDF, 0xFF, 0xBE, 0xF7, 0xDF, 0xFF,
  0x34, 0xA5, 0x00, 0x00, 0x00, 0x00, 0x00, 0x00, 0x00, 0x00, 0xC3, 0x18, 0x9E, 0xF7, 0xDF, 0xFF,
  0xBE, 0xF7, 0xDF, 0xFF, 0xEF, 0x7B, 0x00, 0x00, 0x20, 0x00, 0x00, 0x00, 0x00, 0x00, 0xAE, 0x73,
  0xFF, 0xFF, 0xFF, 0xFF, 0xDF, 0xFF, 0xDF, 0xFF, 0xDF, 0xFF, 0xDF, 0xFF, 0xDF, 0xFF, 0xDF, 0xFF,
  0xDF, 0xFF, 0xDF, 0xFF, 0xDF, 0xFF, 0xDF, 0xFF, 0xDF, 0xFF, 0xDF, 0xFF, 0xDF, 0xFF, 0x9E, 0xF7,
  0x00, 0x00, 0x00, 0x00, 0x23, 0xA1, 0xE6, 0xF9, 0x81, 0x40, 0x00, 0x00, 0x00, 0x00, 0x00, 0x00,
  0x00, 0x00, 0x00, 0x00, 0x00, 0x00, 0x00, 0x00, 0x00, 0x00, 0x00, 0x00, 0x00, 0x00, 0x20, 0x18,
  0x82, 0x50, 0x03, 0x91, 0x85, 0xD1, 0xC6, 0xF1, 0xC5, 0xF1, 0xA5, 0xE1, 0xA5, 0xE1, 0xA5, 0xE9,
  0xA5, 0xE9, 0xA5, 0xE9, 0xA5, 0xE1, 0xA5, 0xE1, 0xC6, 0xF1, 0x85, 0xD1, 0x41, 0x30, 0x00, 0x00,
  0x00, 0x00, 0xA2, 0x58, 0xC5, 0xF1, 0xA5, 0xE1, 0xA5, 0xE1, 0xA5, 0xE1, 0xA5, 0xE1, 0xC5, 0xE9,
  0x41, 0x30, 0x00, 0x00, 0x00, 0x00, 0x00, 0x00, 0x00, 0x00, 0x00, 0x00, 0x00, 0x00, 0x00, 0x00,
  0x00, 0x00, 0x00, 0x00, 0x00, 0x00, 0x00, 0x00, 0x00, 0x00, 0x00, 0x00, 0x00, 0x00, 0x00, 0x00,
  0x20, 0x00, 0x00, 0x00, 0xEB, 0x5A, 0xFF, 0xFF, 0xDF, 0xFF, 0xFF, 0xFF, 0xFF, 0xFF, 0xFF, 0xFF,
  0xFF, 0xFF, 0xFF, 0xFF, 0xFF, 0xFF, 0xFF, 0xFF, 0xFF, 0xFF, 0xFF, 0xFF, 0xFF, 0xFF, 0xFF, 0xFF,
  0xFF, 0xFF, 0xFF, 0xFF, 0xFF, 0xFF, 0x96, 0xB5, 0x00, 0x00, 0x20, 0x00, 0x00, 0x00, 0x41, 0x08,
  0xFB, 0xDE, 0xFF, 0xFF, 0xDF, 0xFF, 0xFF, 0xFF, 0xFF, 0xFF, 0xFF, 0xFF, 0xFF, 0xFF, 0xFF, 0xFF,
  0xFF, 0xFF, 0xFF, 0xFF, 0xFF, 0xFF, 0xFF, 0xFF, 0xFF, 0xFF, 0xFF, 0xFF, 0xFF, 0xFF, 0xFF, 0xFF,
  0x9E, 0xF7, 0x61, 0x08, 0x00, 0x00, 0x00, 0x00, 0x00, 0x00, 0x00, 0x00, 0x18, 0xC6, 0xFF, 0xFF,
  0xFF, 0xFF, 0xFF, 0xFF, 0xFF, 0xFF, 0xFF, 0xFF, 0xFF, 0xFF, 0xFF, 0xFF, 0xFF, 0xFF, 0xFF, 0xFF,
  0xFF, 0xFF, 0xFF, 0xFF, 0xFF, 0xFF, 0xFF, 0xFF, 0xFF, 0xFF, 0xFF, 0xFF, 0xDF, 0xFF, 0xFF, 0xFF,
  0x38, 0xC6, 0x00, 0x00, 0x00, 0x00, 0x00, 0x00, 0x20, 0x00, 0xFB, 0xDE, 0xFF, 0xFF, 0xFF, 0xFF,
  0xFF, 0xFF, 0xFF, 0xFF, 0xFF, 0xFF, 0xFF, 0xFF, 0xFF, 0xFF, 0xFF, 0xFF, 0xFF, 0xFF, 0xFF, 0xFF,
  0xFF, 0xFF, 0xFF, 0xFF, 0xFF, 0xFF, 0xFF, 0xFF, 0xFF, 0xFF, 0xFF, 0xFF, 0x7D, 0xEF, 0x82, 0x10,
  0x00, 0x00, 0x00, 0x00, 0x00, 0x00, 0x41, 0x08, 0x1C, 0xE7, 0xFF, 0xFF, 0xFF, 0xFF, 0xFF, 0xFF,
  0xFF, 0xFF, 0xFF, 0xFF, 0xFF, 0xFF, 0xFF, 0xFF, 0xFF, 0xFF, 0xFF, 0xFF, 0xFF, 0xFF, 0xFF, 0xFF,
  0xFF, 0xFF, 0xFF, 0xFF, 0xFF, 0xFF, 0xFF, 0xFF, 0xFF, 0xFF, 0x24, 0x21, 0x00, 0x00, 0x20, 0x00,
  0x00, 0x00, 0x6D, 0x6B, 0xFF, 0xFF, 0xDF, 0xFF, 0xFF, 0xFF, 0xFF, 0xFF, 0xFF, 0xFF, 0xFF, 0xFF,
  0xFF, 0xFF, 0xFF, 0xFF, 0xFF, 0xFF, 0xFF, 0xFF, 0xFF, 0xFF, 0xFF, 0xFF, 0xFF, 0xFF, 0xFF, 0xFF,
  0xFF, 0xFF, 0xFF, 0xFF, 0x6D, 0x6B, 0x00, 0x00, 0x20, 0x00, 0x00, 0x00, 0x00, 0x00, 0x86, 0x31,
  0xFF, 0xFF, 0xDF, 0xFF, 0xFF, 0xFF, 0xFF, 0xFF, 0xFF, 0xFF, 0xFF, 0xFF, 0xFF, 0xFF, 0xFF, 0xFF,
  0xFF, 0xFF, 0xFF, 0xFF, 0xFF, 0xFF, 0xFF, 0xFF, 0xFF, 0xFF, 0xFF, 0xFF, 0xFF, 0xFF, 0xFF, 0xFF,
  0xB6, 0xB5, 0x00, 0x00, 0x00, 0x00, 0x00, 0x00, 0x00, 0x00, 0xC3, 0x18, 0xBE, 0xF7, 0xFF, 0xFF,
  0xDF, 0xFF, 0xFF, 0xFF, 0xEF, 0x7B, 0x00, 0x00, 0x20, 0x00, 0x00, 0x00, 0xE3, 0x18, 0xDF, 0xFF,
  0xFF, 0xFF, 0xFF, 0xFF, 0xFF, 0xFF, 0xFF, 0xFF, 0xFF, 0xFF, 0xFF, 0xFF, 0xFF, 0xFF, 0xFF, 0xFF,
  0xFF, 0xFF, 0xFF, 0xFF, 0xFF, 0xFF, 0xFF, 0xFF, 0xFF, 0xFF, 0xFF, 0xFF, 0xFF, 0xFF, 0xFF, 0xFF,
  0x00, 0x00, 0x41, 0x20, 0xC6, 0xF1, 0x44, 0xB9, 0x00, 0x00, 0x00, 0x00, 0x00, 0x00, 0x00, 0x00,
  0x00, 0x00, 0x00, 0x08, 0x40, 0x20, 0x40, 0x20, 0x20, 0x18, 0x00, 0x00, 0x00, 0x00, 0x00, 0x00,
  0x00, 0x00, 0x00, 0x00, 0x20, 0x10, 0xA2, 0x58, 0x44, 0xB9, 0xC6, 0xF1, 0xC5, 0xE9, 0xA5, 0xE1,
  0xA5, 0xE9, 0xA5, 0xE9, 0xA5, 0xE9, 0xA5, 0xE9, 0xA5, 0xE1, 0xC5, 0xF1, 0xA5, 0xE1, 0x61, 0x38,
  0x00, 0x00, 0x00, 0x00, 0xA2, 0x60, 0xC6, 0xF1, 0xA5, 0xE1, 0xA5, 0xE9, 0xA5, 0xE1, 0xC5, 0xF1,
  0x44, 0xA9, 0x00, 0x00, 0x00, 0x00, 0x00, 0x00, 0x00, 0x00, 0x00, 0x00, 0x00, 0x00, 0x00, 0x00,
  0x00, 0x00, 0x00, 0x00, 0x00, 0x00, 0x00, 0x00, 0x00, 0x00, 0x00, 0x00, 0x00, 0x00, 0x00, 0x00,
  0x00, 0x00, 0x00, 0x00, 0xB6, 0xB5, 0xFF, 0xFF, 0xFF, 0xFF, 0xFF, 0xFF, 0xFF, 0xFF, 0xFB, 0xDE,
  0xB6, 0xB5, 0xB6, 0xB5, 0xB6, 0xB5, 0xB6, 0xB5, 0xB6, 0xB5, 0xB6, 0xB5, 0xB6, 0xB5, 0xB6, 0xB5,
  0xB6, 0xB5, 0x96, 0xB5, 0xB6, 0xB5, 0xCF, 0x7B, 0x00, 0x00, 0x20, 0x00, 0x00, 0x00, 0xE7, 0x39,
  0xFF, 0xFF, 0xFF, 0xFF, 0xFF, 0xFF, 0xFF, 0xFF, 0xDF, 0xFF, 0xF7, 0xBD, 0xB6, 0xB5, 0xB6, 0xB5,
  0xB6, 0xB5, 0xB6, 0xB5, 0xB6, 0xB5, 0xB6, 0xB5, 0xB6, 0xB5, 0xB6, 0xB5, 0xB6, 0xB5, 0xB6, 0xB5,
  0x14, 0xA5, 0x41, 0x08, 0x00, 0x00, 0x00, 0x00, 0x00, 0x00, 0x00, 0x00, 0x18, 0xC6, 0xFF, 0xFF,
  0xDF, 0xFF, 0xFF, 0xFF, 0x7D, 0xEF, 0x75, 0xAD, 0x75, 0xAD, 0x75, 0xAD, 0x75, 0xAD, 0x75, 0xAD,
  0x75, 0xAD, 0x75, 0xAD, 0x75, 0xAD, 0xD7, 0xBD, 0xFF, 0xFF, 0xFF, 0xFF, 0xFF, 0xFF, 0xFF, 0xFF,
  0xFF, 0xFF, 0x04, 0x21, 0x00, 0x00, 0x00, 0x00, 0x20, 0x00, 0xFB, 0xDE, 0xFF, 0xFF, 0xFF, 0xFF,
  0xFF, 0xFF, 0x1C, 0xE7, 0x75, 0xAD, 0x75, 0xAD, 0x75, 0xAD, 0x75, 0xAD, 0x75, 0xAD, 0x75, 0xAD,
  0x75, 0xAD, 0x96, 0xB5, 0xBE, 0xF7, 0xFF, 0xFF, 0xFF, 0xFF, 0xFF, 0xFF, 0xFF, 0xFF, 0x8A, 0x52,
  0x00, 0x00, 0x20, 0x00, 0x00, 0x00, 0x08, 0x42, 0xFF, 0xFF, 0xFF, 0xFF, 0xFF, 0xFF, 0xFF, 0xFF,
  0xDF, 0xFF, 0xD7, 0xBD, 0xB6, 0xB5, 0xB6, 0xB5, 0xB6, 0xB5, 0xB6, 0xB5, 0xB6, 0xB5, 0xB6, 0xB5,
  0xB6, 0xB5, 0xB6, 0xB5, 0xB6, 0xB5, 0xB6, 0xB5, 0x96, 0xB5, 0xC3, 0x18, 0x00, 0x00, 0x00, 0x00,
  0x00, 0x00, 0x38, 0xC6, 0xFF, 0xFF, 0xFF, 0xFF, 0xFF, 0xFF, 0xFF, 0xFF, 0xBA, 0xD6, 0xB6, 0xB5,
  0xB6, 0xB5, 0xB6, 0xB5, 0xB6, 0xB5, 0xB6, 0xB5, 0xB6, 0xB5, 0xB6, 0xB5, 0xB6, 0xB5, 0xB6, 0xB5,
  0x96, 0xB5, 0xB6, 0xB5, 0x49, 0x4A, 0x00, 0x00, 0x00, 0x00, 0x20, 0x00, 0x00, 0x00, 0x10, 0x84,
  0xFF, 0xFF, 0xDF, 0xFF, 0xFF, 0xFF, 0xFF, 0xFF, 0x5D, 0xEF, 0xB6, 0xB5, 0xB6, 0xB5, 0xB6, 0xB5,
  0xB6, 0xB5, 0xB6, 0xB5, 0xB6, 0xB5, 0xB6, 0xB5, 0xB6, 0xB5, 0xB6, 0xB5, 0x96, 0xB5, 0xB6, 0xB5,
  0xCF, 0x7B, 0x00, 0x00, 0x00, 0x00, 0x00, 0x00, 0x00, 0x00, 0xC3, 0x18, 0xBE, 0xF7, 0xFF, 0xFF,
  0xDF, 0xFF, 0xFF, 0xFF, 0xEF, 0x7B, 0x00, 0x00, 0x41, 0x08, 0x00, 0x00, 0x4D, 0x6B, 0xFF, 0xFF,
  0xDF, 0xFF, 0xFF, 0xFF, 0xFF, 0xFF, 0x9E, 0xF7, 0xD7, 0xBD, 0xB6, 0xB5, 0xB6, 0xB5, 0xB6, 0xB5,
  0xB6, 0xB5, 0xB6, 0xB5, 0xB6, 0xB5, 0xB6, 0xB5, 0xB6, 0xB5, 0xB6, 0xB5, 0xB6, 0xB5, 0x96, 0xB5,
  0x00, 0x00, 0xE3, 0x78, 0xE6, 0xF9, 0x82, 0x50, 0x00, 0x00, 0x00, 0x00, 0x00, 0x00, 0x61, 0x30,
  0x23, 0x99, 0x85, 0xD1, 0xA5, 0xE1, 0xA5, 0xE1, 0x85, 0xD9, 0x64, 0xC9, 0x24, 0xA1, 0xC2, 0x68,
  0x41, 0x30, 0x00, 0x00, 0x00, 0x00, 0x00, 0x00, 0x00, 0x00, 0xA2, 0x50, 0x65, 0xC9, 0xC6, 0xF9,
  0xA5, 0xE1, 0xA5, 0xE1, 0xA5, 0xE9, 0xA5, 0xE9, 0xA5, 0xE9, 0xA5, 0xE1, 0xA5, 0xE9, 0xA5, 0xE9,
  0x61, 0x38, 0x00, 0x00, 0x00, 0x00, 0xE2, 0x78, 0xC6, 0xF9, 0xA5, 0xE1, 0xA5, 0xE9, 0xA5, 0xE1,
  0xC5, 0xF1, 0x61, 0x38, 0x00, 0x00, 0x00, 0x00, 0x00, 0x00, 0x00, 0x00, 0x00, 0x00, 0x00, 0x00,
  0x00, 0x00, 0x00, 0x00, 0x00, 0x00, 0x00, 0x00, 0x00, 0x00, 0x00, 0x00, 0x00, 0x00, 0x00, 0x00,
  0x00, 0x00, 0x00, 0x00, 0x9A, 0xD6, 0xFF, 0xFF, 0xDF, 0xFF, 0xFF, 0xFF, 0xFB, 0xDE, 0x61, 0x08,
  0x00, 0x00, 0x00, 0x00, 0x00, 0x00, 0x00, 0x00, 0x00, 0x00, 0x00, 0x00, 0x00, 0x00, 0x00, 0x00,
  0x00, 0x00, 0x00, 0x00, 0x00, 0x00, 0x00, 0x00, 0x00, 0x00, 0x20, 0x00, 0x00, 0x00, 0x0C, 0x63,
  0xFF, 0xFF, 0xDF, 0xFF, 0xFF, 0xFF, 0xFF, 0xFF, 0x6D, 0x6B, 0x00, 0x00, 0x00, 0x00, 0x00, 0x00,
  0x00, 0x00, 0x00, 0x00, 0x00, 0x00, 0x00, 0x00, 0x00, 0x00, 0x00, 0x00, 0x00, 0x00, 0x00, 0x00,
  0x00, 0x00, 0x00, 0x00, 0x00, 0x00, 0x00, 0x00, 0x00, 0x00, 0x00, 0x00, 0x18, 0xC6, 0xFF, 0xFF,
  0xDF, 0xFF, 0xFF, 0xFF, 0x38, 0xC6, 0x00, 0x00, 0x00, 0x00, 0x00, 0x00, 0x00, 0x00, 0x00, 0x00,
  0x00, 0x00, 0x00, 0x00, 0x00, 0x00, 0x00, 0x00, 0x51, 0x8C, 0xFF, 0xFF, 0xDF, 0xFF, 0xFF, 0xFF,
  0xFF, 0xFF, 0x08, 0x42, 0x00, 0x00, 0x00, 0x00, 0x20, 0x00, 0xFB, 0xDE, 0xFF, 0xFF, 0xDF, 0xFF,
  0xFF, 0xFF, 0xF3, 0x9C, 0x00, 0x00, 0x00, 0x00, 0x00, 0x00, 0x00, 0x00, 0x00, 0x00, 0x00, 0x00,
  0x00, 0x00, 0x00, 0x00, 0xAA, 0x52, 0xFF, 0xFF, 0xFF, 0xFF, 0xDF, 0xFF, 0xFF, 0xFF, 0xAE, 0x73,
  0x00, 0x00, 0x41, 0x08, 0x00, 0x00, 0x2C, 0x63, 0xFF, 0xFF, 0xDF, 0xFF, 0xFF, 0xFF, 0xFF, 0xFF,
  0x4D, 0x6B, 0x00, 0x00, 0x00, 0x00, 0x00, 0x00, 0x00, 0x00, 0x00, 0x00, 0x00, 0x00, 0x00, 0x00,
  0x00, 0x00, 0x00, 0x00, 0x00, 0x00, 0x00, 0x00, 0x00, 0x00, 0x00, 0x00, 0x00, 0x00, 0x00, 0x00,
  0x20, 0x00, 0x1C, 0xE7, 0xFF, 0xFF, 0xDF, 0xFF, 0xFF, 0xFF, 0x9A, 0xD6, 0x41, 0x08, 0x00, 0x00,
  0x00, 0x00, 0x00, 0x00, 0x00, 0x00, 0x00, 0x00, 0x00, 0x00, 0x00, 0x00, 0x00, 0x00, 0x00, 0x00,
  0x00, 0x00, 0x00, 0x00, 0x00, 0x00, 0x00, 0x00, 0x00, 0x00, 0x20, 0x00, 0x00, 0x00, 0x34, 0xA5,
  0xFF, 0xFF, 0xDF, 0xFF, 0xFF, 0xFF, 0xBE, 0xF7, 0x65, 0x29, 0x00, 0x00, 0x00, 0x00, 0x00, 0x00,
  0x00, 0x00, 0x00, 0x00, 0x00, 0x00, 0x00, 0x00, 0x00, 0x00, 0x00, 0x00, 0x00, 0x00, 0x00, 0x00,
  0x00, 0x00, 0x00, 0x00, 0x00, 0x00, 0x00, 0x00, 0x00, 0x00, 0xC3, 0x18, 0xBE, 0xF7, 0xFF, 0xFF,
  0xDF, 0xFF, 0xFF, 0xFF, 0xEF, 0x7B, 0x00, 0x00, 0x41, 0x08, 0x00, 0x00, 0x71, 0x8C, 0xFF, 0xFF,
  0xDF, 0xFF, 0xFF, 0xFF, 0xFF, 0xFF, 0x28, 0x42, 0x00, 0x00, 0x00, 0x00, 0x00, 0x00, 0x00, 0x00,
  0x00, 0x00, 0x00, 0x00, 0x00, 0x00, 0x00, 0x00, 0x00, 0x00, 0x00, 0x00, 0x00, 0x00, 0x00, 0x00,
  0x00, 0x00, 0x64, 0xC9, 0x85, 0xD9, 0x00, 0x08, 0x00, 0x00, 0x00, 0x00, 0xE3, 0x78, 0xC5, 0xF1,
  0xC6, 0xF1, 0xA5, 0xE9, 0xA5, 0xE9, 0xA5, 0xE9, 0xA5, 0xE9, 0xC5, 0xE9, 0xC6, 0xF1, 0xC6, 0xF9,
  0xA5, 0xE9, 0x64, 0xB9, 0xC2, 0x60, 0x20, 0x10, 0x00, 0x00, 0x00, 0x00, 0x00, 0x08, 0xE3, 0x80,
  0xC5, 0xF1, 0xA5, 0xE9, 0xA5, 0xE1, 0xA5, 0xE9, 0xA5, 0xE9, 0xA5, 0xE9, 0xA5, 0xE1, 0xA5, 0xE9,
  0xA5, 0xE1, 0x41, 0x30, 0x00, 0x00, 0x00, 0x00, 0x23, 0xA1, 0xC6, 0xF1, 0xA5, 0xE1, 0xA5, 0xE1,
  0xC6, 0xF1, 0x23, 0x99, 0x00, 0x00, 0x00, 0x00, 0x00, 0x00, 0x00, 0x00, 0x00, 0x00, 0x00, 0x00,
  0x00, 0x00, 0x00, 0x00, 0x00, 0x00, 0x00, 0x00, 0x00, 0x00, 0x00, 0x00, 0x00, 0x00, 0x00, 0x00,
  0x00, 0x00, 0x00, 0x00, 0xBA, 0xD6, 0xFF, 0xFF, 0xDF, 0xFF, 0xFF, 0xFF, 0x96, 0xB5, 0x00, 0x00,
  0x20, 0x00, 0x00, 0x00, 0x00, 0x00, 0x00, 0x00, 0x00, 0x00, 0x00, 0x00, 0x00, 0x00, 0x00, 0x00,
  0x00, 0x00, 0x00, 0x00, 0x00, 0x00, 0x00, 0x00, 0x00, 0x00, 0x20, 0x00, 0x00, 0x00, 0x0C, 0x63,
  0xFF, 0xFF, 0xDF, 0xFF, 0xFF, 0xFF, 0xFF, 0xFF, 0x65, 0x29, 0x00, 0x00, 0x20, 0x00, 0x00, 0x00,
  0x00, 0x00, 0x00, 0x00, 0x00, 0x00, 0x00, 0x00, 0x00, 0x00, 0x00, 0x00, 0x00, 0x00, 0x00, 0x00,
  0x00, 0x00, 0x00, 0x00, 0x00, 0x00, 0x00, 0x00, 0x00, 0x00, 0x00, 0x00, 0x18, 0xC6, 0xFF, 0xFF,
  0xDF, 0xFF, 0xFF, 0xFF, 0x59, 0xCE, 0x00, 0x00, 0x20, 0x00, 0x00, 0x00, 0x00, 0x00, 0x00, 0x00,
  0x00, 0x00, 0x00, 0x00, 0x20, 0x00, 0x00, 0x00, 0x49, 0x4A, 0xFF, 0xFF, 0xFF, 0xFF, 0xFF, 0xFF,
  0xFF, 0xFF, 0x08, 0x42, 0x00, 0x00, 0x00, 0x00, 0x20, 0x00, 0xFB, 0xDE, 0xFF, 0xFF, 0xDF, 0xFF,
  0xFF, 0xFF, 0x34, 0xA5, 0x00, 0x00, 0x20, 0x00, 0x00, 0x00, 0x00, 0x00, 0x00, 0x00, 0x00, 0x00,
  0x20, 0x00, 0x00, 0x00, 0xC3, 0x18, 0xDF, 0xFF, 0xFF, 0xFF, 0xDF, 0xFF, 0xFF, 0xFF, 0xAE, 0x73,
  0x00, 0x00, 0x41, 0x08, 0x00, 0x00, 0x4D, 0x6B, 0xFF, 0xFF, 0xDF, 0xFF, 0xFF, 0xFF, 0xFF, 0xFF,
  0x24, 0x21, 0x00, 0x00, 0x20, 0x00, 0x00, 0x00, 0x00, 0x00, 0x00, 0x00, 0x00, 0x00, 0x00, 0x00,
  0x00, 0x00, 0x00, 0x00, 0x00, 0x00, 0x00, 0x00, 0x00, 0x00, 0x00, 0x00, 0x00, 0x00, 0x00, 0x00,
  0x41, 0x08, 0x1C, 0xE7, 0xFF, 0xFF, 0xDF, 0xFF, 0xFF, 0xFF, 0xF3, 0x9C, 0x00, 0x00, 0x20, 0x00,
  0x00, 0x00, 0x00, 0x00, 0x00, 0x00, 0x00, 0x00, 0x00, 0x00, 0x00, 0x00, 0x00, 0x00, 0x00, 0x00,
  0x00, 0x00, 0x00, 0x00, 0x00, 0x00, 0x00, 0x00, 0x00, 0x00, 0x00, 0x00, 0x00, 0x00, 0x55, 0xAD,
  0xFF, 0xFF, 0xDF, 0xFF, 0xFF, 0xFF, 0xFB, 0xDE, 0x00, 0x00, 0x00, 0x00, 0x20, 0x00, 0x00, 0x00,
  0x00, 0x00, 0x00, 0x00, 0x00, 0x00, 0x00, 0x00, 0x00, 0x00, 0x00, 0x00, 0x00, 0x00, 0x00, 0x00,
  0x00, 0x00, 0x00, 0x00, 0x00, 0x00, 0x00, 0x00, 0x00, 0x00, 0xC3, 0x18, 0xBE, 0xF7, 0xFF, 0xFF,
  0xDF, 0xFF, 0xFF, 0xFF, 0xEF, 0x7B, 0x00, 0x00, 0x41, 0x08, 0x00, 0x00, 0x92, 0x94, 0xFF, 0xFF,
  0xDF, 0xFF, 0xFF, 0xFF, 0x7D, 0xEF, 0x61, 0x08, 0x00, 0x00, 0x20, 0x00, 0x00, 0x00, 0x00, 0x00,
  0x00, 0x00, 0x00, 0x00, 0x00, 0x00, 0x00, 0x00, 0x00, 0x00, 0x00, 0x00, 0x00, 0x00, 0x00, 0x00,
  0x61, 0x30, 0xC6, 0xF9, 0x23, 0x99, 0x00, 0x00, 0x00, 0x00, 0xE3, 0x80, 0xC6, 0xF9, 0xA5, 0xE1,
  0xA5, 0xE1, 0xA5, 0xE1, 0xA5, 0xE1, 0xA5, 0xE1, 0xA5, 0xE1, 0xA5, 0xE1, 0xA5, 0xE1, 0xA5, 0xE1,
  0xA5, 0xE1, 0xC5, 0xF1, 0xC6, 0xF9, 0x85, 0xD1, 0xC2, 0x68, 0x00, 0x08, 0x00, 0x00, 0x00, 0x00,
  0x81, 0x40, 0x85, 0xD9, 0xC5, 0xF1, 0xA5, 0xE1, 0xA5, 0xE9, 0xA5, 0xE9, 0xA5, 0xE9, 0xA5, 0xE1,
  0xC5, 0xF1, 0x85, 0xD1, 0x20, 0x18, 0x00, 0x00, 0x20, 0x08, 0x85, 0xC9, 0xC5, 0xE9, 0xA5, 0xE1,
  0xA5, 0xE9, 0x85, 0xD9, 0x20, 0x10, 0x00, 0x00, 0x00, 0x00, 0x00, 0x00, 0x00, 0x00, 0x00, 0x00,
  0x00, 0x00, 0x00, 0x00, 0x00, 0x00, 0x00, 0x00, 0x00, 0x00, 0x00, 0x00, 0x00, 0x00, 0x00, 0x00,
  0x00, 0x00, 0x00, 0x00, 0xBA, 0xD6, 0xFF, 0xFF, 0xDF, 0xFF, 0xFF, 0xFF, 0x96, 0xB5, 0x00, 0x00,
  0x00, 0x00, 0x00, 0x00, 0x00, 0x00, 0x00, 0x00, 0x00, 0x00, 0x00, 0x00, 0x00, 0x00, 0x00, 0x00,
  0x00, 0x00, 0x00, 0x00, 0x00, 0x00, 0x00, 0x00, 0x00, 0x00, 0x20, 0x00, 0x00, 0x00, 0x0C, 0x63,
  0xFF, 0xFF, 0xDF, 0xFF, 0xFF, 0xFF, 0xFF, 0xFF, 0x86, 0x31, 0x00, 0x00, 0x00, 0x00, 0x00, 0x00,
  0x00, 0x00, 0x00, 0x00, 0x00, 0x00, 0x00, 0x00, 0x00, 0x00, 0x00, 0x00, 0x00, 0x00, 0x00, 0x00,
  0x00, 0x00, 0x00, 0x00, 0x00, 0x00, 0x00, 0x00, 0x00, 0x00, 0x00, 0x00, 0x18, 0xC6, 0xFF, 0xFF,
  0xDF, 0xFF, 0xFF, 0xFF, 0x59, 0xCE, 0x00, 0x00, 0x00, 0x00, 0x00, 0x00, 0x00, 0x00, 0x00, 0x00,
  0x00, 0x00, 0x00, 0x00, 0x00, 0x00, 0x00, 0x00, 0x69, 0x4A, 0xFF, 0xFF, 0xFF, 0xFF, 0xFF, 0xFF,
  0xFF, 0xFF, 0x08, 0x42, 0x00, 0x00, 0x00, 0x00, 0x20, 0x00, 0xFB, 0xDE, 0xFF, 0xFF, 0xDF, 0xFF,
  0xFF, 0xFF, 0x34, 0xA5, 0x00, 0x00, 0x20, 0x00, 0x00, 0x00, 0x00, 0x00, 0x00, 0x00, 0x00, 0x00,
  0x00, 0x00, 0x00, 0x00, 0x04, 0x21, 0xDF, 0xFF, 0xFF, 0xFF, 0xDF, 0xFF, 0xFF, 0xFF, 0xAE, 0x73,
  0x00, 0x00, 0x41, 0x08, 0x00, 0x00, 0x4D, 0x6B, 0xFF, 0xFF, 0xDF, 0xFF, 0xFF, 0xFF, 0xFF, 0xFF,
  0x65, 0x29, 0x00, 0x00, 0x00, 0x00, 0x00, 0x00, 0x00, 0x00, 0x00, 0x00, 0x00, 0x00, 0x00, 0x00,
  0x00, 0x00, 0x00, 0x00, 0x00, 0x00, 0x00, 0x00, 0x00, 0x00, 0x00, 0x00, 0x00, 0x00, 0x00, 0x00,
  0x41, 0x08, 0x1C, 0xE7, 0xFF, 0xFF, 0xDF, 0xFF, 0xFF, 0xFF, 0xF3, 0x9C, 0x00, 0x00, 0x20, 0x00,
  0x00, 0x00, 0x00, 0x00, 0x00, 0x00, 0x00, 0x00, 0x00, 0x00, 0x00, 0x00, 0x00, 0x00, 0x00, 0x00,
  0x00, 0x00, 0x00, 0x00, 0x00, 0x00, 0x00, 0x00, 0x00, 0x00, 0x00, 0x00, 0x00, 0x00, 0x55, 0xAD,
  0xFF, 0xFF, 0xDF, 0xFF, 0xFF, 0xFF, 0xFB, 0xDE, 0x20, 0x00, 0x00, 0x00, 0x00, 0x00, 0x00, 0x00,
  0x00, 0x00, 0x00, 0x00, 0x00, 0x00, 0x00, 0x00, 0x00, 0x00, 0x00, 0x00, 0x00, 0x00, 0x00, 0x00,
  0x00, 0x00, 0x00, 0x00, 0x00, 0x00, 0x00, 0x00, 0x00, 0x00, 0xC3, 0x18, 0xBE, 0xF7, 0xFF, 0xFF,
  0xDF, 0xFF, 0xFF, 0xFF, 0xEF, 0x7B, 0x00, 0x00, 0x41, 0x08, 0x00, 0x00, 0x92, 0x94, 0xFF, 0xFF,
  0xDF, 0xFF, 0xFF, 0xFF, 0x7D, 0xEF, 0x82, 0x10, 0x00, 0x00, 0x00, 0x00, 0x00, 0x00, 0x00, 0x00,
  0x00, 0x00, 0x00, 0x00, 0x00, 0x00, 0x00, 0x00, 0x00, 0x00, 0x00, 0x00, 0x00, 0x00, 0x00, 0x00,
  0xC2, 0x68, 0xE6, 0xF9, 0xA2, 0x58, 0x00, 0x00, 0x81, 0x48, 0xC6, 0xF9, 0xA5, 0xE1, 0xA5, 0xE1,
  0xA5, 0xE9, 0xA5, 0xE9, 0xA5, 0xE9, 0xA5, 0xE9, 0xA5, 0xE9, 0xA5, 0xE9, 0xA5, 0xE9, 0xA5, 0xE9,
  0xA5, 0xE9, 0xA5, 0xE1, 0xA5, 0xE1, 0xA5, 0xE9, 0xC6, 0xF9, 0x64, 0xC1, 0x61, 0x38, 0x00, 0x00,
  0x00, 0x00, 0x20, 0x18, 0x64, 0xC1, 0xC5, 0xF1, 0xA5, 0xE1, 0xA5, 0xE9, 0xA5, 0xE9, 0xA5, 0xE9,
  0xA5, 0xE1, 0xC6, 0xF1, 0x44, 0xB1, 0x00, 0x00, 0x00, 0x00, 0x61, 0x38, 0xC5, 0xF1, 0xA5, 0xE1,
  0xA5, 0xE1, 0xC6, 0xF1, 0x82, 0x50, 0x00, 0x00, 0x00, 0x00, 0x00, 0x00, 0x00, 0x00, 0x00, 0x00,
  0x00, 0x00, 0x00, 0x00, 0x00, 0x00, 0x00, 0x00, 0x00, 0x00, 0x00, 0x00, 0x00, 0x00, 0x00, 0x00,
  0x00, 0x00, 0x00, 0x00, 0xBA, 0xD6, 0xFF, 0xFF, 0xDF, 0xFF, 0xFF, 0xFF, 0x96, 0xB5, 0x00, 0x00,
  0x00, 0x00, 0x00, 0x00, 0x00, 0x00, 0x00, 0x00, 0x00, 0x00, 0x00, 0x00, 0x00, 0x00, 0x00, 0x00,
  0x00, 0x00, 0x00, 0x00, 0x00, 0x00, 0x00, 0x00, 0x00, 0x00, 0x20, 0x00, 0x00, 0x00, 0x0C, 0x63,
  0xFF, 0xFF, 0xDF, 0xFF, 0xFF, 0xFF, 0xFF, 0xFF, 0x86, 0x31, 0x00, 0x00, 0x00, 0x00, 0x00, 0x00,
  0x00, 0x00, 0x00, 0x00, 0x00, 0x00, 0x00, 0x00, 0x00, 0x00, 0x00, 0x00, 0x00, 0x00, 0x00, 0x00,
  0x00, 0x00, 0x00, 0x00, 0x00, 0x00, 0x00, 0x00, 0x00, 0x00, 0x00, 0x00, 0x18, 0xC6, 0xFF, 0xFF,
  0xDF, 0xFF, 0xFF, 0xFF, 0x59, 0xCE, 0x00, 0x00, 0x00, 0x00, 0x00, 0x00, 0x00, 0x00, 0x00, 0x00,
  0x00, 0x00, 0x00, 0x00, 0x00, 0x00, 0x00, 0x00, 0x69, 0x4A, 0xFF, 0xFF, 0xFF, 0xFF, 0xFF, 0xFF,
  0xFF, 0xFF, 0x08, 0x42, 0x00, 0x00, 0x00, 0x00, 0x20, 0x00, 0xFB, 0xDE, 0xFF, 0xFF, 0xDF, 0xFF,
  0xFF, 0xFF, 0x34, 0xA5, 0x00, 0x00, 0x20, 0x00, 0x00, 0x00, 0x00, 0x00, 0x00, 0x00, 0x00, 0x00,
  0x00, 0x00, 0x00, 0x00, 0x04, 0x21, 0xDF, 0xFF, 0xFF, 0xFF, 0xDF, 0xFF, 0xFF, 0xFF, 0xAE, 0x73,
  0x00, 0x00, 0x41, 0x08, 0x00, 0x00, 0x4D, 0x6B, 0xFF, 0xFF, 0xDF, 0xFF, 0xFF, 0xFF, 0xFF, 0xFF,
  0x65, 0x29, 0x00, 0x00, 0x00, 0x00, 0x00, 0x00, 0x00, 0x00, 0x00, 0x00, 0x00, 0x00, 0x00, 0x00,
  0x00, 0x00, 0x00, 0x00, 0x00, 0x00, 0x00, 0x00, 0x00, 0x00, 0x00, 0x00, 0x00, 0x00, 0x00, 0x00,
  0x41, 0x08, 0x1C, 0xE7, 0xFF, 0xFF, 0xDF, 0xFF, 0xFF, 0xFF, 0xF3, 0x9C, 0x00, 0x00, 0x20, 0x00,
  0x00, 0x00, 0x00, 0x00, 0x00, 0x00, 0x00, 0x00, 0x00, 0x00, 0x00, 0x00, 0x00, 0x00, 0x00, 0x00,
  0x00, 0x00, 0x00, 0x00, 0x00, 0x00, 0x00, 0x00, 0x00, 0x00, 0x00, 0x00, 0x00, 0x00, 0x55, 0xAD,
  0xFF, 0xFF, 0xDF, 0xFF, 0xFF, 0xFF, 0xFB, 0xDE, 0x20, 0x00, 0x00, 0x00, 0x00, 0x00, 0x00, 0x00,
  0x00, 0x00, 0x00, 0x00, 0x00, 0x00, 0x00, 0x00, 0x00, 0x00, 0x00, 0x00, 0x00, 0x00, 0x00, 0x00,
  0x00, 0x00, 0x00, 0x00, 0x00, 0x00, 0x00, 0x00, 0x00, 0x00, 0xC3, 0x18, 0xBE, 0xF7, 0xFF, 0xFF,
  0xDF, 0xFF, 0xFF, 0xFF, 0xEF, 0x7B, 0x00, 0x00, 0x41, 0x08, 0x00, 0x00, 0x92, 0x94, 0xFF, 0xFF,
  0xDF, 0xFF, 0xFF, 0xFF, 0x7D, 0xEF, 0x82, 0x10, 0x00, 0x00, 0x00, 0x00, 0x00, 0x00, 0x00, 0x00,
  0x00, 0x00, 0x00, 0x00, 0x00, 0x00, 0x00, 0x00, 0x00, 0x00, 0x00, 0x00, 0x00, 0x00, 0x00, 0x00,
  0x23, 0x99, 0xC6, 0xF1, 0x41, 0x28, 0x00, 0x00, 0x64, 0xC1, 0xC5, 0xF1, 0xA5, 0xE1, 0xA5, 0xE9,
  0xA5, 0xE9, 0xA5, 0xE9, 0xA5, 0xE1, 0xA5, 0xE1, 0xA5, 0xE1, 0xA5, 0xE1, 0xA5, 0xE1, 0xA5, 0xE9,
  0xA5, 0xE9, 0xA5, 0xE9, 0xA5, 0xE9, 0xA5, 0xE1, 0xA5, 0xE1, 0xC5, 0xF1, 0xC5, 0xE9, 0xC2, 0x70,
  0x00, 0x00, 0x00, 0x00, 0x20, 0x10, 0x44, 0xB9, 0xC6, 0xF1, 0xA5, 0xE1, 0xA5, 0xE9, 0xA5, 0xE9,
  0xA5, 0xE9, 0xA5, 0xE1, 0xC6, 0xF9, 0xE2, 0x70, 0x00, 0x00, 0x00, 0x00, 0xE3, 0x88, 0xC6, 0xF9,
  0x85, 0xE1, 0xC6, 0xF1, 0x03, 0x89, 0x00, 0x00, 0x00, 0x00, 0x00, 0x00, 0x00, 0x00, 0x00, 0x00,
  0x00, 0x00, 0x00, 0x00, 0x00, 0x00, 0x00, 0x00, 0x00, 0x00, 0x00, 0x00, 0x00, 0x00, 0x00, 0x00,
  0x00, 0x00, 0x00, 0x00, 0xBA, 0xD6, 0xFF, 0xFF, 0xDF, 0xFF, 0xFF, 0xFF, 0x96, 0xB5, 0x00, 0x00,
  0x00, 0x00, 0x00, 0x00, 0x00, 0x00, 0x00, 0x00, 0x00, 0x00, 0x00, 0x00, 0x00, 0x00, 0x00, 0x00,
  0x00, 0x00, 0x00, 0x00, 0x00, 0x00, 0x00, 0x00, 0x00, 0x00, 0x20, 0x00, 0x00, 0x00, 0x0C, 0x63,
  0xFF, 0xFF, 0xDF, 0xFF, 0xFF, 0xFF, 0xFF, 0xFF, 0x86, 0x31, 0x00, 0x00, 0x00, 0x00, 0x00, 0x00,
  0x00, 0x00, 0x00, 0x00, 0x00, 0x00, 0x00, 0x00, 0x00, 0x00, 0x00, 0x00, 0x00, 0x00, 0x00, 0x00,
  0x00, 0x00, 0x00, 0x00, 0x00, 0x00, 0x00, 0x00, 0x00, 0x00, 0x00, 0x00, 0x18, 0xC6, 0xFF, 0xFF,
  0xDF, 0xFF, 0xFF, 0xFF, 0x59, 0xCE, 0x00, 0x00, 0x00, 0x00, 0x00, 0x00, 0x00, 0x00, 0x00, 0x00,
  0x00, 0x00, 0x00, 0x00, 0x00, 0x00, 0x00, 0x00, 0x69, 0x4A, 0xFF, 0xFF, 0xFF, 0xFF, 0xFF, 0xFF,
  0xFF, 0xFF, 0x08, 0x42, 0x00, 0x00, 0x00, 0x00, 0x20, 0x00, 0xFB, 0xDE, 0xFF, 0xFF, 0xDF, 0xFF,
  0xFF, 0xFF, 0x34, 0xA5, 0x00, 0x00, 0x20, 0x00, 0x00, 0x00, 0x00, 0x00, 0x00, 0x00, 0x00, 0x00,
  0x00, 0x00, 0x00, 0x00, 0x04, 0x21, 0xDF, 0xFF, 0xFF, 0xFF, 0xDF, 0xFF, 0xFF, 0xFF, 0xAE, 0x73,
  0x00, 0x00, 0x41, 0x08, 0x00, 0x00, 0x4D, 0x6B, 0xFF, 0xFF, 0xDF, 0xFF, 0xFF, 0xFF, 0xFF, 0xFF,
  0x65, 0x29, 0x00, 0x00, 0x00, 0x00, 0x00, 0x00, 0x00, 0x00, 0x00, 0x00, 0x00, 0x00, 0x00, 0x00,
  0x00, 0x00, 0x00, 0x00, 0x00, 0x00, 0x00, 0x00, 0x00, 0x00, 0x00, 0x00, 0x00, 0x00, 0x00, 0x00,
  0x41, 0x08, 0x1C, 0xE7, 0xFF, 0xFF, 0xDF, 0xFF, 0xFF, 0xFF, 0xF3, 0x9C, 0x00, 0x00, 0x20, 0x00,
  0x00, 0x00, 0x00, 0x00, 0x00, 0x00, 0x00, 0x00, 0x00, 0x00, 0x00, 0x00, 0x00, 0x00, 0x00, 0x00,
  0x00, 0x00, 0x00, 0x00, 0x00, 0x00, 0x00, 0x00, 0x00, 0x00, 0x00, 0x00, 0x00, 0x00, 0x55, 0xAD,
  0xFF, 0xFF, 0xDF, 0xFF, 0xFF, 0xFF, 0xFB, 0xDE, 0x20, 0x00, 0x00, 0x00, 0x00, 0x00, 0x00, 0x00,
  0x00, 0x00, 0x00, 0x00, 0x00, 0x00, 0x00, 0x00, 0x00, 0x00, 0x00, 0x00, 0x00, 0x00, 0x00, 0x00,
  0x00, 0x00, 0x00, 0x00, 0x00, 0x00, 0x00, 0x00, 0x00, 0x00, 0xC3, 0x18, 0xBE, 0xF7, 0xFF, 0xFF,
  0xDF, 0xFF, 0xFF, 0xFF, 0xEF, 0x7B, 0x00, 0x00, 0x41, 0x08, 0x00, 0x00, 0x92, 0x94, 0xFF, 0xFF,
  0xDF, 0xFF, 0xFF, 0xFF, 0x7D, 0xEF, 0x82, 0x10, 0x00, 0x00, 0x00, 0x00, 0x00, 0x00, 0x00, 0x00,
  0x00, 0x00, 0x00, 0x00, 0x00, 0x00, 0x00, 0x00, 0x00, 0x00, 0x00, 0x00, 0x00, 0x00, 0x00, 0x00,
  0x64, 0xC1, 0xA5, 0xE1, 0x00, 0x00, 0x41, 0x28, 0xC5, 0xE9, 0xA5, 0xE1, 0xA5, 0xE9, 0xA5, 0xE9,
  0xA5, 0xE9, 0xA5, 0xE9, 0xC5, 0xF1, 0xC5, 0xF1, 0xC6, 0xF9, 0xC6, 0xF1, 0xA5, 0xE9, 0xA5, 0xE1,
  0xA5, 0xE1, 0xA5, 0xE9, 0xA5, 0xE9, 0xA5, 0xE9, 0xA5, 0xE9, 0xA5, 0xE1, 0xA5, 0xE1, 0xC6, 0xF9,
  0x03, 0x91, 0x00, 0x00, 0x00, 0x00, 0x20, 0x08, 0x64, 0xC1, 0xC5, 0xF1, 0xA5, 0xE1, 0xA5, 0xE9,
  0xA5, 0xE9, 0xA5, 0xE1, 0xA5, 0xE1, 0xA5, 0xE9, 0x41, 0x30, 0x00, 0x00, 0x20, 0x10, 0x85, 0xD9,
  0xA5, 0xE9, 0xC5, 0xF1, 0x44, 0xB1, 0x00, 0x00, 0x00, 0x00, 0x00, 0x00, 0x00, 0x00, 0x00, 0x00,
  0x00, 0x00, 0x00, 0x00, 0x00, 0x00, 0x00, 0x00, 0x00, 0x00, 0x00, 0x00, 0x00, 0x00, 0x00, 0x00,
  0x00, 0x00, 0x00, 0x00, 0xBA, 0xD6, 0xFF, 0xFF, 0xDF, 0xFF, 0xFF, 0xFF, 0x96, 0xB5, 0x20, 0x00,
  0x20, 0x00, 0x20, 0x00, 0x20, 0x00, 0x20, 0x00, 0x20, 0x00, 0x20, 0x00, 0x20, 0x00, 0x20, 0x00,
  0x20, 0x00, 0x00, 0x00, 0x00, 0x00, 0x00, 0x00, 0x00, 0x00, 0x20, 0x00, 0x00, 0x00, 0x0C, 0x63,
  0xFF, 0xFF, 0xDF, 0xFF, 0xFF, 0xFF, 0xFF, 0xFF, 0x65, 0x29, 0x20, 0x00, 0x20, 0x00, 0x20, 0x00,
  0x20, 0x00, 0x20, 0x00, 0x20, 0x00, 0x20, 0x00, 0x20, 0x00, 0x00, 0x00, 0x00, 0x00, 0x00, 0x00,
  0x00, 0x00, 0x00, 0x00, 0x00, 0x00, 0x00, 0x00, 0x00, 0x00, 0x00, 0x00, 0x18, 0xC6, 0xFF, 0xFF,
  0xDF, 0xFF, 0xFF, 0xFF, 0x59, 0xCE, 0x00, 0x00, 0x00, 0x00, 0x00, 0x00, 0x00, 0x00, 0x00, 0x00,
  0x00, 0x00, 0x00, 0x00, 0x00, 0x00, 0x00, 0x00, 0x69, 0x4A, 0xFF, 0xFF, 0xFF, 0xFF, 0xFF, 0xFF,
  0xFF, 0xFF, 0x08, 0x42, 0x00, 0x00, 0x00, 0x00, 0x20, 0x00, 0xFB, 0xDE, 0xFF, 0xFF, 0xDF, 0xFF,
  0xFF, 0xFF, 0x34, 0xA5, 0x00, 0x00, 0x20, 0x00, 0x00, 0x00, 0x00, 0x00, 0x00, 0x00, 0x00, 0x00,
  0x00, 0x00, 0x00, 0x00, 0x04, 0x21, 0xDF, 0xFF, 0xFF, 0xFF, 0xDF, 0xFF, 0xFF, 0xFF, 0xAE, 0x73,
  0x00, 0x00, 0x41, 0x08, 0x00, 0x00, 0x4D, 0x6B, 0xFF, 0xFF, 0xDF, 0xFF, 0xFF, 0xFF, 0xFF, 0xFF,
  0x65, 0x29, 0x20, 0x00, 0x20, 0x00, 0x20, 0x00, 0x20, 0x00, 0x20, 0x00, 0x20, 0x00, 0x20, 0x00,
  0x20, 0x00, 0x20, 0x00, 0x20, 0x00, 0x00, 0x00, 0x00, 0x00, 0x00, 0x00, 0x00, 0x00, 0x00, 0x00,
  0x41, 0x08, 0x1C, 0xE7, 0xFF, 0xFF, 0xDF, 0xFF, 0xFF, 0xFF, 0xD3, 0x9C, 0x00, 0x00, 0x41, 0x08,
  0x20, 0x00, 0x20, 0x00, 0x20, 0x00, 0x20, 0x00, 0x20, 0x00, 0x20, 0x00, 0x20, 0x00, 0x00, 0x00,
  0x00, 0x00, 0x00, 0x00, 0x00, 0x00, 0x00, 0x00, 0x00, 0x00, 0x00, 0x00, 0x00, 0x00, 0x55, 0xAD,
  0xFF, 0xFF, 0xDF, 0xFF, 0xFF, 0xFF, 0xDB, 0xDE, 0x20, 0x00, 0x20, 0x00, 0x20, 0x00, 0x20, 0x00,
  0x20, 0x00, 0x20, 0x00, 0x20, 0x00, 0x20, 0x00, 0x20, 0x00, 0x00, 0x00, 0x00, 0x00, 0x00, 0x00,
  0x00, 0x00, 0x00, 0x00, 0x00, 0x00, 0x00, 0x00, 0x00, 0x00, 0xC3, 0x18, 0xBE, 0xF7, 0xFF, 0xFF,
  0xDF, 0xFF, 0xFF, 0xFF, 0xEF, 0x7B, 0x00, 0x00, 0x41, 0x08, 0x00, 0x00, 0x92, 0x94, 0xFF, 0xFF,
  0xDF, 0xFF, 0xFF, 0xFF, 0x7D, 0xEF, 0xA2, 0x10, 0x20, 0x00, 0x20, 0x00, 0x20, 0x00, 0x20, 0x00,
  0x20, 0x00, 0x20, 0x00, 0x20, 0x00, 0x20, 0x00, 0x20, 0x00, 0x20, 0x00, 0x00, 0x00, 0x00, 0x00,
  0xA5, 0xE1, 0x85, 0xC9, 0x00, 0x00, 0xA2, 0x58, 0xC6, 0xF1, 0xA5, 0xE1, 0xA5, 0xE9, 0xA5, 0xE9,
  0xA5, 0xE1, 0xA5, 0xE9, 0xC2, 0x70, 0x81, 0x48, 0xC2, 0x68, 0x23, 0x99, 0x84, 0xD1, 0xC5, 0xF1,
  0xC5, 0xF1, 0xA5, 0xE1, 0xA5, 0xE1, 0xA5, 0xE9, 0xA5, 0xE9, 0xA5, 0xE9, 0xA5, 0xE1, 0xA5, 0xE1,
  0xC6, 0xF9, 0x23, 0x99, 0x00, 0x00, 0x00, 0x00, 0x20, 0x18, 0x85, 0xD9, 0xA5, 0xE9, 0xA5, 0xE1,
  0xA5, 0xE9, 0xA5, 0xE9, 0xA5, 0xE1, 0xC5, 0xF1, 0x44, 0xB1, 0x00, 0x00, 0x00, 0x00, 0xC2, 0x60,
  0xC6, 0xF1, 0xA5, 0xE9, 0x64, 0xC9, 0x00, 0x00, 0x00, 0x00, 0x00, 0x00, 0x00, 0x00, 0x00, 0x00,
  0x00, 0x00, 0x00, 0x00, 0x00, 0x00, 0x00, 0x00, 0x00, 0x00, 0x00, 0x00, 0x00, 0x00, 0x00, 0x00,
  0x00, 0x00, 0x00, 0x00, 0xBA, 0xD6, 0xFF, 0xFF, 0xDF, 0xFF, 0xFF, 0xFF, 0x75, 0xAD, 0x00, 0x00,
  0x00, 0x00, 0x00, 0x00, 0x00, 0x00, 0x00, 0x00, 0x00, 0x00, 0x00, 0x00, 0x00, 0x00, 0x00, 0x00,
  0x00, 0x00, 0x00, 0x00, 0x00, 0x00, 0x00, 0x00, 0x00, 0x00, 0x20, 0x00, 0x00, 0x00, 0x0C, 0x63,
  0xFF, 0xFF, 0xDF, 0xFF, 0xFF, 0xFF, 0xFF, 0xFF, 0x28, 0x42, 0x00, 0x00, 0x00, 0x00, 0x00, 0x00,
  0x00, 0x00, 0x00, 0x00, 0x00, 0x00, 0x00, 0x00, 0x00, 0x00, 0x00, 0x00, 0x00, 0x00, 0x00, 0x00,
  0x00, 0x00, 0x00, 0x00, 0x00, 0x00, 0x00, 0x00, 0x00, 0x00, 0x00, 0x00, 0x18, 0xC6, 0xFF, 0xFF,
  0xDF, 0xFF, 0xFF, 0xFF, 0x59, 0xCE, 0x00, 0x00, 0x00, 0x00, 0x00, 0x00, 0x00, 0x00, 0x00, 0x00,
  0x00, 0x00, 0x00, 0x00, 0x00, 0x00, 0x00, 0x00, 0x69, 0x4A, 0xFF, 0xFF, 0xFF, 0xFF, 0xFF, 0xFF,
  0xFF, 0xFF, 0x08, 0x42, 0x00, 0x00, 0x00, 0x00, 0x20, 0x00, 0xFB, 0xDE, 0xFF, 0xFF, 0xDF, 0xFF,
  0xFF, 0xFF, 0x34, 0xA5, 0x00, 0x00, 0x20, 0x00, 0x00, 0x00, 0x00, 0x00, 0x00, 0x00, 0x00, 0x00,
  0x00, 0x00, 0x00, 0x00, 0x04, 0x21, 0xDF, 0xFF, 0xFF, 0xFF, 0xDF, 0xFF, 0xFF, 0xFF, 0xAE, 0x73,
  0x00, 0x00, 0x41, 0x08, 0x00, 0x00, 0x4D, 0x6B, 0xFF, 0xFF, 0xDF, 0xFF, 0xFF, 0xFF, 0xFF, 0xFF,
  0xE3, 0x18, 0x00, 0x00, 0x00, 0x00, 0x00, 0x00, 0x00, 0x00, 0x00, 0x00, 0x00, 0x00, 0x00, 0x00,
  0x00, 0x00, 0x00, 0x00, 0x00, 0x00, 0x00, 0x00, 0x00, 0x00, 0x00, 0x00, 0x00, 0x00, 0x00, 0x00,
  0x41, 0x08, 0x1C, 0xE7, 0xFF, 0xFF, 0xDF, 0xFF, 0xFF, 0xFF, 0xB6, 0xB5, 0x00, 0x00, 0x00, 0x00,
  0x00, 0x00, 0x00, 0x00, 0x00, 0x00, 0x00, 0x00, 0x00, 0x00, 0x00, 0x00, 0x00, 0x00, 0x00, 0x00,
  0x00, 0x00, 0x00, 0x00, 0x00, 0x00, 0x00, 0x00, 0x00, 0x00, 0x00, 0x00, 0x00, 0x00, 0x55, 0xAD,
  0xFF, 0xFF, 0xDF, 0xFF, 0xFF, 0xFF, 0x5D, 0xEF, 0x41, 0x08, 0x00, 0x00, 0x00, 0x00, 0x00, 0x00,
  0x00, 0x00, 0x00, 0x00, 0x00, 0x00, 0x00, 0x00, 0x00, 0x00, 0x00, 0x00, 0x00, 0x00, 0x00, 0x00,
  0x00, 0x00, 0x00, 0x00, 0x00, 0x00, 0x00, 0x00, 0x00, 0x00, 0xC3, 0x18, 0xBE, 0xF7, 0xFF, 0xFF,
  0xDF, 0xFF, 0xFF, 0xFF, 0xEF, 0x7B, 0x00, 0x00, 0x41, 0x08, 0x00, 0x00, 0x92, 0x94, 0xFF, 0xFF,
  0xDF, 0xFF, 0xFF, 0xFF, 0x7D, 0xEF, 0x00, 0x00, 0x00, 0x00, 0x00, 0x00, 0x00, 0x00, 0x00, 0x00,
  0x00, 0x00, 0x00, 0x00, 0x00, 0x00, 0x00, 0x00, 0x00, 0x00, 0x00, 0x00, 0x00, 0x00, 0x00, 0x00,
  0xC5, 0xF1, 0x44, 0xB9, 0x00, 0x00, 0xC2, 0x68, 0xC6, 0xF9, 0xA5, 0xE1, 0xA5, 0xE9, 0xA5, 0xE1,
  0xA5, 0xE9, 0x64, 0xC9, 0x00, 0x00, 0x00, 0x00, 0x00, 0x00, 0x00, 0x00, 0x20, 0x08, 0x81, 0x48,
  0x24, 0xA9, 0xC5, 0xF1, 0xC5, 0xF1, 0xA5, 0xE1, 0xA5, 0xE9, 0xA5, 0xE9, 0xA5, 0xE9, 0xA5, 0xE9,
  0xA5, 0xE1, 0xC6, 0xF9, 0x03, 0x91, 0x00, 0x00, 0x00, 0x00, 0x61, 0x38, 0xC5, 0xF1, 0xA5, 0xE1,
  0xA5, 0xE1, 0xA5, 0xE9, 0xA5, 0xE9, 0xA5, 0xE1, 0xC6, 0xF9, 0x82, 0x50, 0x00, 0x00, 0x00, 0x08,
  0x85, 0xC9, 0xC5, 0xF1, 0x85, 0xD1, 0x00, 0x08, 0x00, 0x00, 0x00, 0x00, 0x00, 0x00, 0x00, 0x00,
  0x00, 0x00, 0x00, 0x00, 0x00, 0x00, 0x00, 0x00, 0x00, 0x00, 0x00, 0x00, 0x00, 0x00, 0x00, 0x00,
  0x00, 0x00, 0x00, 0x00, 0xBA, 0xD6, 0xFF, 0xFF, 0xDF, 0xFF, 0xFF, 0xFF, 0x79, 0xCE, 0xCB, 0x5A,
  0xEB, 0x5A, 0xCB, 0x5A, 0xCB, 0x5A, 0xCB, 0x5A, 0xCB, 0x5A, 0xCB, 0x5A, 0xCB, 0x5A, 0xCB, 0x5A,
  0xCB, 0x5A, 0xAA, 0x52, 0x20, 0x00, 0x00, 0x00, 0x00, 0x00, 0x20, 0x00, 0x00, 0x00, 0x0C, 0x63,
  0xFF, 0xFF, 0xDF, 0xFF, 0xFF, 0xFF, 0xFF, 0xFF, 0xFB, 0xDE, 0x4D, 0x6B, 0xCB, 0x5A, 0xCB, 0x5A,
  0xCB, 0x5A, 0xCB, 0x5A, 0xCB, 0x5A, 0xCB, 0x5A, 0xCB, 0x5A, 0x69, 0x4A, 0x04, 0x21, 0x00, 0x00,
  0x00, 0x00, 0x00, 0x00, 0x00, 0x00, 0x00, 0x00, 0x00, 0x00, 0x00, 0x00, 0x18, 0xC6, 0xFF, 0xFF,
  0xDF, 0xFF, 0xFF, 0xFF, 0x59, 0xCE, 0x20, 0x00, 0x20, 0x00, 0x20, 0x00, 0x20, 0x00, 0x20, 0x00,
  0x20, 0x00, 0x20, 0x00, 0x20, 0x00, 0x20, 0x00, 0x49, 0x4A, 0xFF, 0xFF, 0xFF, 0xFF, 0xFF, 0xFF,
  0xFF, 0xFF, 0x08, 0x42, 0x00, 0x00, 0x00, 0x00, 0x20, 0x00, 0xFB, 0xDE, 0xFF, 0xFF, 0xDF, 0xFF,
  0xFF, 0xFF, 0x34, 0xA5, 0x00, 0x00, 0x20, 0x00, 0x00, 0x00, 0x00, 0x00, 0x00, 0x00, 0x00, 0x00,
  0x20, 0x00, 0x00, 0x00, 0xC3, 0x18, 0xDF, 0xFF, 0xFF, 0xFF, 0xDF, 0xFF, 0xFF, 0xFF, 0xAE, 0x73,
  0x00, 0x00, 0x41, 0x08, 0x00, 0x00, 0x4D, 0x6B, 0xFF, 0xFF, 0xDF, 0xFF, 0xFF, 0xFF, 0xFF, 0xFF,
  0xAE, 0x73, 0xCB, 0x5A, 0xCB, 0x5A, 0xCB, 0x5A, 0xCB, 0x5A, 0xCB, 0x5A, 0xCB, 0x5A, 0xCB, 0x5A,
  0xCB, 0x5A, 0xCB, 0x5A, 0xCB, 0x5A, 0x45, 0x29, 0x00, 0x00, 0x00, 0x00, 0x00, 0x00, 0x00, 0x00,
  0x20, 0x00, 0x1C, 0xE7, 0xFF, 0xFF, 0xFF, 0xFF, 0xFF, 0xFF, 0xFF, 0xFF, 0x92, 0x94, 0xCB, 0x5A,
  0xCB, 0x5A, 0xCB, 0x5A, 0xCB, 0x5A, 0xCB, 0x5A, 0xCB, 0x5A, 0xCB, 0x5A, 0xAA, 0x52, 0xC7, 0x39,
  0x00, 0x00, 0x00, 0x00, 0x00, 0x00, 0x00, 0x00, 0x00, 0x00, 0x20, 0x00, 0x00, 0x00, 0x34, 0xA5,
  0xFF, 0xFF, 0xDF, 0xFF, 0xFF, 0xFF, 0xFF, 0xFF, 0xD7, 0xBD, 0xEB, 0x5A, 0xCB, 0x5A, 0xCB, 0x5A,
  0xCB, 0x5A, 0xCB, 0x5A, 0xCB, 0x5A, 0xCB, 0x5A, 0xCB, 0x5A, 0x08, 0x42, 0x82, 0x10, 0x00, 0x00,
  0x00, 0x00, 0x00, 0x00, 0x00, 0x00, 0x00, 0x00, 0x00, 0x00, 0xC3, 0x18, 0xBE, 0xF7, 0xFF, 0xFF,
  0xDF, 0xFF, 0xFF, 0xFF, 0xEF, 0x7B, 0x00, 0x00, 0x41, 0x08, 0x00, 0x00, 0x92, 0x94, 0xFF, 0xFF,
  0xDF, 0xFF, 0xFF, 0xFF, 0x9E, 0xF7, 0x2C, 0x63, 0xCB, 0x5A, 0xCB, 0x5A, 0xCB, 0x5A, 0xCB, 0x5A,
  0xCB, 0x5A, 0xCB, 0x5A, 0xCB, 0x5A, 0xCB, 0x5A, 0xCB, 0x5A, 0xCB, 0x5A, 0xE3, 0x18, 0x00, 0x00,
  0xC5, 0xF1, 0x44, 0xB1, 0x00, 0x00, 0xA2, 0x58, 0xC6, 0xF1, 0xA5, 0xE1, 0xA5, 0xE9, 0xA5, 0xE9,
  0xA5, 0xE1, 0xA5, 0xE9, 0xE3, 0x80, 0x81, 0x40, 0x40, 0x20, 0x00, 0x00, 0x00, 0x00, 0x00, 0x00,
  0x00, 0x00, 0x61, 0x40, 0x64, 0xB9, 0xC6, 0xF9, 0xA5, 0xE1, 0xA5, 0xE1, 0xA5, 0xE9, 0xA5, 0xE9,
  0xA5, 0xE9, 0xA5, 0xE1, 0xC6, 0xF9, 0xC2, 0x68, 0x00, 0x00, 0x00, 0x00, 0xE3, 0x78, 0xC6, 0xF9,
  0xA5, 0xE1, 0xA5, 0xE9, 0xA5, 0xE9, 0xA5, 0xE1, 0xC5, 0xE9, 0x64, 0xC1, 0x00, 0x00, 0x00, 0x00,
  0xC2, 0x68, 0xC6, 0xF9, 0x85, 0xD1, 0x20, 0x10, 0x00, 0x00, 0x00, 0x00, 0x00, 0x00, 0x00, 0x00,
  0x00, 0x00, 0x00, 0x00, 0x00, 0x00, 0x00, 0x00, 0x00, 0x00, 0x00, 0x00, 0x00, 0x00, 0x00, 0x00,
  0x00, 0x00, 0x00, 0x00, 0xBA, 0xD6, 0xFF, 0xFF, 0xFF, 0xFF, 0xFF, 0xFF, 0xFF, 0xFF, 0xFF, 0xFF,
  0xFF, 0xFF, 0xFF, 0xFF, 0xFF, 0xFF, 0xFF, 0xFF, 0xFF, 0xFF, 0xFF, 0xFF, 0xFF, 0xFF, 0xFF, 0xFF,
  0xFF, 0xFF, 0xFF, 0xFF, 0xA2, 0x10, 0x00, 0x00, 0x00, 0x00, 0x00, 0x00, 0x00, 0x00, 0xC7, 0x39,
  0xFF, 0xFF, 0xFF, 0xFF, 0xFF, 0xFF, 0xFF, 0xFF, 0xFF, 0xFF, 0xFF, 0xFF, 0xFF, 0xFF, 0xFF, 0xFF,
  0xFF, 0xFF, 0xFF, 0xFF, 0xFF, 0xFF, 0xFF, 0xFF, 0xFF, 0xFF, 0xFF, 0xFF, 0xBE, 0xF7, 0xF3, 0x9C,
  0x82, 0x10, 0x00, 0x00, 0x00, 0x00, 0x00, 0x00, 0x00, 0x00, 0x00, 0x00, 0x18, 0xC6, 0xFF, 0xFF,
  0xDF, 0xFF, 0xFF, 0xFF, 0x38, 0xC6, 0x00, 0x00, 0x00, 0x00, 0x00, 0x00, 0x00, 0x00, 0x00, 0x00,
  0x00, 0x00, 0x00, 0x00, 0x00, 0x00, 0x00, 0x00, 0x2C, 0x63, 0xFF, 0xFF, 0xDF, 0xFF, 0xFF, 0xFF,
  0xFF, 0xFF, 0x08, 0x42, 0x00, 0x00, 0x00, 0x00, 0x20, 0x00, 0xFB, 0xDE, 0xFF, 0xFF, 0xDF, 0xFF,
  0xFF, 0xFF, 0x14, 0xA5, 0x00, 0x00, 0x00, 0x00, 0x00, 0x00, 0x00, 0x00, 0x00, 0x00, 0x00, 0x00,
  0x00, 0x00, 0x00, 0x00, 0x0C, 0x63, 0xFF, 0xFF, 0xFF, 0xFF, 0xDF, 0xFF, 0xFF, 0xFF, 0xAE, 0x73,
  0x00, 0x00, 0x41, 0x08, 0x00, 0x00, 0x4D, 0x6B, 0xFF, 0xFF, 0xDF, 0xFF, 0xFF, 0xFF, 0xFF, 0xFF,
  0xFF, 0xFF, 0xFF, 0xFF, 0xFF, 0xFF, 0xFF, 0xFF, 0xFF, 0xFF, 0xFF, 0xFF, 0xFF, 0xFF, 0xFF, 0xFF,
  0xFF, 0xFF, 0xFF, 0xFF, 0xFF, 0xFF, 0xEF, 0x7B, 0x00, 0x00, 0x20, 0x00, 0x00, 0x00, 0x00, 0x00,
  0x00, 0x00, 0x18, 0xC6, 0xFF, 0xFF, 0xFF, 0xFF, 0xFF, 0xFF, 0xFF, 0xFF, 0xFF, 0xFF, 0xFF, 0xFF,
  0xFF, 0xFF, 0xFF, 0xFF, 0xFF, 0xFF, 0xFF, 0xFF, 0xFF, 0xFF, 0xFF, 0xFF, 0xFF, 0xFF, 0xFF, 0xFF,
  0x9A, 0xD6, 0x49, 0x4A, 0x00, 0x00, 0x00, 0x00, 0x00, 0x00, 0x20, 0x00, 0x00, 0x00, 0xEF, 0x7B,
  0xFF, 0xFF, 0xDF, 0xFF, 0xFF, 0xFF, 0xFF, 0xFF, 0xFF, 0xFF, 0xFF, 0xFF, 0xFF, 0xFF, 0xFF, 0xFF,
  0xFF, 0xFF, 0xFF, 0xFF, 0xFF, 0xFF, 0xFF, 0xFF, 0xFF, 0xFF, 0xFF, 0xFF, 0x3C, 0xE7, 0xAE, 0x73,
  0x00, 0x00, 0x00, 0x00, 0x00, 0x00, 0x00, 0x00, 0x00, 0x00, 0xC3, 0x18, 0xBE, 0xF7, 0xFF, 0xFF,
  0xDF, 0xFF, 0xFF, 0xFF, 0xEF, 0x7B, 0x00, 0x00, 0x41, 0x08, 0x00, 0x00, 0x92, 0x94, 0xFF, 0xFF,
  0xDF, 0xFF, 0xFF, 0xFF, 0xFF, 0xFF, 0xFF, 0xFF, 0xFF, 0xFF, 0xFF, 0xFF, 0xFF, 0xFF, 0xFF, 0xFF,
  0xFF, 0xFF, 0xFF, 0xFF, 0xFF, 0xFF, 0xFF, 0xFF, 0xFF, 0xFF, 0xFF, 0xFF, 0xAA, 0x52, 0x00, 0x00,
  0xC5, 0xF1, 0x44, 0xB9, 0x00, 0x00, 0x41, 0x28, 0xA5, 0xE9, 0xA5, 0xE1, 0xA5, 0xE9, 0xA5, 0xE9,
  0xA5, 0xE9, 0xA5, 0xE9, 0xC6, 0xF1, 0xC5, 0xF1, 0xA5, 0xE1, 0x64, 0xB9, 0xE3, 0x78, 0x40, 0x20,
  0x00, 0x00, 0x00, 0x00, 0x00, 0x00, 0xE3, 0x80, 0xC6, 0xF1, 0xA5, 0xE1, 0xA5, 0xE1, 0xA5, 0xE9,
  0xA5, 0xE9, 0xA5, 0xE1, 0xA5, 0xE1, 0xC5, 0xE9, 0x61, 0x30, 0x00, 0x00, 0x00, 0x08, 0x64, 0xC9,
  0xC5, 0xE9, 0xA5, 0xE1, 0xA5, 0xE9, 0xA5, 0xE9, 0xA5, 0xE1, 0xC6, 0xF1, 0x82, 0x50, 0x00, 0x00,
  0x20, 0x10, 0xA5, 0xE1, 0xA5, 0xE1, 0x20, 0x10, 0x00, 0x00, 0x00, 0x00, 0x00, 0x00, 0x00, 0x00,
  0x00, 0x00, 0x00, 0x00, 0x00, 0x00, 0x00, 0x00, 0x00, 0x00, 0x00, 0x00, 0x00, 0x00, 0x00, 0x00,
  0x00, 0x00, 0x00, 0x00, 0xBA, 0xD6, 0xFF, 0xFF, 0xFF, 0xFF, 0xFF, 0xFF, 0xFF, 0xFF, 0xDF, 0xFF,
  0xDF, 0xFF, 0xDF, 0xFF, 0xDF, 0xFF, 0xDF, 0xFF, 0xDF, 0xFF, 0xDF, 0xFF, 0xDF, 0xFF, 0xDF, 0xFF,
  0xDF, 0xFF, 0x5D, 0xEF, 0xA2, 0x10, 0x00, 0x00, 0x00, 0x00, 0x00, 0x00, 0x00, 0x00, 0x20, 0x00,
  0x9A, 0xD6, 0xFF, 0xFF, 0xDF, 0xFF, 0xFF, 0xFF, 0xFF, 0xFF, 0xDF, 0xFF, 0xFF, 0xFF, 0xDF, 0xFF,
  0xDF, 0xFF, 0xDF, 0xFF, 0xDF, 0xFF, 0xFF, 0xFF, 0xFF, 0xFF, 0xFF, 0xFF, 0xFF, 0xFF, 0xFF, 0xFF,
  0x59, 0xCE, 0x61, 0x08, 0x00, 0x00, 0x00, 0x00, 0x00, 0x00, 0x00, 0x00, 0x18, 0xC6, 0xFF, 0xFF,
  0xDF, 0xFF, 0xFF, 0xFF, 0xDB, 0xDE, 0xCB, 0x5A, 0xCB, 0x5A, 0xCB, 0x5A, 0xCB, 0x5A, 0xCB, 0x5A,
  0xCB, 0x5A, 0xCB, 0x5A, 0xCB, 0x5A, 0x4D, 0x6B, 0x3C, 0xE7, 0xFF, 0xFF, 0xFF, 0xFF, 0xFF, 0xFF,
  0xFF, 0xFF, 0x86, 0x31, 0x00, 0x00, 0x00, 0x00, 0x20, 0x00, 0xFB, 0xDE, 0xFF, 0xFF, 0xFF, 0xFF,
  0xFF, 0xFF, 0x5D, 0xEF, 0xF7, 0xBD, 0x18, 0xC6, 0x18, 0xC6, 0x18, 0xC6, 0x18, 0xC6, 0x18, 0xC6,
  0x18, 0xC6, 0x38, 0xC6, 0xFF, 0xFF, 0xFF, 0xFF, 0xFF, 0xFF, 0xFF, 0xFF, 0xFF, 0xFF, 0x69, 0x4A,
  0x00, 0x00, 0x20, 0x00, 0x00, 0x00, 0x4D, 0x6B, 0xFF, 0xFF, 0xDF, 0xFF, 0xFF, 0xFF, 0xFF, 0xFF,
  0xDF, 0xFF, 0xDF, 0xFF, 0xDF, 0xFF, 0xDF, 0xFF, 0xDF, 0xFF, 0xDF, 0xFF, 0xDF, 0xFF, 0xDF, 0xFF,
  0xDF, 0xFF, 0xBE, 0xF7, 0xDF, 0xFF, 0x8E, 0x73, 0x00, 0x00, 0x20, 0x00, 0x00, 0x00, 0x20, 0x00,
  0x00, 0x00, 0xEB, 0x5A, 0xFF, 0xFF, 0xDF, 0xFF, 0xFF, 0xFF, 0xFF, 0xFF, 0xDF, 0xFF, 0xDF, 0xFF,
  0xFF, 0xFF, 0xDF, 0xFF, 0xDF, 0xFF, 0xDF, 0xFF, 0xDF, 0xFF, 0xFF, 0xFF, 0xFF, 0xFF, 0xFF, 0xFF,
  0xFF, 0xFF, 0xFF, 0xFF, 0xAA, 0x52, 0x00, 0x00, 0x00, 0x00, 0x00, 0x00, 0x00, 0x00, 0x24, 0x21,
  0xDF, 0xFF, 0xFF, 0xFF, 0xFF, 0xFF, 0xFF, 0xFF, 0xFF, 0xFF, 0xDF, 0xFF, 0xFF, 0xFF, 0xDF, 0xFF,
  0xDF, 0xFF, 0xDF, 0xFF, 0xDF, 0xFF, 0xFF, 0xFF, 0xFF, 0xFF, 0xFF, 0xFF, 0xFF, 0xFF, 0xFF, 0xFF,
  0x92, 0x94, 0x00, 0x00, 0x00, 0x00, 0x00, 0x00, 0x00, 0x00, 0xC3, 0x18, 0xBE, 0xF7, 0xFF, 0xFF,
  0xDF, 0xFF, 0xFF, 0xFF, 0xEF, 0x7B, 0x00, 0x00, 0x41, 0x08, 0x00, 0x00, 0x92, 0x94, 0xFF, 0xFF,
  0xDF, 0xFF, 0xFF, 0xFF, 0xFF, 0xFF, 0xDF, 0xFF, 0xDF, 0xFF, 0xDF, 0xFF, 0xDF, 0xFF, 0xDF, 0xFF,
  0xDF, 0xFF, 0xDF, 0xFF, 0xDF, 0xFF, 0xDF, 0xFF, 0xBE, 0xF7, 0xDF, 0xFF, 0x69, 0x4A, 0x00, 0x00,
  0xA5, 0xE1, 0x64, 0xC1, 0x00, 0x00, 0x00, 0x00, 0x44, 0xB9, 0xC5, 0xF1, 0xA5, 0xE1, 0xA5, 0xE9,
  0xA5, 0xE9, 0xA5, 0xE9, 0xA5, 0xE1, 0xA5, 0xE1, 0xA5, 0xE9, 0xC5, 0xF1, 0xC6, 0xF9, 0xA5, 0xE1,
  0xE3, 0x80, 0x00, 0x08, 0x00, 0x00, 0x00, 0x00, 0xA2, 0x60, 0xC5, 0xF1, 0xA5, 0xE1, 0xA5, 0xE1,
  0xA5, 0xE9, 0xA5, 0xE9, 0xA5, 0xE1, 0xC5, 0xF1, 0x64, 0xC1, 0x00, 0x08, 0x00, 0x00, 0x82, 0x50,
  0xC6, 0xF1, 0xA5, 0xE1, 0xA5, 0xE9, 0xA5, 0xE9, 0xA5, 0xE1, 0xC5, 0xF1, 0x44, 0xB1, 0x00, 0x00,
  0x00, 0x00, 0x03, 0x91, 0x44, 0xB1, 0x00, 0x00, 0x00, 0x00, 0x00, 0x00, 0x00, 0x00, 0x00, 0x00,
  0x00, 0x00, 0x00, 0x00, 0x00, 0x00, 0x00, 0x00, 0x00, 0x00, 0x00, 0x00, 0x00, 0x00, 0x00, 0x00,
  0x00, 0x00, 0x00, 0x00, 0xBA, 0xD6, 0xFF, 0xFF, 0xFF, 0xFF, 0xFF, 0xFF, 0xFF, 0xFF, 0xFF, 0xFF,
  0xFF, 0xFF, 0xFF, 0xFF, 0xFF, 0xFF, 0xFF, 0xFF, 0xFF, 0xFF, 0xFF, 0xFF, 0xFF, 0xFF, 0xFF, 0xFF,
  0xFF, 0xFF, 0xDF, 0xFF, 0xA2, 0x10, 0x00, 0x00, 0x00, 0x00, 0x00, 0x00, 0x00, 0x00, 0x00, 0x00,
  0xA6, 0x31, 0xBE, 0xF7, 0xFF, 0xFF, 0xFF, 0xFF, 0xDF, 0xFF, 0xDF, 0xFF, 0xDF, 0xFF, 0xDF, 0xFF,
  0xDF, 0xFF, 0xDF, 0xFF, 0xDF, 0xFF, 0xDF, 0xFF, 0xDF, 0xFF, 0xFF, 0xFF, 0xFF, 0xFF, 0xDF, 0xFF,
  0xFF, 0xFF, 0x51, 0x8C, 0x00, 0x00, 0x20, 0x00, 0x00, 0x00, 0x00, 0x00, 0x18, 0xC6, 0xFF, 0xFF,
  0xFF, 0xFF, 0xFF, 0xFF, 0xFF, 0xFF, 0xFF, 0xFF, 0xFF, 0xFF, 0xFF, 0xFF, 0xFF, 0xFF, 0xFF, 0xFF,
  0xFF, 0xFF, 0xFF, 0xFF, 0xFF, 0xFF, 0xFF, 0xFF, 0xFF, 0xFF, 0xFF, 0xFF, 0xFF, 0xFF, 0xFF, 0xFF,
  0x1C, 0xE7, 0x41, 0x08, 0x00, 0x00, 0x00, 0x00, 0x20, 0x00, 0xFB, 0xDE, 0xFF, 0xFF, 0xFF, 0xFF,
  0xFF, 0xFF, 0xFF, 0xFF, 0xFF, 0xFF, 0xFF, 0xFF, 0xFF, 0xFF, 0xFF, 0xFF, 0xFF, 0xFF, 0xFF, 0xFF,
  0xFF, 0xFF, 0xFF, 0xFF, 0xFF, 0xFF, 0xFF, 0xFF, 0xFF, 0xFF, 0xFF, 0xFF, 0x5D, 0xEF, 0x61, 0x08,
  0x00, 0x00, 0x20, 0x00, 0x00, 0x00, 0x4D, 0x6B, 0xFF, 0xFF, 0xDF, 0xFF, 0xFF, 0xFF, 0xFF, 0xFF,
  0xFF, 0xFF, 0xFF, 0xFF, 0xFF, 0xFF, 0xFF, 0xFF, 0xFF, 0xFF, 0xFF, 0xFF, 0xFF, 0xFF, 0xFF, 0xFF,
  0xFF, 0xFF, 0xFF, 0xFF, 0xFF, 0xFF, 0xCF, 0x7B, 0x00, 0x00, 0x20, 0x00, 0x00, 0x00, 0x00, 0x00,
  0x00, 0x00, 0x00, 0x00, 0x75, 0xAD, 0xFF, 0xFF, 0xFF, 0xFF, 0xFF, 0xFF, 0xDF, 0xFF, 0xDF, 0xFF,
  0xDF, 0xFF, 0xDF, 0xFF, 0xDF, 0xFF, 0xDF, 0xFF, 0xDF, 0xFF, 0xDF, 0xFF, 0xFF, 0xFF, 0xFF, 0xFF,
  0xDF, 0xFF, 0xFF, 0xFF, 0x7D, 0xEF, 0xA2, 0x10, 0x00, 0x00, 0x00, 0x00, 0x00, 0x00, 0x00, 0x00,
  0x8E, 0x73, 0xFF, 0xFF, 0xFF, 0xFF, 0xFF, 0xFF, 0xDF, 0xFF, 0xDF, 0xFF, 0xDF, 0xFF, 0xDF, 0xFF,
  0xDF, 0xFF, 0xDF, 0xFF, 0xDF, 0xFF, 0xDF, 0xFF, 0xFF, 0xFF, 0xFF, 0xFF, 0xFF, 0xFF, 0xDF, 0xFF,
  0xFF, 0xFF, 0x28, 0x42, 0x00, 0x00, 0x20, 0x00, 0x00, 0x00, 0xC3, 0x18, 0xBE, 0xF7, 0xFF, 0xFF,
  0xDF, 0xFF, 0xFF, 0xFF, 0xEF, 0x7B, 0x00, 0x00, 0x41, 0x08, 0x00, 0x00, 0x92, 0x94, 0xFF, 0xFF,
  0xDF, 0xFF, 0xFF, 0xFF, 0xFF, 0xFF, 0xFF, 0xFF, 0xFF, 0xFF, 0xFF, 0xFF, 0xFF, 0xFF, 0xFF, 0xFF,
  0xFF, 0xFF, 0xFF, 0xFF, 0xFF, 0xFF, 0xFF, 0xFF, 0xFF, 0xFF, 0xFF, 0xFF, 0x8A, 0x52, 0x00, 0x00,
  0x85, 0xC9, 0x85, 0xD9, 0x00, 0x08, 0x00, 0x00, 0x81, 0x48, 0xC6, 0xF9, 0xA5, 0xE1, 0xA5, 0xE1,
  0xA5, 0xE9, 0xA5, 0xE9, 0xA5, 0xE9, 0xA5, 0xE9, 0xA5, 0xE1, 0xA5, 0xE1, 0xA5, 0xE1, 0xA5, 0xE9,
  0xC6, 0xF9, 0x64, 0xC9, 0x41, 0x28, 0x00, 0x00, 0x00, 0x00, 0xA2, 0x60, 0xC6, 0xF1, 0xA5, 0xE1,
  0xA5, 0xE9, 0xA5, 0xE9, 0xA5, 0xE9, 0xA5, 0xE1, 0xC6, 0xF9, 0xC2, 0x68, 0x00, 0x00, 0x00, 0x00,
  0x44, 0xB9, 0xC5, 0xF1, 0xA5, 0xE1, 0xA5, 0xE9, 0xA5, 0xE9, 0xA5, 0xE1, 0xA5, 0xE9, 0x41, 0x28,
  0x00, 0x00, 0x00, 0x08, 0x00, 0x00, 0x00, 0x00, 0x00, 0x00, 0x00, 0x00, 0x00, 0x00, 0x00, 0x00,
  0x00, 0x00, 0x00, 0x00, 0x00, 0x00, 0x00, 0x00, 0x00, 0x00, 0x00, 0x00, 0x00, 0x00, 0x00, 0x00,
  0x00, 0x00, 0x00, 0x00, 0xBA, 0xD6, 0xFF, 0xFF, 0xFF, 0xFF, 0xFF, 0xFF, 0xBE, 0xF7, 0xDB, 0xDE,
  0xDB, 0xDE, 0xDB, 0xDE, 0xDB, 0xDE, 0xDB, 0xDE, 0xDB, 0xDE, 0xDB, 0xDE, 0xDB, 0xDE, 0xDB, 0xDE,
  0xDB, 0xDE, 0x79, 0xCE, 0x82, 0x10, 0x00, 0x00, 0x00, 0x00, 0x00, 0x00, 0x00, 0x00, 0x00, 0x00,
  0x00, 0x00, 0xC7, 0x39, 0x79, 0xCE, 0xFF, 0xFF, 0xFF, 0xFF, 0xFF, 0xFF, 0xFF, 0xFF, 0xFF, 0xFF,
  0xFF, 0xFF, 0xFF, 0xFF, 0xFF, 0xFF, 0xFF, 0xFF, 0xFF, 0xFF, 0xFF, 0xFF, 0xFF, 0xFF, 0xFF, 0xFF,
  0xFF, 0xFF, 0x5D, 0xEF, 0x61, 0x08, 0x00, 0x00, 0x00, 0x00, 0x00, 0x00, 0x18, 0xC6, 0xFF, 0xFF,
  0xFF, 0xFF, 0xFF, 0xFF, 0xFF, 0xFF, 0xDF, 0xFF, 0xDF, 0xFF, 0xDF, 0xFF, 0xDF, 0xFF, 0xDF, 0xFF,
  0xDF, 0xFF, 0xDF, 0xFF, 0xDF, 0xFF, 0xDF, 0xFF, 0xFF, 0xFF, 0xDF, 0xFF, 0xDF, 0xFF, 0xFF, 0xFF,
  0x2C, 0x63, 0x00, 0x00, 0x20, 0x00, 0x00, 0x00, 0x20, 0x00, 0xFB, 0xDE, 0xFF, 0xFF, 0xFF, 0xFF,
  0xFF, 0xFF, 0xFF, 0xFF, 0xDF, 0xFF, 0xDF, 0xFF, 0xDF, 0xFF, 0xDF, 0xFF, 0xDF, 0xFF, 0xDF, 0xFF,
  0xDF, 0xFF, 0xFF, 0xFF, 0xFF, 0xFF, 0xFF, 0xFF, 0xFF, 0xFF, 0xFF, 0xFF, 0xAA, 0x52, 0x00, 0x00,
  0x00, 0x00, 0x20, 0x00, 0x00, 0x00, 0x4D, 0x6B, 0xFF, 0xFF, 0xDF, 0xFF, 0xFF, 0xFF, 0xFF, 0xFF,
  0x1C, 0xE7, 0xDB, 0xDE, 0xDB, 0xDE, 0xDB, 0xDE, 0xDB, 0xDE, 0xDB, 0xDE, 0xDB, 0xDE, 0xDB, 0xDE,
  0xDB, 0xDE, 0xBA, 0xD6, 0xDB, 0xDE, 0x2C, 0x63, 0x00, 0x00, 0x00, 0x00, 0x00, 0x00, 0x00, 0x00,
  0x00, 0x00, 0x00, 0x00, 0x20, 0x00, 0x92, 0x94, 0xBE, 0xF7, 0xFF, 0xFF, 0xFF, 0xFF, 0xFF, 0xFF,
  0xFF, 0xFF, 0xFF, 0xFF, 0xFF, 0xFF, 0xFF, 0xFF, 0xFF, 0xFF, 0xFF, 0xFF, 0xFF, 0xFF, 0xFF, 0xFF,
  0xFF, 0xFF, 0xDF, 0xFF, 0xFF, 0xFF, 0x4D, 0x6B, 0x00, 0x00, 0x20, 0x00, 0x00, 0x00, 0x00, 0x00,
  0x00, 0x00, 0x2C, 0x63, 0x3C, 0xE7, 0xFF, 0xFF, 0xFF, 0xFF, 0xFF, 0xFF, 0xFF, 0xFF, 0xFF, 0xFF,
  0xFF, 0xFF, 0xFF, 0xFF, 0xFF, 0xFF, 0xFF, 0xFF, 0xFF, 0xFF, 0xFF, 0xFF, 0xFF, 0xFF, 0xDF, 0xFF,
  0xFF, 0xFF, 0x75, 0xAD, 0x00, 0x00, 0x20, 0x00, 0x00, 0x00, 0xC3, 0x18, 0xBE, 0xF7, 0xFF, 0xFF,
  0xDF, 0xFF, 0xFF, 0xFF, 0xEF, 0x7B, 0x00, 0x00, 0x41, 0x08, 0x00, 0x00, 0x92, 0x94, 0xFF, 0xFF,
  0xDF, 0xFF, 0xFF, 0xFF, 0xFF, 0xFF, 0xFB, 0xDE, 0xDB, 0xDE, 0xDB, 0xDE, 0xDB, 0xDE, 0xDB, 0xDE,
  0xDB, 0xDE, 0xDB, 0xDE, 0xDB, 0xDE, 0xDB, 0xDE, 0xDB, 0xDE, 0xDB, 0xDE, 0x28, 0x42, 0x00, 0x00,
  0x24, 0xA9, 0xC5, 0xF1, 0x40, 0x20, 0x00, 0x00, 0x00, 0x00, 0xE3, 0x78, 0xC6, 0xF9, 0xA5, 0xE1,
  0xA5, 0xE1, 0xA5, 0xE1, 0xA5, 0xE1, 0xA5, 0xE9, 0xA5, 0xE9, 0xA5, 0xE9, 0xA5, 0xE9, 0xA5, 0xE1,
  0xA5, 0xE1, 0xC5, 0xF1, 0xA5, 0xE1, 0x61, 0x38, 0x00, 0x00, 0x00, 0x00, 0xE3, 0x80, 0xC6, 0xF9,
  0xA5, 0xE1, 0xA5, 0xE9, 0xA5, 0xE9, 0xA5, 0xE1, 0xA5, 0xE9, 0x85, 0xD1, 0x20, 0x10, 0x00, 0x00,
  0xA2, 0x58, 0xC6, 0xF1, 0xA5, 0xE1, 0xA5, 0xE9, 0xA5, 0xE9, 0xA5, 0xE1, 0xC6, 0xF9, 0xC2, 0x70,
  0x00, 0x00, 0x00, 0x00, 0x00, 0x00, 0x00, 0x00, 0x00, 0x00, 0x00, 0x00, 0x00, 0x00, 0x00, 0x00,
  0x00, 0x00, 0x00, 0x00, 0x00, 0x00, 0x00, 0x00, 0x00, 0x00, 0x00, 0x00, 0x00, 0x00, 0x00, 0x00,
  0x00, 0x00, 0x00, 0x00, 0xBA, 0xD6, 0xFF, 0xFF, 0xDF, 0xFF, 0xFF, 0xFF, 0x96, 0xB5, 0x00, 0x00,
  0x20, 0x00, 0x00, 0x00, 0x00, 0x00, 0x00, 0x00, 0x00, 0x00, 0x00, 0x00, 0x00, 0x00, 0x00, 0x00,
  0x00, 0x00, 0x00, 0x00, 0x00, 0x00, 0x00, 0x00, 0x00, 0x00, 0x00, 0x00, 0x00, 0x00, 0x00, 0x00,
  0x00, 0x00, 0x00, 0x00, 0x00, 0x00, 0xE7, 0x39, 0x2C, 0x63, 0x6D, 0x6B, 0x6D, 0x6B, 0x6D, 0x6B,
  0x6D, 0x6B, 0x6D, 0x6B, 0x6D, 0x6B, 0x6D, 0x6B, 0x71, 0x8C, 0xDF, 0xFF, 0xFF, 0xFF, 0xFF, 0xFF,
  0xFF, 0xFF, 0xFF, 0xFF, 0x45, 0x29, 0x00, 0x00, 0x20, 0x00, 0x00, 0x00, 0x18, 0xC6, 0xFF, 0xFF,
  0xFF, 0xFF, 0xFF, 0xFF, 0xFF, 0xFF, 0xFF, 0xFF, 0xFF, 0xFF, 0xFF, 0xFF, 0xFF, 0xFF, 0xFF, 0xFF,
  0xFF, 0xFF, 0xFF, 0xFF, 0xFF, 0xFF, 0xFF, 0xFF, 0xFF, 0xFF, 0xFF, 0xFF, 0xFF, 0xFF, 0x71, 0x8C,
  0x00, 0x00, 0x00, 0x00, 0x00, 0x00, 0x00, 0x00, 0x20, 0x00, 0xFB, 0xDE, 0xFF, 0xFF, 0xFF, 0xFF,
  0xFF, 0xFF, 0xFF, 0xFF, 0xFF, 0xFF, 0xFF, 0xFF, 0xFF, 0xFF, 0xFF, 0xFF, 0xFF, 0xFF, 0xFF, 0xFF,
  0xFF, 0xFF, 0xFF, 0xFF, 0xFF, 0xFF, 0xFF, 0xFF, 0x3C, 0xE7, 0x69, 0x4A, 0x00, 0x00, 0x00, 0x00,
  0x00, 0x00, 0x20, 0x00, 0x00, 0x00, 0x4D, 0x6B, 0xFF, 0xFF, 0xDF, 0xFF, 0xFF, 0xFF, 0xFF, 0xFF,
  0x65, 0x29, 0x00, 0x00, 0x20, 0x00, 0x00, 0x00, 0x00, 0x00, 0x00, 0x00, 0x00, 0x00, 0x00, 0x00,
  0x00, 0x00, 0x00, 0x00, 0x00, 0x00, 0x00, 0x00, 0x00, 0x00, 0x00, 0x00, 0x00, 0x00, 0x00, 0x00,
  0x00, 0x00, 0x00, 0x00, 0x00, 0x00, 0x00, 0x00, 0x04, 0x21, 0xCB, 0x5A, 0x6D, 0x6B, 0x6D, 0x6B,
  0x6D, 0x6B, 0x6D, 0x6B, 0x6D, 0x6B, 0x6D, 0x6B, 0x6D, 0x6B, 0xAE, 0x73, 0x79, 0xCE, 0xFF, 0xFF,
  0xFF, 0xFF, 0xDF, 0xFF, 0xFF, 0xFF, 0xB2, 0x94, 0x00, 0x00, 0x20, 0x00, 0x00, 0x00, 0x00, 0x00,
  0x00, 0x00, 0x00, 0x00, 0x82, 0x10, 0x69, 0x4A, 0x4D, 0x6B, 0x6D, 0x6B, 0x6D, 0x6B, 0x6D, 0x6B,
  0x6D, 0x6B, 0x6D, 0x6B, 0x6D, 0x6B, 0x6D, 0x6B, 0x75, 0xAD, 0xFF, 0xFF, 0xFF, 0xFF, 0xFF, 0xFF,
  0xFF, 0xFF, 0xBA, 0xD6, 0x00, 0x00, 0x00, 0x00, 0x00, 0x00, 0xC3, 0x18, 0xBE, 0xF7, 0xFF, 0xFF,
  0xDF, 0xFF, 0xFF, 0xFF, 0xEF, 0x7B, 0x00, 0x00, 0x41, 0x08, 0x00, 0x00, 0x92, 0x94, 0xFF, 0xFF,
  0xDF, 0xFF, 0xFF, 0xFF, 0x7D, 0xEF, 0x82, 0x10, 0x00, 0x00, 0x00, 0x00, 0x00, 0x00, 0x00, 0x00,
  0x00, 0x00, 0x00, 0x00, 0x00, 0x00, 0x00, 0x00, 0x00, 0x00, 0x00, 0x00, 0x00, 0x00, 0x00, 0x00,
  0xE3, 0x78, 0xE6, 0xF9, 0x81, 0x48, 0x00, 0x00, 0x00, 0x00, 0x00, 0x00, 0xE2, 0x70, 0xA5, 0xE9,
  0xC6, 0xF1, 0xA5, 0xE9, 0xA5, 0xE9, 0xA5, 0xE1, 0xA5, 0xE1, 0xA5, 0xE1, 0xA5, 0xE9, 0xA5, 0xE9,
  0xA5, 0xE9, 0xA5, 0xE1, 0xA5, 0xE9, 0xA5, 0xE1, 0x41, 0x28, 0x00, 0x00, 0x00, 0x00, 0x64, 0xC1,
  0xC5, 0xF1, 0xA5, 0xE1, 0xA5, 0xE9, 0xA5, 0xE9, 0xA5, 0xE1, 0xC6, 0xF9, 0xA2, 0x60, 0x00, 0x00,
  0x20, 0x08, 0x85, 0xD1, 0xA5, 0xE9, 0xA5, 0xE1, 0xA5, 0xE9, 0xA5, 0xE1, 0xC5, 0xF1, 0x44, 0xB9,
  0x00, 0x00, 0x00, 0x00, 0x00, 0x00, 0x00, 0x00, 0x00, 0x00, 0x00, 0x00, 0x00, 0x00, 0x00, 0x00,
  0x00, 0x00, 0x00, 0x00, 0x00, 0x00, 0x00, 0x00, 0x00, 0x00, 0x00, 0x00, 0x00, 0x00, 0x00, 0x00,
  0x00, 0x00, 0x00, 0x00, 0xBA, 0xD6, 0xFF, 0xFF, 0xDF, 0xFF, 0xFF, 0xFF, 0x96, 0xB5, 0x00, 0x00,
  0x00, 0x00, 0x00, 0x00, 0x00, 0x00, 0x00, 0x00, 0x00, 0x00, 0x00, 0x00, 0x00, 0x00, 0x00, 0x00,
  0x00, 0x00, 0x00, 0x00, 0x00, 0x00, 0x00, 0x00, 0x00, 0x00, 0x00, 0x00, 0x00, 0x00, 0x00, 0x00,
  0x00, 0x00, 0x00, 0x00, 0x00, 0x00, 0x00, 0x00, 0x00, 0x00, 0x00, 0x00, 0x00, 0x00, 0x00, 0x00,
  0x00, 0x00, 0x00, 0x00, 0x00, 0x00, 0x00, 0x00, 0x00, 0x00, 0x51, 0x8C, 0xFF, 0xFF, 0xDF, 0xFF,
  0xFF, 0xFF, 0xFF, 0xFF, 0x65, 0x29, 0x00, 0x00, 0x20, 0x00, 0x00, 0x00, 0x18, 0xC6, 0xFF, 0xFF,
  0xFF, 0xFF, 0xFF, 0xFF, 0xBE, 0xF7, 0xDB, 0xDE, 0xDB, 0xDE, 0xDB, 0xDE, 0xDB, 0xDE, 0xDB, 0xDE,
  0xDB, 0xDE, 0xDB, 0xDE, 0xDB, 0xDE, 0xDB, 0xDE, 0x9A, 0xD6, 0x34, 0xA5, 0x28, 0x42, 0x00, 0x00,
  0x00, 0x00, 0x00, 0x00, 0x00, 0x00, 0x00, 0x00, 0x20, 0x00, 0xFB, 0xDE, 0xFF, 0xFF, 0xDF, 0xFF,
  0xFF, 0xFF, 0x79, 0xCE, 0xCF, 0x7B, 0xEF, 0x7B, 0xCF, 0x7B, 0xCF, 0x7B, 0xEF, 0x7B, 0x55, 0xAD,
  0xDF, 0xFF, 0xFF, 0xFF, 0xFF, 0xFF, 0xFF, 0xFF, 0x5D, 0xEF, 0x08, 0x42, 0x00, 0x00, 0x00, 0x00,
  0x00, 0x00, 0x20, 0x00, 0x00, 0x00, 0x4D, 0x6B, 0xFF, 0xFF, 0xDF, 0xFF, 0xFF, 0xFF, 0xFF, 0xFF,
  0x45, 0x29, 0x00, 0x00, 0x00, 0x00, 0x00, 0x00, 0x00, 0x00, 0x00, 0x00, 0x00, 0x00, 0x00, 0x00,
  0x00, 0x00, 0x00, 0x00, 0x00, 0x00, 0x00, 0x00, 0x00, 0x00, 0x00, 0x00, 0x00, 0x00, 0x00, 0x00,
  0x00, 0x00, 0x00, 0x00, 0x00, 0x00, 0x00, 0x00, 0x00, 0x00, 0x00, 0x00, 0x00, 0x00, 0x00, 0x00,
  0x00, 0x00, 0x00, 0x00, 0x00, 0x00, 0x00, 0x00, 0x00, 0x00, 0x00, 0x00, 0xE3, 0x18, 0xBE, 0xF7,
  0xFF, 0xFF, 0xDF, 0xFF, 0xFF, 0xFF, 0xF3, 0x9C, 0x00, 0x00, 0x20, 0x00, 0x00, 0x00, 0x00, 0x00,
  0x00, 0x00, 0x00, 0x00, 0x00, 0x00, 0x00, 0x00, 0x00, 0x00, 0x00, 0x00, 0x00, 0x00, 0x00, 0x00,
  0x00, 0x00, 0x00, 0x00, 0x00, 0x00, 0x00, 0x00, 0x00, 0x00, 0x59, 0xCE, 0xFF, 0xFF, 0xDF, 0xFF,
  0xFF, 0xFF, 0xDB, 0xDE, 0x00, 0x00, 0x00, 0x00, 0x00, 0x00, 0xC3, 0x18, 0xBE, 0xF7, 0xFF, 0xFF,
  0xDF, 0xFF, 0xFF, 0xFF, 0xEF, 0x7B, 0x00, 0x00, 0x41, 0x08, 0x00, 0x00, 0x92, 0x94, 0xFF, 0xFF,
  0xDF, 0xFF, 0xFF, 0xFF, 0x7D, 0xEF, 0x82, 0x10, 0x00, 0x00, 0x00, 0x00, 0x00, 0x00, 0x00, 0x00,
  0x00, 0x00, 0x00, 0x00, 0x00, 0x00, 0x00, 0x00, 0x00, 0x00, 0x00, 0x00, 0x00, 0x00, 0x00, 0x00,
  0x61, 0x40, 0xC6, 0xF9, 0xE3, 0x88, 0x00, 0x00, 0x00, 0x00, 0x00, 0x00, 0x00, 0x00, 0x41, 0x30,
  0x03, 0x91, 0x84, 0xC9, 0xA5, 0xE1, 0xC5, 0xF1, 0xC6, 0xF1, 0xA5, 0xE9, 0xA5, 0xE1, 0xA5, 0xE9,
  0xA5, 0xE9, 0xA5, 0xE9, 0xA5, 0xE1, 0xC5, 0xF1, 0x64, 0xC1, 0x00, 0x08, 0x00, 0x00, 0x61, 0x38,
  0xC5, 0xF1, 0xA5, 0xE1, 0xA5, 0xE9, 0xA5, 0xE9, 0xA5, 0xE1, 0xC5, 0xF1, 0x44, 0xB9, 0x00, 0x00,
  0x00, 0x00, 0x03, 0x91, 0xC6, 0xF9, 0xA5, 0xE1, 0xA5, 0xE9, 0xA5, 0xE1, 0xA5, 0xE9, 0xA5, 0xE1,
  0x20, 0x18, 0x00, 0x00, 0x00, 0x00, 0x00, 0x00, 0x00, 0x00, 0x00, 0x00, 0x00, 0x00, 0x00, 0x00,
  0x00, 0x00, 0x00, 0x00, 0x00, 0x00, 0x00, 0x00, 0x00, 0x00, 0x00, 0x00, 0x00, 0x00, 0x00, 0x00,
  0x00, 0x00, 0x00, 0x00, 0xBA, 0xD6, 0xFF, 0xFF, 0xDF, 0xFF, 0xFF, 0xFF, 0x96, 0xB5, 0x00, 0x00,
  0x20, 0x00, 0x00, 0x00, 0x00, 0x00, 0x00, 0x00, 0x00, 0x00, 0x00, 0x00, 0x00, 0x00, 0x00, 0x00,
  0x00, 0x00, 0x00, 0x00, 0x00, 0x00, 0x00, 0x00, 0x00, 0x00, 0x00, 0x00, 0x00, 0x00, 0x00, 0x00,
  0x00, 0x00, 0x00, 0x00, 0x00, 0x00, 0x00, 0x00, 0x20, 0x00, 0x20, 0x00, 0x20, 0x00, 0x20, 0x00,
  0x20, 0x00, 0x20, 0x00, 0x20, 0x00, 0x41, 0x08, 0x20, 0x00, 0x0C, 0x63, 0xFF, 0xFF, 0xDF, 0xFF,
  0xFF, 0xFF, 0xFF, 0xFF, 0x65, 0x29, 0x00, 0x00, 0x20, 0x00, 0x00, 0x00, 0x18, 0xC6, 0xFF, 0xFF,
  0xDF, 0xFF, 0xFF, 0xFF, 0x59, 0xCE, 0x00, 0x00, 0x00, 0x00, 0x00, 0x00, 0x00, 0x00, 0x00, 0x00,
  0x00, 0x00, 0x00, 0x00, 0x00, 0x00, 0x00, 0x00, 0x00, 0x00, 0x00, 0x00, 0x00, 0x00, 0x00, 0x00,
  0x00, 0x00, 0x00, 0x00, 0x00, 0x00, 0x00, 0x00, 0x20, 0x00, 0xFB, 0xDE, 0xFF, 0xFF, 0xDF, 0xFF,
  0xFF, 0xFF, 0xF3, 0x9C, 0x00, 0x00, 0x00, 0x00, 0x00, 0x00, 0x00, 0x00, 0x00, 0x00, 0x00, 0x00,
  0x86, 0x31, 0xFB, 0xDE, 0xFF, 0xFF, 0xFF, 0xFF, 0xFF, 0xFF, 0xFF, 0xFF, 0x45, 0x29, 0x00, 0x00,
  0x00, 0x00, 0x20, 0x00, 0x00, 0x00, 0x4D, 0x6B, 0xFF, 0xFF, 0xDF, 0xFF, 0xFF, 0xFF, 0xFF, 0xFF,
  0x65, 0x29, 0x00, 0x00, 0x00, 0x00, 0x00, 0x00, 0x00, 0x00, 0x00, 0x00, 0x00, 0x00, 0x00, 0x00,
  0x00, 0x00, 0x00, 0x00, 0x00, 0x00, 0x00, 0x00, 0x00, 0x00, 0x00, 0x00, 0x00, 0x00, 0x00, 0x00,
  0x00, 0x00, 0x00, 0x00, 0x00, 0x00, 0x00, 0x00, 0x00, 0x00, 0x20, 0x00, 0x20, 0x00, 0x20, 0x00,
  0x20, 0x00, 0x20, 0x00, 0x20, 0x00, 0x20, 0x00, 0x20, 0x00, 0x20, 0x00, 0x41, 0x08, 0x3C, 0xE7,
  0xFF, 0xFF, 0xDF, 0xFF, 0xFF, 0xFF, 0xF3, 0x9C, 0x00, 0x00, 0x20, 0x00, 0x00, 0x00, 0x00, 0x00,
  0x00, 0x00, 0x00, 0x00, 0x00, 0x00, 0x00, 0x00, 0x20, 0x00, 0x20, 0x00, 0x20, 0x00, 0x20, 0x00,
  0x20, 0x00, 0x20, 0x00, 0x20, 0x00, 0x20, 0x00, 0x00, 0x00, 0x55, 0xAD, 0xFF, 0xFF, 0xDF, 0xFF,
  0xFF, 0xFF, 0xDB, 0xDE, 0x00, 0x00, 0x00, 0x00, 0x00, 0x00, 0xC3, 0x18, 0xBE, 0xF7, 0xFF, 0xFF,
  0xDF, 0xFF, 0xFF, 0xFF, 0xEF, 0x7B, 0x00, 0x00, 0x41, 0x08, 0x00, 0x00, 0x92, 0x94, 0xFF, 0xFF,
  0xDF, 0xFF, 0xFF, 0xFF, 0x7D, 0xEF, 0x82, 0x10, 0x00, 0x00, 0x00, 0x00, 0x00, 0x00, 0x00, 0x00,
  0x00, 0x00, 0x00, 0x00, 0x00, 0x00, 0x00, 0x00, 0x00, 0x00, 0x00, 0x00, 0x00, 0x00, 0x00, 0x00,
  0x00, 0x08, 0x85, 0xD9, 0x64, 0xC9, 0x00, 0x00, 0x00, 0x00, 0x00, 0x00, 0x00, 0x00, 0x00, 0x00,
  0x00, 0x00, 0x00, 0x00, 0x20, 0x18, 0x81, 0x40, 0x03, 0x91, 0xA5, 0xE1, 0xC5, 0xF1, 0xA5, 0xE1,
  0xA5, 0xE9, 0xA5, 0xE9, 0xA5, 0xE9, 0xA5, 0xE1, 0xC6, 0xF9, 0xE2, 0x78, 0x00, 0x00, 0x00, 0x00,
  0x44, 0xA9, 0xC5, 0xF1, 0xA5, 0xE1, 0xA5, 0xE9, 0xA5, 0xE9, 0xA5, 0xE1, 0xA5, 0xE9, 0x41, 0x28,
  0x00, 0x00, 0x81, 0x48, 0xC6, 0xF1, 0xA5, 0xE1, 0xA5, 0xE9, 0xA5, 0xE9, 0xA5, 0xE1, 0xC6, 0xF1,
  0x81, 0x48, 0x00, 0x00, 0x00, 0x00, 0x00, 0x00, 0x00, 0x00, 0x00, 0x00, 0x00, 0x00, 0x00, 0x00,
  0x00, 0x00, 0x00, 0x00, 0x00, 0x00, 0x00, 0x00, 0x00, 0x00, 0x00, 0x00, 0x00, 0x00, 0x00, 0x00,
  0x00, 0x00, 0x00, 0x00, 0xBA, 0xD6, 0xFF, 0xFF, 0xDF, 0xFF, 0xFF, 0xFF, 0x96, 0xB5, 0x00, 0x00,
  0x00, 0x00, 0x00, 0x00, 0x00, 0x00, 0x00, 0x00, 0x00, 0x00, 0x00, 0x00, 0x00, 0x00, 0x00, 0x00,
  0x00, 0x00, 0x00, 0x00, 0x00, 0x00, 0x00, 0x00, 0x00, 0x00, 0x00, 0x00, 0x00, 0x00, 0x00, 0x00,
  0x00, 0x00, 0x00, 0x00, 0x00, 0x00, 0x00, 0x00, 0x00, 0x00, 0x00, 0x00, 0x00, 0x00, 0x00, 0x00,
  0x00, 0x00, 0x00, 0x00, 0x00, 0x00, 0x20, 0x00, 0x00, 0x00, 0x2C, 0x63, 0xFF, 0xFF, 0xDF, 0xFF,
  0xFF, 0xFF, 0xFF, 0xFF, 0x65, 0x29, 0x00, 0x00, 0x20, 0x00, 0x00, 0x00, 0x18, 0xC6, 0xFF, 0xFF,
  0xDF, 0xFF, 0xFF, 0xFF, 0x59, 0xCE, 0x00, 0x00, 0x00, 0x00, 0x00, 0x00, 0x00, 0x00, 0x00, 0x00,
  0x00, 0x00, 0x00, 0x00, 0x00, 0x00, 0x00, 0x00, 0x00, 0x00, 0x00, 0x00, 0x00, 0x00, 0x00, 0x00,
  0x00, 0x00, 0x00, 0x00, 0x00, 0x00, 0x00, 0x00, 0x20, 0x00, 0xFB, 0xDE, 0xFF, 0xFF, 0xDF, 0xFF,
  0xFF, 0xFF, 0x34, 0xA5, 0x20, 0x00, 0x41, 0x08, 0x20, 0x00, 0x20, 0x00, 0x20, 0x00, 0x20, 0x00,
  0x00, 0x00, 0xC7, 0x39, 0xFF, 0xFF, 0xFF, 0xFF, 0xDF, 0xFF, 0xFF, 0xFF, 0x14, 0xA5, 0x00, 0x00,
  0x00, 0x00, 0x20, 0x00, 0x00, 0x00, 0x4D, 0x6B, 0xFF, 0xFF, 0xDF, 0xFF, 0xFF, 0xFF, 0xFF, 0xFF,
  0x65, 0x29, 0x00, 0x00, 0x00, 0x00, 0x00, 0x00, 0x00, 0x00, 0x00, 0x00, 0x00, 0x00, 0x00, 0x00,
  0x00, 0x00, 0x00, 0x00, 0x00, 0x00, 0x00, 0x00, 0x00, 0x00, 0x00, 0x00, 0x00, 0x00, 0x00, 0x00,
  0x00, 0x00, 0x00, 0x00, 0x00, 0x00, 0x00, 0x00, 0x00, 0x00, 0x00, 0x00, 0x00, 0x00, 0x00, 0x00,
  0x00, 0x00, 0x00, 0x00, 0x00, 0x00, 0x00, 0x00, 0x00, 0x00, 0x00, 0x00, 0x61, 0x08, 0x3C, 0xE7,
  0xFF, 0xFF, 0xDF, 0xFF, 0xFF, 0xFF, 0xF3, 0x9C, 0x00, 0x00, 0x20, 0x00, 0x00, 0x00, 0x00, 0x00,
  0x00, 0x00, 0x00, 0x00, 0x00, 0x00, 0x00, 0x00, 0x00, 0x00, 0x00, 0x00, 0x00, 0x00, 0x00, 0x00,
  0x00, 0x00, 0x00, 0x00, 0x00, 0x00, 0x00, 0x00, 0x00, 0x00, 0x75, 0xAD, 0xFF, 0xFF, 0xDF, 0xFF,
  0xFF, 0xFF, 0xDB, 0xDE, 0x00, 0x00, 0x00, 0x00, 0x00, 0x00, 0xC3, 0x18, 0xBE, 0xF7, 0xFF, 0xFF,
  0xDF, 0xFF, 0xFF, 0xFF, 0xEF, 0x7B, 0x00, 0x00, 0x41, 0x08, 0x00, 0x00, 0x92, 0x94, 0xFF, 0xFF,
  0xDF, 0xFF, 0xFF, 0xFF, 0x7D, 0xEF, 0x82, 0x10, 0x00, 0x00, 0x00, 0x00, 0x00, 0x00, 0x00, 0x00,
  0x00, 0x00, 0x00, 0x00, 0x00, 0x00, 0x00, 0x00, 0x00, 0x00, 0x00, 0x00, 0x00, 0x00, 0x00, 0x00,
  0x00, 0x00, 0x03, 0x91, 0xE6, 0xF9, 0x61, 0x38, 0x00, 0x00, 0x00, 0x00, 0x00, 0x00, 0x00, 0x00,
  0x00, 0x00, 0x00, 0x00, 0x00, 0x00, 0x00, 0x00, 0x00, 0x00, 0x61, 0x30, 0x64, 0xC1, 0xC5, 0xF1,
  0xA5, 0xE1, 0xA5, 0xE9, 0xA5, 0xE9, 0xA5, 0xE1, 0xA5, 0xE9, 0x85, 0xD9, 0x20, 0x18, 0x00, 0x00,
  0x81, 0x48, 0xC6, 0xF1, 0xA5, 0xE1, 0xA5, 0xE9, 0xA5, 0xE9, 0xA5, 0xE1, 0xC6, 0xF9, 0xC2, 0x68,
  0x00, 0x00, 0x20, 0x18, 0x85, 0xE1, 0xA5, 0xE9, 0xA5, 0xE1, 0xA5, 0xE9, 0xA5, 0xE1, 0xC6, 0xF9,
  0xE3, 0x78, 0x00, 0x00, 0x00, 0x00, 0x00, 0x00, 0x00, 0x00, 0x00, 0x00, 0x00, 0x00, 0x00, 0x00,
  0x00, 0x00, 0x00, 0x00, 0x00, 0x00, 0x00, 0x00, 0x00, 0x00, 0x00, 0x00, 0x00, 0x00, 0x00, 0x00,
  0x00, 0x00, 0x00, 0x00, 0xBA, 0xD6, 0xFF, 0xFF, 0xDF, 0xFF, 0xFF, 0xFF, 0x96, 0xB5, 0x00, 0x00,
  0x00, 0x00, 0x00, 0x00, 0x00, 0x00, 0x00, 0x00, 0x00, 0x00, 0x00, 0x00, 0x00, 0x00, 0x00, 0x00,
  0x00, 0x00, 0x00, 0x00, 0x00, 0x00, 0x00, 0x00, 0x00, 0x00, 0x00, 0x00, 0x00, 0x00, 0x00, 0x00,
  0x00, 0x00, 0x00, 0x00, 0x00, 0x00, 0x00, 0x00, 0x00, 0x00, 0x00, 0x00, 0x00, 0x00, 0x00, 0x00,
  0x00, 0x00, 0x00, 0x00, 0x00, 0x00, 0x20, 0x00, 0x00, 0x00, 0x2C, 0x63, 0xFF, 0xFF, 0xDF, 0xFF,
  0xFF, 0xFF, 0xFF, 0xFF, 0x65, 0x29, 0x00, 0x00, 0x20, 0x00, 0x00, 0x00, 0x18, 0xC6, 0xFF, 0xFF,
  0xDF, 0xFF, 0xFF, 0xFF, 0x59, 0xCE, 0x00, 0x00, 0x00, 0x00, 0x00, 0x00, 0x00, 0x00, 0x00, 0x00,
  0x00, 0x00, 0x00, 0x00, 0x00, 0x00, 0x00, 0x00, 0x00, 0x00, 0x00, 0x00, 0x00, 0x00, 0x00, 0x00,
  0x00, 0x00, 0x00, 0x00, 0x00, 0x00, 0x00, 0x00, 0x20, 0x00, 0xFB, 0xDE, 0xFF, 0xFF, 0xDF, 0xFF,
  0xFF, 0xFF, 0x34, 0xA5, 0x00, 0x00, 0x20, 0x00, 0x00, 0x00, 0x00, 0x00, 0x00, 0x00, 0x00, 0x00,
  0x20, 0x00, 0x00, 0x00, 0x38, 0xC6, 0xFF, 0xFF, 0xDF, 0xFF, 0xFF, 0xFF, 0x7D, 0xEF, 0x82, 0x10,
  0x00, 0x00, 0x20, 0x00, 0x00, 0x00, 0x4D, 0x6B, 0xFF, 0xFF, 0xDF, 0xFF, 0xFF, 0xFF, 0xFF, 0xFF,
  0x65, 0x29, 0x00, 0x00, 0x00, 0x00, 0x00, 0x00, 0x00, 0x00, 0x00, 0x00, 0x00, 0x00, 0x00, 0x00,
  0x00, 0x00, 0x00, 0x00, 0x00, 0x00, 0x00, 0x00, 0x00, 0x00, 0x00, 0x00, 0x00, 0x00, 0x00, 0x00,
  0x00, 0x00, 0x00, 0x00, 0x00, 0x00, 0x00, 0x00, 0x00, 0x00, 0x00, 0x00, 0x00, 0x00, 0x00, 0x00,
  0x00, 0x00, 0x00, 0x00, 0x00, 0x00, 0x00, 0x00, 0x00, 0x00, 0x00, 0x00, 0x41, 0x08, 0x3C, 0xE7,
  0xFF, 0xFF, 0xDF, 0xFF, 0xFF, 0xFF, 0xF3, 0x9C, 0x00, 0x00, 0x20, 0x00, 0x00, 0x00, 0x00, 0x00,
  0x00, 0x00, 0x00, 0x00, 0x00, 0x00, 0x00, 0x00, 0x00, 0x00, 0x00, 0x00, 0x00, 0x00, 0x00, 0x00,
  0x00, 0x00, 0x00, 0x00, 0x00, 0x00, 0x00, 0x00, 0x00, 0x00, 0x75, 0xAD, 0xFF, 0xFF, 0xDF, 0xFF,
  0xFF, 0xFF, 0xDB, 0xDE, 0x00, 0x00, 0x00, 0x00, 0x00, 0x00, 0xC3, 0x18, 0xBE, 0xF7, 0xFF, 0xFF,
  0xDF, 0xFF, 0xFF, 0xFF, 0xEF, 0x7B, 0x00, 0x00, 0x41, 0x08, 0x00, 0x00, 0x92, 0x94, 0xFF, 0xFF,
  0xDF, 0xFF, 0xFF, 0xFF, 0x7D, 0xEF, 0x82, 0x10, 0x00, 0x00, 0x00, 0x00, 0x00, 0x00, 0x00, 0x00,
  0x00, 0x00, 0x00, 0x00, 0x00, 0x00, 0x00, 0x00, 0x00, 0x00, 0x00, 0x00, 0x00, 0x00, 0x00, 0x00,
  0x00, 0x00, 0x61, 0x38, 0xE6, 0xF9, 0x23, 0x99, 0x00, 0x00, 0x00, 0x00, 0x00, 0x00, 0x00, 0x00,
  0x00, 0x00, 0x00, 0x00, 0x20, 0x08, 0x20, 0x18, 0x00, 0x00, 0x00, 0x00, 0x20, 0x10, 0x64, 0xC9,
  0xC5, 0xF1, 0xA5, 0xE1, 0xA5, 0xE9, 0xA5, 0xE9, 0xA5, 0xE1, 0xC6, 0xF9, 0xC2, 0x68, 0x00, 0x00,
  0x20, 0x10, 0x85, 0xD1, 0xA5, 0xE9, 0xA5, 0xE1, 0xA5, 0xE9, 0xA5, 0xE1, 0xC6, 0xF1, 0x23, 0x99,
  0x00, 0x00, 0x00, 0x00, 0x44, 0xB9, 0xC5, 0xF1, 0xA5, 0xE1, 0xA5, 0xE9, 0xA5, 0xE1, 0xC6, 0xF1,
  0x24, 0xA1, 0x00, 0x00, 0x00, 0x00, 0x00, 0x00, 0x00, 0x00, 0x00, 0x00, 0x00, 0x00, 0x00, 0x00,
  0x00, 0x00, 0x00, 0x00, 0x00, 0x00, 0x00, 0x00, 0x00, 0x00, 0x00, 0x00, 0x00, 0x00, 0x00, 0x00,
  0x00, 0x00, 0x00, 0x00, 0xBA, 0xD6, 0xFF, 0xFF, 0xDF, 0xFF, 0xFF, 0xFF, 0x96, 0xB5, 0x00, 0x00,
  0x00, 0x00, 0x00, 0x00, 0x00, 0x00, 0x00, 0x00, 0x00, 0x00, 0x00, 0x00, 0x00, 0x00, 0x00, 0x00,
  0x00, 0x00, 0x00, 0x00, 0x00, 0x00, 0x00, 0x00, 0x00, 0x00, 0x00, 0x00, 0x00, 0x00, 0x00, 0x00,
  0x00, 0x00, 0x00, 0x00, 0x00, 0x00, 0x00, 0x00, 0x00, 0x00, 0x00, 0x00, 0x00, 0x00, 0x00, 0x00,
  0x00, 0x00, 0x00, 0x00, 0x00, 0x00, 0x20, 0x00, 0x00, 0x00, 0x2C, 0x63, 0xFF, 0xFF, 0xDF, 0xFF,
  0xFF, 0xFF, 0xFF, 0xFF, 0x65, 0x29, 0x00, 0x00, 0x20, 0x00, 0x00, 0x00, 0x18, 0xC6, 0xFF, 0xFF,
  0xDF, 0xFF, 0xFF, 0xFF, 0x59, 0xCE, 0x00, 0x00, 0x00, 0x00, 0x00, 0x00, 0x00, 0x00, 0x00, 0x00,
  0x00, 0x00, 0x00, 0x00, 0x00, 0x00, 0x00, 0x00, 0x00, 0x00, 0x00, 0x00, 0x00, 0x00, 0x00, 0x00,
  0x00, 0x00, 0x00, 0x00, 0x00, 0x00, 0x00, 0x00, 0x20, 0x00, 0xFB, 0xDE, 0xFF, 0xFF, 0xDF, 0xFF,
  0xFF, 0xFF, 0x34, 0xA5, 0x00, 0x00, 0x20, 0x00, 0x00, 0x00, 0x00, 0x00, 0x00, 0x00, 0x00, 0x00,
  0x20, 0x00, 0x00, 0x00, 0x51, 0x8C, 0xFF, 0xFF, 0xDF, 0xFF, 0xFF, 0xFF, 0xFF, 0xFF, 0x08, 0x42,
  0x00, 0x00, 0x20, 0x00, 0x00, 0x00, 0x4D, 0x6B, 0xFF, 0xFF, 0xDF, 0xFF, 0xFF, 0xFF, 0xFF, 0xFF,
  0x65, 0x29, 0x00, 0x00, 0x00, 0x00, 0x00, 0x00, 0x00, 0x00, 0x00, 0x00, 0x00, 0x00, 0x00, 0x00,
  0x00, 0x00, 0x00, 0x00, 0x00, 0x00, 0x00, 0x00, 0x00, 0x00, 0x00, 0x00, 0x00, 0x00, 0x00, 0x00,
  0x00, 0x00, 0x00, 0x00, 0x00, 0x00, 0x00, 0x00, 0x00, 0x00, 0x00, 0x00, 0x00, 0x00, 0x00, 0x00,
  0x00, 0x00, 0x00, 0x00, 0x00, 0x00, 0x00, 0x00, 0x00, 0x00, 0x00, 0x00, 0x41, 0x08, 0x3C, 0xE7,
  0xFF, 0xFF, 0xDF, 0xFF, 0xFF, 0xFF, 0xF3, 0x9C, 0x00, 0x00, 0x20, 0x00, 0x00, 0x00, 0x00, 0x00,
  0x00, 0x00, 0x00, 0x00, 0x00, 0x00, 0x00, 0x00, 0x00, 0x00, 0x00, 0x00, 0x00, 0x00, 0x00, 0x00,
  0x00, 0x00, 0x00, 0x00, 0x00, 0x00, 0x00, 0x00, 0x00, 0x00, 0x75, 0xAD, 0xFF, 0xFF, 0xDF, 0xFF,
  0xFF, 0xFF, 0xDB, 0xDE, 0x00, 0x00, 0x00, 0x00, 0x00, 0x00, 0xC3, 0x18, 0xBE, 0xF7, 0xFF, 0xFF,
  0xDF, 0xFF, 0xFF, 0xFF, 0xEF, 0x7B, 0x00, 0x00, 0x41, 0x08, 0x00, 0x00, 0x92, 0x94, 0xFF, 0xFF,
  0xDF, 0xFF, 0xFF, 0xFF, 0x7D, 0xEF, 0x82, 0x10, 0x00, 0x00, 0x00, 0x00, 0x00, 0x00, 0x00, 0x00,
  0x00, 0x00, 0x00, 0x00, 0x00, 0x00, 0x00, 0x00, 0x00, 0x00, 0x00, 0x00, 0x00, 0x00, 0x00, 0x00,
  0x00, 0x00, 0x00, 0x00, 0x44, 0xB9, 0xC6, 0xF1, 0x41, 0x28, 0x00, 0x00, 0x00, 0x00, 0x00, 0x00,
  0x00, 0x00, 0xE3, 0x78, 0x85, 0xD9, 0x85, 0xE1, 0x44, 0xA9, 0x40, 0x20, 0x00, 0x00, 0x41, 0x30,
  0xA5, 0xE9, 0xA5, 0xE1, 0xA5, 0xE9, 0xA5, 0xE9, 0xA5, 0xE1, 0xC5, 0xF1, 0x44, 0xB1, 0x00, 0x00,
  0x00, 0x00, 0x23, 0xA1, 0xC6, 0xF1, 0xA5, 0xE1, 0xA5, 0xE9, 0xA5, 0xE1, 0xC5, 0xF1, 0x64, 0xC1,
  0x00, 0x00, 0x00, 0x00, 0x23, 0x99, 0xC6, 0xF1, 0xA5, 0xE1, 0xA5, 0xE9, 0xA5, 0xE1, 0xC6, 0xF9,
  0xA2, 0x58, 0x00, 0x00, 0x00, 0x00, 0x00, 0x00, 0x00, 0x00, 0x00, 0x00, 0x00, 0x00, 0x00, 0x00,
  0x00, 0x00, 0x00, 0x00, 0x00, 0x00, 0x00, 0x00, 0x00, 0x00, 0x00, 0x00, 0x00, 0x00, 0x00, 0x00,
  0x00, 0x00, 0x00, 0x00, 0xBA, 0xD6, 0xFF, 0xFF, 0xDF, 0xFF, 0xFF, 0xFF, 0x96, 0xB5, 0x00, 0x00,
  0x00, 0x00, 0x00, 0x00, 0x00, 0x00, 0x00, 0x00, 0x00, 0x00, 0x00, 0x00, 0x00, 0x00, 0x00, 0x00,
  0x00, 0x00, 0x00, 0x00, 0x00, 0x00, 0x00, 0x00, 0x00, 0x00, 0x00, 0x00, 0x00, 0x00, 0x00, 0x00,
  0x00, 0x00, 0x00, 0x00, 0x00, 0x00, 0x00, 0x00, 0x00, 0x00, 0x00, 0x00, 0x00, 0x00, 0x00, 0x00,
  0x00, 0x00, 0x00, 0x00, 0x00, 0x00, 0x20, 0x00, 0x00, 0x00, 0x2C, 0x63, 0xFF, 0xFF, 0xDF, 0xFF,
  0xFF, 0xFF, 0xFF, 0xFF, 0x65, 0x29, 0x00, 0x00, 0x20, 0x00, 0x00, 0x00, 0x18, 0xC6, 0xFF, 0xFF,
  0xDF, 0xFF, 0xFF, 0xFF, 0x59, 0xCE, 0x00, 0x00, 0x00, 0x00, 0x00, 0x00, 0x00, 0x00, 0x00, 0x00,
  0x00, 0x00, 0x00, 0x00, 0x00, 0x00, 0x00, 0x00, 0x00, 0x00, 0x00, 0x00, 0x00, 0x00, 0x00, 0x00,
  0x00, 0x00, 0x00, 0x00, 0x00, 0x00, 0x00, 0x00, 0x20, 0x00, 0xFB, 0xDE, 0xFF, 0xFF, 0xDF, 0xFF,
  0xFF, 0xFF, 0x34, 0xA5, 0x00, 0x00, 0x20, 0x00, 0x00, 0x00, 0x00, 0x00, 0x00, 0x00, 0x00, 0x00,
  0x20, 0x00, 0x00, 0x00, 0xAA, 0x52, 0xFF, 0xFF, 0xFF, 0xFF, 0xDF, 0xFF, 0xFF, 0xFF, 0xCF, 0x7B,
  0x00, 0x00, 0x41, 0x08, 0x00, 0x00, 0x4D, 0x6B, 0xFF, 0xFF, 0xDF, 0xFF, 0xFF, 0xFF, 0xFF, 0xFF,
  0x65, 0x29, 0x00, 0x00, 0x00, 0x00, 0x00, 0x00, 0x00, 0x00, 0x00, 0x00, 0x00, 0x00, 0x00, 0x00,
  0x00, 0x00, 0x00, 0x00, 0x00, 0x00, 0x00, 0x00, 0x00, 0x00, 0x00, 0x00, 0x00, 0x00, 0x00, 0x00,
  0x00, 0x00, 0x00, 0x00, 0x00, 0x00, 0x00, 0x00, 0x00, 0x00, 0x00, 0x00, 0x00, 0x00, 0x00, 0x00,
  0x00, 0x00, 0x00, 0x00, 0x00, 0x00, 0x00, 0x00, 0x00, 0x00, 0x00, 0x00, 0x61, 0x08, 0x3C, 0xE7,
  0xFF, 0xFF, 0xDF, 0xFF, 0xFF, 0xFF, 0xF3, 0x9C, 0x00, 0x00, 0x20, 0x00, 0x00, 0x00, 0x00, 0x00,
  0x00, 0x00, 0x00, 0x00, 0x00, 0x00, 0x00, 0x00, 0x00, 0x00, 0x00, 0x00, 0x00, 0x00, 0x00, 0x00,
  0x00, 0x00, 0x00, 0x00, 0x00, 0x00, 0x00, 0x00, 0x00, 0x00, 0x75, 0xAD, 0xFF, 0xFF, 0xDF, 0xFF,
  0xFF, 0xFF, 0xDB, 0xDE, 0x00, 0x00, 0x00, 0x00, 0x00, 0x00, 0xC3, 0x18, 0xBE, 0xF7, 0xFF, 0xFF,
  0xDF, 0xFF, 0xFF, 0xFF, 0xEF, 0x7B, 0x00, 0x00, 0x41, 0x08, 0x00, 0x00, 0x92, 0x94, 0xFF, 0xFF,
  0xDF, 0xFF, 0xFF, 0xFF, 0x7D, 0xEF, 0x82, 0x10, 0x00, 0x00, 0x00, 0x00, 0x00, 0x00, 0x00, 0x00,
  0x00, 0x00, 0x00, 0x00, 0x00, 0x00, 0x00, 0x00, 0x00, 0x00, 0x00, 0x00, 0x00, 0x00, 0x00, 0x00,
  0x00, 0x00, 0x00, 0x00, 0x81, 0x48, 0xE6, 0xF9, 0x24, 0xA1, 0x00, 0x00, 0x00, 0x00, 0x00, 0x00,
  0xC2, 0x68, 0xE6, 0xF9, 0xA5, 0xE9, 0xA5, 0xE9, 0xC6, 0xF9, 0x44, 0xB9, 0x00, 0x08, 0x00, 0x00,
  0x23, 0x99, 0xC6, 0xF1, 0xA5, 0xE1, 0xA5, 0xE9, 0xA5, 0xE1, 0xA5, 0xE9, 0x85, 0xD9, 0x20, 0x18,
  0x00, 0x00, 0xC2, 0x70, 0xC6, 0xF9, 0xA5, 0xE1, 0xA5, 0xE9, 0xA5, 0xE1, 0xA5, 0xE9, 0x85, 0xD9,
  0x20, 0x10, 0x00, 0x00, 0xE3, 0x78, 0xC6, 0xF9, 0xA5, 0xE1, 0xA5, 0xE1, 0xC6, 0xF1, 0x24, 0xA9,
  0x00, 0x00, 0x00, 0x00, 0x00, 0x00, 0x00, 0x00, 0x00, 0x00, 0x00, 0x00, 0x00, 0x00, 0x00, 0x00,
  0x00, 0x00, 0x00, 0x00, 0x00, 0x00, 0x00, 0x00, 0x00, 0x00, 0x00, 0x00, 0x00, 0x00, 0x00, 0x00,
  0x00, 0x00, 0x00, 0x00, 0xBA, 0xD6, 0xFF, 0xFF, 0xDF, 0xFF, 0xFF, 0xFF, 0x75, 0xAD, 0x00, 0x00,
  0x20, 0x00, 0x00, 0x00, 0x00, 0x00, 0x00, 0x00, 0x00, 0x00, 0x00, 0x00, 0x00, 0x00, 0x00, 0x00,
  0x00, 0x00, 0x00, 0x00, 0x00, 0x00, 0x00, 0x00, 0x00, 0x00, 0x00, 0x00, 0x00, 0x00, 0x00, 0x00,
  0x00, 0x00, 0x00, 0x00, 0x00, 0x00, 0x00, 0x00, 0x00, 0x00, 0x00, 0x00, 0x00, 0x00, 0x00, 0x00,
  0x00, 0x00, 0x00, 0x00, 0x00, 0x00, 0x20, 0x00, 0x00, 0x00, 0x0C, 0x63, 0xFF, 0xFF, 0xDF, 0xFF,
  0xFF, 0xFF, 0xFF, 0xFF, 0x65, 0x29, 0x00, 0x00, 0x20, 0x00, 0x00, 0x00, 0x18, 0xC6, 0xFF, 0xFF,
  0xDF, 0xFF, 0xFF, 0xFF, 0x59, 0xCE, 0x00, 0x00, 0x00, 0x00, 0x00, 0x00, 0x00, 0x00, 0x00, 0x00,
  0x00, 0x00, 0x00, 0x00, 0x00, 0x00, 0x00, 0x00, 0x00, 0x00, 0x00, 0x00, 0x00, 0x00, 0x00, 0x00,
  0x00, 0x00, 0x00, 0x00, 0x00, 0x00, 0x00, 0x00, 0x20, 0x00, 0xFB, 0xDE, 0xFF, 0xFF, 0xDF, 0xFF,
  0xFF, 0xFF, 0x34, 0xA5, 0x00, 0x00, 0x20, 0x00, 0x00, 0x00, 0x00, 0x00, 0x00, 0x00, 0x00, 0x00,
  0x00, 0x00, 0x00, 0x00, 0x24, 0x21, 0xFF, 0xFF, 0xFF, 0xFF, 0xDF, 0xFF, 0xFF, 0xFF, 0xB6, 0xB5,
  0x00, 0x00, 0x20, 0x00, 0x00, 0x00, 0x4D, 0x6B, 0xFF, 0xFF, 0xDF, 0xFF, 0xFF, 0xFF, 0xFF, 0xFF,
  0x24, 0x21, 0x00, 0x00, 0x20, 0x00, 0x00, 0x00, 0x00, 0x00, 0x00, 0x00, 0x00, 0x00, 0x00, 0x00,
  0x00, 0x00, 0x00, 0x00, 0x00, 0x00, 0x00, 0x00, 0x00, 0x00, 0x00, 0x00, 0x00, 0x00, 0x00, 0x00,
  0x00, 0x00, 0x00, 0x00, 0x00, 0x00, 0x00, 0x00, 0x00, 0x00, 0x00, 0x00, 0x00, 0x00, 0x00, 0x00,
  0x00, 0x00, 0x00, 0x00, 0x00, 0x00, 0x00, 0x00, 0x20, 0x00, 0x00, 0x00, 0x20, 0x00, 0x3C, 0xE7,
  0xFF, 0xFF, 0xDF, 0xFF, 0xFF, 0xFF, 0xF3, 0x9C, 0x00, 0x00, 0x20, 0x00, 0x00, 0x00, 0x00, 0x00,
  0x00, 0x00, 0x00, 0x00, 0x00, 0x00, 0x00, 0x00, 0x00, 0x00, 0x00, 0x00, 0x00, 0x00, 0x00, 0x00,
  0x00, 0x00, 0x00, 0x00, 0x00, 0x00, 0x20, 0x00, 0x00, 0x00, 0x75, 0xAD, 0xFF, 0xFF, 0xDF, 0xFF,
  0xFF, 0xFF, 0xDB, 0xDE, 0x00, 0x00, 0x00, 0x00, 0x00, 0x00, 0xC3, 0x18, 0xBE, 0xF7, 0xFF, 0xFF,
  0xDF, 0xFF, 0xFF, 0xFF, 0xEF, 0x7B, 0x00, 0x00, 0x41, 0x08, 0x00, 0x00, 0x92, 0x94, 0xFF, 0xFF,
  0xDF, 0xFF, 0xFF, 0xFF, 0x7D, 0xEF, 0x82, 0x10, 0x00, 0x00, 0x00, 0x00, 0x00, 0x00, 0x00, 0x00,
  0x00, 0x00, 0x00, 0x00, 0x00, 0x00, 0x00, 0x00, 0x00, 0x00, 0x00, 0x00, 0x00, 0x00, 0x00, 0x00,
  0x00, 0x00, 0x00, 0x00, 0x00, 0x00, 0x44, 0xA9, 0xE6, 0xF9, 0x81, 0x50, 0x00, 0x00, 0x00, 0x00,
  0x64, 0xB9, 0xA5, 0xE9, 0xA5, 0xE1, 0xA5, 0xE1, 0xA5, 0xE1, 0xC5, 0xF1, 0x61, 0x30, 0x00, 0x00,
  0xA2, 0x50, 0xC6, 0xF1, 0xA5, 0xE1, 0xA5, 0xE9, 0xA5, 0xE9, 0xA5, 0xE1, 0xA5, 0xE9, 0x61, 0x30,
  0x00, 0x00, 0xA2, 0x50, 0xC6, 0xF1, 0xA5, 0xE1, 0xA5, 0xE9, 0xA5, 0xE1, 0xA5, 0xE9, 0xA5, 0xE1,
  0x40, 0x20, 0x00, 0x00, 0xC2, 0x68, 0xC6, 0xF1, 0xA5, 0xE1, 0xC5, 0xE9, 0x85, 0xD9, 0x20, 0x18,
  0x00, 0x00, 0x00, 0x00, 0x00, 0x00, 0x00, 0x00, 0x00, 0x00, 0x00, 0x00, 0x00, 0x00, 0x00, 0x00,
  0x00, 0x00, 0x00, 0x00, 0x00, 0x00, 0x00, 0x00, 0x00, 0x00, 0x00, 0x00, 0x00, 0x00, 0x00, 0x00,
  0x00, 0x00, 0x00, 0x00, 0x9A, 0xD6, 0xFF, 0xFF, 0xDF, 0xFF, 0xFF, 0xFF, 0xFB, 0xDE, 0x61, 0x08,
  0x00, 0x00, 0x00, 0x00, 0x00, 0x00, 0x00, 0x00, 0x00, 0x00, 0x00, 0x00, 0x00, 0x00, 0x00, 0x00,
  0x00, 0x00, 0x00, 0x00, 0x00, 0x00, 0x00, 0x00, 0x00, 0x00, 0x00, 0x00, 0x00, 0x00, 0x00, 0x00,
  0x00, 0x00, 0x00, 0x00, 0x00, 0x00, 0x00, 0x00, 0x00, 0x00, 0x00, 0x00, 0x00, 0x00, 0x00, 0x00,
  0x00, 0x00, 0x00, 0x00, 0x00, 0x00, 0x00, 0x00, 0x00, 0x00, 0x34, 0xA5, 0xFF, 0xFF, 0xDF, 0xFF,
  0xFF, 0xFF, 0xFF, 0xFF, 0x45, 0x29, 0x00, 0x00, 0x20, 0x00, 0x00, 0x00, 0x18, 0xC6, 0xFF, 0xFF,
  0xDF, 0xFF, 0xFF, 0xFF, 0x59, 0xCE, 0x00, 0x00, 0x00, 0x00, 0x00, 0x00, 0x00, 0x00, 0x00, 0x00,
  0x00, 0x00, 0x00, 0x00, 0x00, 0x00, 0x00, 0x00, 0x00, 0x00, 0x00, 0x00, 0x00, 0x00, 0x00, 0x00,
  0x00, 0x00, 0x00, 0x00, 0x00, 0x00, 0x00, 0x00, 0x20, 0x00, 0xFB, 0xDE, 0xFF, 0xFF, 0xDF, 0xFF,
  0xFF, 0xFF, 0x34, 0xA5, 0x00, 0x00, 0x20, 0x00, 0x00, 0x00, 0x00, 0x00, 0x00, 0x00, 0x00, 0x00,
  0x00, 0x00, 0x00, 0x00, 0x20, 0x00, 0x1C, 0xE7, 0xFF, 0xFF, 0xFF, 0xFF, 0xFF, 0xFF, 0x3C, 0xE7,
  0x41, 0x08, 0x00, 0x00, 0x00, 0x00, 0x2C, 0x63, 0xFF, 0xFF, 0xDF, 0xFF, 0xFF, 0xFF, 0xFF, 0xFF,
  0x2C, 0x63, 0x00, 0x00, 0x00, 0x00, 0x00, 0x00, 0x00, 0x00, 0x00, 0x00, 0x00, 0x00, 0x00, 0x00,
  0x00, 0x00, 0x00, 0x00, 0x00, 0x00, 0x00, 0x00, 0x00, 0x00, 0x00, 0x00, 0x00, 0x00, 0x00, 0x00,
  0x00, 0x00, 0x00, 0x00, 0x00, 0x00, 0x00, 0x00, 0x00, 0x00, 0x00, 0x00, 0x00, 0x00, 0x00, 0x00,
  0x00, 0x00, 0x00, 0x00, 0x00, 0x00, 0x00, 0x00, 0x00, 0x00, 0x00, 0x00, 0xC7, 0x39, 0xDF, 0xFF,
  0xFF, 0xFF, 0xDF, 0xFF, 0xFF, 0xFF, 0xD3, 0x9C, 0x00, 0x00, 0x20, 0x00, 0x00, 0x00, 0x00, 0x00,
  0x00, 0x00, 0x00, 0x00, 0x00, 0x00, 0x00, 0x00, 0x00, 0x00, 0x00, 0x00, 0x00, 0x00, 0x00, 0x00,
  0x00, 0x00, 0x00, 0x00, 0x00, 0x00, 0x00, 0x00, 0x61, 0x08, 0xFB, 0xDE, 0xFF, 0xFF, 0xDF, 0xFF,
  0xFF, 0xFF, 0xBA, 0xD6, 0x00, 0x00, 0x00, 0x00, 0x00, 0x00, 0xC3, 0x18, 0xBE, 0xF7, 0xFF, 0xFF,
  0xDF, 0xFF, 0xFF, 0xFF, 0xEF, 0x7B, 0x00, 0x00, 0x41, 0x08, 0x00, 0x00, 0x92, 0x94, 0xFF, 0xFF,
  0xDF, 0xFF, 0xFF, 0xFF, 0x7D, 0xEF, 0x82, 0x10, 0x00, 0x00, 0x00, 0x00, 0x00, 0x00, 0x00, 0x00,
  0x00, 0x00, 0x00, 0x00, 0x00, 0x00, 0x00, 0x00, 0x00, 0x00, 0x00, 0x00, 0x00, 0x00, 0x00, 0x00,
  0x00, 0x00, 0x00, 0x00, 0x00, 0x00, 0x40, 0x20, 0xA5, 0xE9, 0xA5, 0xD9, 0x20, 0x18, 0x00, 0x00,
  0x44, 0xB9, 0xA5, 0xF1, 0xA5, 0xE1, 0xA5, 0xE1, 0xA5, 0xE1, 0xC5, 0xF1, 0x41, 0x30, 0x00, 0x00,
  0x61, 0x30, 0xA5, 0xE9, 0xA5, 0xE1, 0xA5, 0xE9, 0xA5, 0xE9, 0xA5, 0xE1, 0xC5, 0xF1, 0x81, 0x40,
  0x00, 0x00, 0x81, 0x40, 0xC5, 0xF1, 0xA5, 0xE1, 0xA5, 0xE9, 0xA5, 0xE9, 0xA5, 0xE9, 0xA5, 0xE9,
  0x41, 0x30, 0x00, 0x00, 0xA2, 0x60, 0xC6, 0xF9, 0xA5, 0xE9, 0xA5, 0xE9, 0x61, 0x38, 0x00, 0x00,
  0x00, 0x00, 0x00, 0x00, 0x00, 0x00, 0x00, 0x00, 0x00, 0x00, 0x00, 0x00, 0x00, 0x00, 0x00, 0x00,
  0x00, 0x00, 0x00, 0x00, 0x00, 0x00, 0x00, 0x00, 0x00, 0x00, 0x00, 0x00, 0x00, 0x00, 0x00, 0x00,
  0x00, 0x00, 0x00, 0x00, 0xB6, 0xB5, 0xFF, 0xFF, 0xFF, 0xFF, 0xFF, 0xFF, 0xFF, 0xFF, 0xDB, 0xDE,
  0x96, 0xB5, 0x96, 0xB5, 0x96, 0xB5, 0x96, 0xB5, 0x96, 0xB5, 0x96, 0xB5, 0x96, 0xB5, 0x96, 0xB5,
  0x96, 0xB5, 0x75, 0xAD, 0x96, 0xB5, 0xAE, 0x73, 0x00, 0x00, 0x20, 0x00, 0x00, 0x00, 0x28, 0x42,
  0xB6, 0xB5, 0x96, 0xB5, 0xB6, 0xB5, 0xB6, 0xB5, 0xB6, 0xB5, 0xB6, 0xB5, 0xB6, 0xB5, 0xB6, 0xB5,
  0xB6, 0xB5, 0xB6, 0xB5, 0xB6, 0xB5, 0xB6, 0xB5, 0x38, 0xC6, 0xFF, 0xFF, 0xFF, 0xFF, 0xFF, 0xFF,
  0xFF, 0xFF, 0x7D, 0xEF, 0x82, 0x10, 0x00, 0x00, 0x00, 0x00, 0x00, 0x00, 0x18, 0xC6, 0xFF, 0xFF,
  0xDF, 0xFF, 0xFF, 0xFF, 0x59, 0xCE, 0x00, 0x00, 0x00, 0x00, 0x00, 0x00, 0x00, 0x00, 0x00, 0x00,
  0x00, 0x00, 0x00, 0x00, 0x00, 0x00, 0x00, 0x00, 0x00, 0x00, 0x00, 0x00, 0x00, 0x00, 0x00, 0x00,
  0x00, 0x00, 0x00, 0x00, 0x00, 0x00, 0x00, 0x00, 0x20, 0x00, 0xFB, 0xDE, 0xFF, 0xFF, 0xDF, 0xFF,
  0xFF, 0xFF, 0x34, 0xA5, 0x00, 0x00, 0x20, 0x00, 0x00, 0x00, 0x00, 0x00, 0x00, 0x00, 0x00, 0x00,
  0x00, 0x00, 0x00, 0x00, 0x00, 0x00, 0x96, 0xB5, 0xFF, 0xFF, 0xDF, 0xFF, 0xFF, 0xFF, 0xFF, 0xFF,
  0xA6, 0x31, 0x00, 0x00, 0x00, 0x00, 0x28, 0x42, 0xFF, 0xFF, 0xFF, 0xFF, 0xFF, 0xFF, 0xFF, 0xFF,
  0xDF, 0xFF, 0xD7, 0xBD, 0x96, 0xB5, 0x96, 0xB5, 0x96, 0xB5, 0x96, 0xB5, 0x96, 0xB5, 0x96, 0xB5,
  0x96, 0xB5, 0x96, 0xB5, 0x96, 0xB5, 0x96, 0xB5, 0x75, 0xAD, 0xC3, 0x18, 0x00, 0x00, 0x00, 0x00,
  0x20, 0x00, 0x14, 0xA5, 0xB6, 0xB5, 0x96, 0xB5, 0xB6, 0xB5, 0xB6, 0xB5, 0xB6, 0xB5, 0xB6, 0xB5,
  0xB6, 0xB5, 0xB6, 0xB5, 0xB6, 0xB5, 0xB6, 0xB5, 0xB6, 0xB5, 0xB6, 0xB5, 0x7D, 0xEF, 0xFF, 0xFF,
  0xFF, 0xFF, 0xDF, 0xFF, 0xFF, 0xFF, 0xAE, 0x73, 0x00, 0x00, 0x20, 0x00, 0x00, 0x00, 0xCF, 0x7B,
  0xB6, 0xB5, 0x96, 0xB5, 0xB6, 0xB5, 0xB6, 0xB5, 0xB6, 0xB5, 0xB6, 0xB5, 0xB6, 0xB5, 0xB6, 0xB5,
  0xB6, 0xB5, 0xB6, 0xB5, 0xB6, 0xB5, 0xB6, 0xB5, 0xDB, 0xDE, 0xFF, 0xFF, 0xFF, 0xFF, 0xFF, 0xFF,
  0xFF, 0xFF, 0xD7, 0xBD, 0x00, 0x00, 0x20, 0x00, 0x00, 0x00, 0xC3, 0x18, 0xBE, 0xF7, 0xFF, 0xFF,
  0xDF, 0xFF, 0xFF, 0xFF, 0xEF, 0x7B, 0x00, 0x00, 0x41, 0x08, 0x00, 0x00, 0x92, 0x94, 0xFF, 0xFF,
  0xDF, 0xFF, 0xFF, 0xFF, 0x7D, 0xEF, 0x82, 0x10, 0x00, 0x00, 0x00, 0x00, 0x00, 0x00, 0x00, 0x00,
  0x00, 0x00, 0x00, 0x00, 0x00, 0x00, 0x00, 0x00, 0x00, 0x00, 0x00, 0x00, 0x00, 0x00, 0x00, 0x00,
  0x00, 0x00, 0x00, 0x00, 0x00, 0x00, 0x00, 0x00, 0xA2, 0x60, 0xE6, 0xF9, 0x64, 0xB9, 0x00, 0x00,
  0xA2, 0x58, 0xE6, 0xF9, 0xA5, 0xE9, 0xA5, 0xE9, 0xE6, 0xF9, 0x44, 0xB1, 0x00, 0x00, 0x00, 0x00,
  0x41, 0x28, 0xA5, 0xE9, 0xA5, 0xE9, 0xA5, 0xE9, 0xA5, 0xE9, 0xA5, 0xE1, 0xC5, 0xF1, 0x81, 0x48,
  0x00, 0x00, 0x81, 0x40, 0xC5, 0xF1, 0xA5, 0xE1, 0xA5, 0xE9, 0xA5, 0xE9, 0xA5, 0xE1, 0xA5, 0xE9,
  0x41, 0x28, 0x00, 0x00, 0x20, 0x10, 0x61, 0x30, 0x61, 0x30, 0x40, 0x20, 0x00, 0x00, 0x00, 0x00,
  0x00, 0x00, 0x00, 0x00, 0x00, 0x00, 0x00, 0x00, 0x00, 0x00, 0x00, 0x00, 0x00, 0x00, 0x00, 0x00,
  0x00, 0x00, 0x00, 0x00, 0x00, 0x00, 0x00, 0x00, 0x00, 0x00, 0x00, 0x00, 0x00, 0x00, 0x00, 0x00,
  0x20, 0x00, 0x00, 0x00, 0xEB, 0x5A, 0xFF, 0xFF, 0xDF, 0xFF, 0xFF, 0xFF, 0xFF, 0xFF, 0xFF, 0xFF,
  0xFF, 0xFF, 0xFF, 0xFF, 0xFF, 0xFF, 0xFF, 0xFF, 0xFF, 0xFF, 0xFF, 0xFF, 0xFF, 0xFF, 0xFF, 0xFF,
  0xFF, 0xFF, 0xFF, 0xFF, 0xFF, 0xFF, 0x96, 0xB5, 0x00, 0x00, 0x20, 0x00, 0x00, 0x00, 0x2C, 0x63,
  0xFF, 0xFF, 0xFF, 0xFF, 0xFF, 0xFF, 0xFF, 0xFF, 0xFF, 0xFF, 0xFF, 0xFF, 0xFF, 0xFF, 0xFF, 0xFF,
  0xFF, 0xFF, 0xFF, 0xFF, 0xFF, 0xFF, 0xFF, 0xFF, 0xFF, 0xFF, 0xFF, 0xFF, 0xFF, 0xFF, 0xDF, 0xFF,
  0xFF, 0xFF, 0x55, 0xAD, 0x00, 0x00, 0x00, 0x00, 0x00, 0x00, 0x00, 0x00, 0x18, 0xC6, 0xFF, 0xFF,
  0xDF, 0xFF, 0xFF, 0xFF, 0x59, 0xCE, 0x00, 0x00, 0x00, 0x00, 0x00, 0x00, 0x00, 0x00, 0x00, 0x00,
  0x00, 0x00, 0x00, 0x00, 0x00, 0x00, 0x00, 0x00, 0x00, 0x00, 0x00, 0x00, 0x00, 0x00, 0x00, 0x00,
  0x00, 0x00, 0x00, 0x00, 0x00, 0x00, 0x00, 0x00, 0x20, 0x00, 0xFB, 0xDE, 0xFF, 0xFF, 0xDF, 0xFF,
  0xFF, 0xFF, 0x34, 0xA5, 0x00, 0x00, 0x20, 0x00, 0x00, 0x00, 0x00, 0x00, 0x00, 0x00, 0x00, 0x00,
  0x00, 0x00, 0x20, 0x00, 0x00, 0x00, 0xEF, 0x7B, 0xFF, 0xFF, 0xDF, 0xFF, 0xDF, 0xFF, 0xFF, 0xFF,
  0x6D, 0x6B, 0x00, 0x00, 0x00, 0x00, 0x41, 0x08, 0x3C, 0xE7, 0xFF, 0xFF, 0xFF, 0xFF, 0xFF, 0xFF,
  0xFF, 0xFF, 0xFF, 0xFF, 0xFF, 0xFF, 0xFF, 0xFF, 0xFF, 0xFF, 0xFF, 0xFF, 0xFF, 0xFF, 0xFF, 0xFF,
  0xFF, 0xFF, 0xFF, 0xFF, 0xFF, 0xFF, 0xFF, 0xFF, 0xFF, 0xFF, 0x24, 0x21, 0x00, 0x00, 0x00, 0x00,
  0x41, 0x08, 0x9E, 0xF7, 0xFF, 0xFF, 0xFF, 0xFF, 0xFF, 0xFF, 0xFF, 0xFF, 0xFF, 0xFF, 0xFF, 0xFF,
  0xFF, 0xFF, 0xFF, 0xFF, 0xFF, 0xFF, 0xFF, 0xFF, 0xFF, 0xFF, 0xFF, 0xFF, 0xFF, 0xFF, 0xFF, 0xFF,
  0xFF, 0xFF, 0xDF, 0xFF, 0xFF, 0xFF, 0x24, 0x21, 0x00, 0x00, 0x20, 0x00, 0x00, 0x00, 0xB6, 0xB5,
  0xFF, 0xFF, 0xFF, 0xFF, 0xFF, 0xFF, 0xFF, 0xFF, 0xFF, 0xFF, 0xFF, 0xFF, 0xFF, 0xFF, 0xFF, 0xFF,
  0xFF, 0xFF, 0xFF, 0xFF, 0xFF, 0xFF, 0xFF, 0xFF, 0xFF, 0xFF, 0xFF, 0xFF, 0xFF, 0xFF, 0xDF, 0xFF,
  0xFF, 0xFF, 0x0C, 0x63, 0x00, 0x00, 0x20, 0x00, 0x00, 0x00, 0xC3, 0x18, 0xBE, 0xF7, 0xFF, 0xFF,
  0xDF, 0xFF, 0xFF, 0xFF, 0xEF, 0x7B, 0x00, 0x00, 0x41, 0x08, 0x00, 0x00, 0x92, 0x94, 0xFF, 0xFF,
  0xDF, 0xFF, 0xFF, 0xFF, 0x7D, 0xEF, 0x82, 0x10, 0x00, 0x00, 0x00, 0x00, 0x00, 0x00, 0x00, 0x00,
  0x00, 0x00, 0x00, 0x00, 0x00, 0x00, 0x00, 0x00, 0x00, 0x00, 0x00, 0x00, 0x00, 0x00, 0x00, 0x00,
  0x00, 0x00, 0x00, 0x00, 0x00, 0x00, 0x00, 0x00, 0x00, 0x00, 0x03, 0x89, 0xE6, 0xF9, 0x23, 0xA1,
  0x00, 0x00, 0xC2, 0x68, 0x84, 0xD1, 0x85, 0xD1, 0x23, 0x99, 0x20, 0x10, 0x00, 0x00, 0x00, 0x00,
  0x61, 0x40, 0xC5, 0xF1, 0xA5, 0xE1, 0xA5, 0xE9, 0xA5, 0xE9, 0xA5, 0xE1, 0xC5, 0xF1, 0x61, 0x38,
  0x00, 0x00, 0x81, 0x48, 0xC6, 0xF1, 0xA5, 0xE1, 0xA5, 0xE9, 0xA5, 0xE9, 0xA5, 0xE9, 0xA5, 0xE9,
  0x40, 0x20, 0x00, 0x00, 0x00, 0x00, 0x00, 0x00, 0x00, 0x00, 0x00, 0x00, 0x00, 0x00, 0x00, 0x00,
  0x00, 0x00, 0x00, 0x00, 0x00, 0x00, 0x00, 0x00, 0x00, 0x00, 0x00, 0x00, 0x00, 0x00, 0x00, 0x00,
  0x00, 0x00, 0x00, 0x00, 0x00, 0x00, 0x00, 0x00, 0x00, 0x00, 0x00, 0x00, 0x00, 0x00, 0x00, 0x00,
  0x00, 0x00, 0x00, 0x00, 0x20, 0x00, 0xF7, 0xBD, 0xFF, 0xFF, 0xFF, 0xFF, 0xDF, 0xFF, 0xDF, 0xFF,
  0xBE, 0xF7, 0xBE, 0xF7, 0xBE, 0xF7, 0xBE, 0xF7, 0xBE, 0xF7, 0xBE, 0xF7, 0xBE, 0xF7, 0xBE, 0xF7,
  0xBE, 0xF7, 0xBE, 0xF7, 0xBE, 0xF7, 0x34, 0xA5, 0x00, 0x00, 0x20, 0x00, 0x00, 0x00, 0xEB, 0x5A,
  0xDF, 0xFF, 0xBE, 0xF7, 0xDF, 0xFF, 0xDF, 0xFF, 0xDF, 0xFF, 0xDF, 0xFF, 0xDF, 0xFF, 0xDF, 0xFF,
  0xDF, 0xFF, 0xDF, 0xFF, 0xDF, 0xFF, 0xDF, 0xFF, 0xDF, 0xFF, 0xDF, 0xFF, 0xDF, 0xFF, 0xFF, 0xFF,
  0x7D, 0xEF, 0x04, 0x21, 0x00, 0x00, 0x00, 0x00, 0x00, 0x00, 0x00, 0x00, 0xF7, 0xBD, 0xDF, 0xFF,
  0xBE, 0xF7, 0xDF, 0xFF, 0x38, 0xC6, 0x00, 0x00, 0x00, 0x00, 0x00, 0x00, 0x00, 0x00, 0x00, 0x00,
  0x00, 0x00, 0x00, 0x00, 0x00, 0x00, 0x00, 0x00, 0x00, 0x00, 0x00, 0x00, 0x00, 0x00, 0x00, 0x00,
  0x00, 0x00, 0x00, 0x00, 0x00, 0x00, 0x00, 0x00, 0x20, 0x00, 0xDB, 0xDE, 0xDF, 0xFF, 0xBE, 0xF7,
  0xDF, 0xFF, 0x14, 0xA5, 0x00, 0x00, 0x20, 0x00, 0x00, 0x00, 0x00, 0x00, 0x00, 0x00, 0x00, 0x00,
  0x00, 0x00, 0x00, 0x00, 0x00, 0x00, 0x49, 0x4A, 0xFF, 0xFF, 0xDF, 0xFF, 0xBE, 0xF7, 0xDF, 0xFF,
  0x14, 0xA5, 0x00, 0x00, 0x20, 0x00, 0x00, 0x00, 0xAA, 0x52, 0xFF, 0xFF, 0xFF, 0xFF, 0xDF, 0xFF,
  0xDF, 0xFF, 0xDF, 0xFF, 0xBE, 0xF7, 0xBE, 0xF7, 0xBE, 0xF7, 0xBE, 0xF7, 0xBE, 0xF7, 0xBE, 0xF7,
  0xBE, 0xF7, 0xBE, 0xF7, 0xBE, 0xF7, 0xBE, 0xF7, 0xBE, 0xF7, 0x24, 0x21, 0x00, 0x00, 0x00, 0x00,
  0x41, 0x08, 0xFB, 0xDE, 0xDF, 0xFF, 0xBE, 0xF7, 0xDF, 0xFF, 0xDF, 0xFF, 0xDF, 0xFF, 0xDF, 0xFF,
  0xDF, 0xFF, 0xDF, 0xFF, 0xDF, 0xFF, 0xDF, 0xFF, 0xDF, 0xFF, 0xDF, 0xFF, 0xDF, 0xFF, 0xDF, 0xFF,
  0xFF, 0xFF, 0xFF, 0xFF, 0x10, 0x84, 0x00, 0x00, 0x00, 0x00, 0x00, 0x00, 0x00, 0x00, 0x34, 0xA5,
  0xDF, 0xFF, 0xBE, 0xF7, 0xDF, 0xFF, 0xDF, 0xFF, 0xDF, 0xFF, 0xDF, 0xFF, 0xDF, 0xFF, 0xDF, 0xFF,
  0xDF, 0xFF, 0xDF, 0xFF, 0xDF, 0xFF, 0xDF, 0xFF, 0xDF, 0xFF, 0xDF, 0xFF, 0xFF, 0xFF, 0xFF, 0xFF,
  0xF7, 0xBD, 0x20, 0x00, 0x00, 0x00, 0x00, 0x00, 0x00, 0x00, 0xC3, 0x18, 0x9E, 0xF7, 0xDF, 0xFF,
  0xBE, 0xF7, 0xDF, 0xFF, 0xEF, 0x7B, 0x00, 0x00, 0x41, 0x08, 0x00, 0x00, 0x71, 0x8C, 0xDF, 0xFF,
  0xBE, 0xF7, 0xDF, 0xFF, 0x5D, 0xEF, 0x82, 0x10, 0x00, 0x00, 0x00, 0x00, 0x00, 0x00, 0x00, 0x00,
  0x00, 0x00, 0x00, 0x00, 0x00, 0x00, 0x00, 0x00, 0x00, 0x00, 0x00, 0x00, 0x00, 0x00, 0x00, 0x00,
  0x00, 0x00, 0x00, 0x00, 0x00, 0x00, 0x00, 0x00, 0x00, 0x00, 0x00, 0x00, 0x24, 0xA1, 0xE6, 0xF9,
  0x24, 0xA1, 0x00, 0x00, 0x00, 0x00, 0x20, 0x10, 0x00, 0x00, 0x00, 0x00, 0x00, 0x00, 0x00, 0x00,
  0xE3, 0x78, 0xC6, 0xF9, 0xA5, 0xE1, 0xA5, 0xE9, 0xA5, 0xE1, 0xA5, 0xE9, 0xA5, 0xE1, 0x40, 0x20,
  0x00, 0x00, 0xC2, 0x60, 0xC6, 0xF1, 0xA5, 0xE1, 0xA5, 0xE9, 0xA5, 0xE1, 0xA5, 0xE9, 0xA5, 0xD9,
  0x20, 0x18, 0x00, 0x00, 0x00, 0x00, 0x00, 0x00, 0x00, 0x00, 0x00, 0x08, 0x44, 0xA9, 0xE3, 0x78,
  0x00, 0x00, 0x00, 0x00, 0x00, 0x00, 0x00, 0x00, 0x00, 0x00, 0x00, 0x00, 0x00, 0x00, 0x00, 0x00,
  0x00, 0x00, 0x00, 0x00, 0x00, 0x00, 0x00, 0x00, 0x00, 0x00, 0x00, 0x00, 0x00, 0x00, 0x00, 0x00,
  0x00, 0x00, 0x00, 0x00, 0x00, 0x00, 0x82, 0x10, 0x55, 0xAD, 0xFF, 0xFF, 0xFF, 0xFF, 0xFF, 0xFF,
  0xFF, 0xFF, 0xFF, 0xFF, 0xFF, 0xFF, 0xFF, 0xFF, 0xFF, 0xFF, 0xFF, 0xFF, 0xFF, 0xFF, 0xFF, 0xFF,
  0xFF, 0xFF, 0xFF, 0xFF, 0xFF, 0xFF, 0xB6, 0xB5, 0x00, 0x00, 0x41, 0x08, 0x00, 0x00, 0x4D, 0x6B,
  0xFF, 0xFF, 0xFF, 0xFF, 0xFF, 0xFF, 0xFF, 0xFF, 0xFF, 0xFF, 0xFF, 0xFF, 0xFF, 0xFF, 0xFF, 0xFF,
  0xFF, 0xFF, 0xFF, 0xFF, 0xFF, 0xFF, 0xFF, 0xFF, 0xFF, 0xFF, 0xFF, 0xFF, 0xFF, 0xFF, 0x79, 0xCE,
  0x86, 0x31, 0x00, 0x00, 0x00, 0x00, 0x00, 0x00, 0x00, 0x00, 0x00, 0x00, 0x79, 0xCE, 0xFF, 0xFF,
  0xFF, 0xFF, 0xFF, 0xFF, 0xBA, 0xD6, 0x00, 0x00, 0x00, 0x00, 0x00, 0x00, 0x00, 0x00, 0x00, 0x00,
  0x00, 0x00, 0x00, 0x00, 0x00, 0x00, 0x00, 0x00, 0x00, 0x00, 0x00, 0x00, 0x00, 0x00, 0x00, 0x00,
  0x00, 0x00, 0x00, 0x00, 0x00, 0x00, 0x00, 0x00, 0x20, 0x00, 0x7D, 0xEF, 0xFF, 0xFF, 0xFF, 0xFF,
  0xFF, 0xFF, 0x96, 0xB5, 0x00, 0x00, 0x20, 0x00, 0x00, 0x00, 0x00, 0x00, 0x00, 0x00, 0x00, 0x00,
  0x00, 0x00, 0x00, 0x00, 0x00, 0x00, 0xE3, 0x18, 0xFF, 0xFF, 0xFF, 0xFF, 0xFF, 0xFF, 0xFF, 0xFF,
  0x7D, 0xEF, 0x41, 0x08, 0x00, 0x00, 0x00, 0x00, 0x00, 0x00, 0x0C, 0x63, 0x5D, 0xEF, 0xFF, 0xFF,
  0xFF, 0xFF, 0xFF, 0xFF, 0xFF, 0xFF, 0xFF, 0xFF, 0xFF, 0xFF, 0xFF, 0xFF, 0xFF, 0xFF, 0xFF, 0xFF,
  0xFF, 0xFF, 0xFF, 0xFF, 0xFF, 0xFF, 0xFF, 0xFF, 0xFF, 0xFF, 0x45, 0x29, 0x00, 0x00, 0x00, 0x00,
  0x41, 0x08, 0x9E, 0xF7, 0xFF, 0xFF, 0xFF, 0xFF, 0xFF, 0xFF, 0xFF, 0xFF, 0xFF, 0xFF, 0xFF, 0xFF,
  0xFF, 0xFF, 0xFF, 0xFF, 0xFF, 0xFF, 0xFF, 0xFF, 0xFF, 0xFF, 0xFF, 0xFF, 0xFF, 0xFF, 0xFF, 0xFF,
  0xBE, 0xF7, 0xEF, 0x7B, 0x00, 0x00, 0x00, 0x00, 0x00, 0x00, 0x00, 0x00, 0x00, 0x00, 0xB6, 0xB5,
  0xFF, 0xFF, 0xFF, 0xFF, 0xFF, 0xFF, 0xFF, 0xFF, 0xFF, 0xFF, 0xFF, 0xFF, 0xFF, 0xFF, 0xFF, 0xFF,
  0xFF, 0xFF, 0xFF, 0xFF, 0xFF, 0xFF, 0xFF, 0xFF, 0xFF, 0xFF, 0xFF, 0xFF, 0xFF, 0xFF, 0x55, 0xAD,
  0x82, 0x10, 0x00, 0x00, 0x00, 0x00, 0x00, 0x00, 0x00, 0x00, 0xE3, 0x18, 0xFF, 0xFF, 0xFF, 0xFF,
  0xFF, 0xFF, 0xFF, 0xFF, 0x30, 0x84, 0x00, 0x00, 0x41, 0x08, 0x00, 0x00, 0xD3, 0x9C, 0xFF, 0xFF,
  0xFF, 0xFF, 0xFF, 0xFF, 0xFF, 0xFF, 0x82, 0x10, 0x00, 0x00, 0x00, 0x00, 0x00, 0x00, 0x00, 0x00,
  0x00, 0x00, 0x00, 0x00, 0x00, 0x00, 0x00, 0x00, 0x00, 0x00, 0x00, 0x00, 0x00, 0x00, 0x00, 0x00,
  0x00, 0x00, 0x00, 0x00, 0x00, 0x00, 0x00, 0x00, 0x00, 0x00, 0x00, 0x00, 0x00, 0x00, 0x23, 0xA1,
  0xE6, 0xF9, 0x44, 0xB9, 0x40, 0x20, 0x00, 0x00, 0x00, 0x00, 0x00, 0x00, 0x00, 0x00, 0x20, 0x10,
  0x85, 0xE1, 0xA5, 0xE9, 0xA5, 0xE1, 0xA5, 0xE1, 0xA5, 0xE1, 0xC5, 0xE9, 0x64, 0xC1, 0x00, 0x00,
  0x00, 0x00, 0x23, 0x99, 0xC6, 0xF9, 0xA5, 0xE1, 0xA5, 0xE1, 0xA5, 0xE1, 0xC6, 0xF1, 0x85, 0xD9,
  0x00, 0x00, 0x00, 0x00, 0x00, 0x00, 0x00, 0x00, 0x40, 0x20, 0x64, 0xB9, 0xE6, 0xF9, 0x24, 0xA1,
  0x00, 0x00, 0x00, 0x00, 0x00, 0x00, 0x00, 0x00, 0x00, 0x00, 0x00, 0x00, 0x00, 0x00, 0x00, 0x00,
  0x00, 0x00, 0x00, 0x00, 0x00, 0x00, 0x00, 0x00, 0x00, 0x00, 0x00, 0x00, 0x00, 0x00, 0x00, 0x00,
  0x00, 0x00, 0x00, 0x00, 0x00, 0x00, 0x00, 0x00, 0x00, 0x00, 0xA6, 0x31, 0xAE, 0x73, 0x51, 0x8C,
  0x51, 0x8C, 0x51, 0x8C, 0x51, 0x8C, 0x51, 0x8C, 0x51, 0x8C, 0x51, 0x8C, 0x51, 0x8C, 0x51, 0x8C,
  0x51, 0x8C, 0x51, 0x8C, 0x51, 0x8C, 0xEB, 0x5A, 0x00, 0x00, 0x20, 0x00, 0x00, 0x00, 0x86, 0x31,
  0x30, 0x84, 0x30, 0x84, 0x30, 0x84, 0x30, 0x84, 0x30, 0x84, 0x30, 0x84, 0x30, 0x84, 0x30, 0x84,
  0x30, 0x84, 0x30, 0x84, 0x30, 0x84, 0x30, 0x84, 0x30, 0x84, 0xCF, 0x7B, 0x49, 0x4A, 0x00, 0x00,
  0x00, 0x00, 0x00, 0x00, 0x00, 0x00, 0x00, 0x00, 0x00, 0x00, 0x00, 0x00, 0x4D, 0x6B, 0x51, 0x8C,
  0x30, 0x84, 0x51, 0x8C, 0x6D, 0x6B, 0x00, 0x00, 0x00, 0x00, 0x00, 0x00, 0x00, 0x00, 0x00, 0x00,
  0x00, 0x00, 0x00, 0x00, 0x00, 0x00, 0x00, 0x00, 0x00, 0x00, 0x00, 0x00, 0x00, 0x00, 0x00, 0x00,
  0x00, 0x00, 0x00, 0x00, 0x00, 0x00, 0x00, 0x00, 0x00, 0x00, 0xCF, 0x7B, 0x51, 0x8C, 0x30, 0x84,
  0x51, 0x8C, 0xCB, 0x5A, 0x00, 0x00, 0x00, 0x00, 0x00, 0x00, 0x00, 0x00, 0x00, 0x00, 0x00, 0x00,
  0x00, 0x00, 0x00, 0x00, 0x00, 0x00, 0x00, 0x00, 0xCF, 0x7B, 0x51, 0x8C, 0x51, 0x8C, 0x30, 0x84,
  0x10, 0x84, 0x82, 0x10, 0x00, 0x00, 0x00, 0x00, 0x00, 0x00, 0x00, 0x00, 0xA2, 0x10, 0xEB, 0x5A,
  0x30, 0x84, 0x51, 0x8C, 0x51, 0x8C, 0x51, 0x8C, 0x51, 0x8C, 0x51, 0x8C, 0x51, 0x8C, 0x51, 0x8C,
  0x51, 0x8C, 0x51, 0x8C, 0x51, 0x8C, 0x51, 0x8C, 0x51, 0x8C, 0xA2, 0x10, 0x00, 0x00, 0x00, 0x00,
  0x20, 0x00, 0xAE, 0x73, 0x30, 0x84, 0x30, 0x84, 0x30, 0x84, 0x30, 0x84, 0x30, 0x84, 0x30, 0x84,
  0x30, 0x84, 0x30, 0x84, 0x30, 0x84, 0x30, 0x84, 0x30, 0x84, 0x30, 0x84, 0x10, 0x84, 0x2C, 0x63,
  0x04, 0x21, 0x00, 0x00, 0x00, 0x00, 0x00, 0x00, 0x00, 0x00, 0x00, 0x00, 0x00, 0x00, 0xCB, 0x5A,
  0x30, 0x84, 0x30, 0x84, 0x30, 0x84, 0x30, 0x84, 0x30, 0x84, 0x30, 0x84, 0x30, 0x84, 0x30, 0x84,
  0x30, 0x84, 0x30, 0x84, 0x30, 0x84, 0x30, 0x84, 0x30, 0x84, 0x8E, 0x73, 0x86, 0x31, 0x00, 0x00,
  0x00, 0x00, 0x00, 0x00, 0x00, 0x00, 0x00, 0x00, 0x00, 0x00, 0x61, 0x08, 0x10, 0x84, 0x30, 0x84,
  0x10, 0x84, 0x30, 0x84, 0x08, 0x42, 0x00, 0x00, 0x20, 0x00, 0x00, 0x00, 0x08, 0x42, 0xAE, 0x73,
  0x8E, 0x73, 0x8E, 0x73, 0x4D, 0x6B, 0x41, 0x08, 0x00, 0x00, 0x00, 0x00, 0x00, 0x00, 0x00, 0x00,
  0x00, 0x00, 0x00, 0x00, 0x00, 0x00, 0x00, 0x00, 0x00, 0x00, 0x00, 0x00, 0x00, 0x00, 0x00, 0x00,
  0x00, 0x00, 0x00, 0x00, 0x00, 0x00, 0x00, 0x00, 0x00, 0x00, 0x00, 0x00, 0x00, 0x00, 0x00, 0x00,
  0x03, 0x89, 0xE6, 0xF9, 0xA5, 0xE1, 0xA2, 0x58, 0x00, 0x00, 0x00, 0x00, 0x00, 0x00, 0x20, 0x10,
  0x03, 0x89, 0xA5, 0xE9, 0xC6, 0xF1, 0xA5, 0xE9, 0xA5, 0xE1, 0xC6, 0xF1, 0x03, 0x89, 0x00, 0x00,
  0x00, 0x00, 0xE3, 0x80, 0x85, 0xD1, 0xA5, 0xE9, 0xC6, 0xF9, 0xC5, 0xF1, 0x85, 0xD1, 0xC2, 0x68,
  0x00, 0x00, 0x00, 0x00, 0x00, 0x00, 0xA2, 0x58, 0xA5, 0xE1, 0xE6, 0xF9, 0xE3, 0x80, 0x00, 0x00,
  0x00, 0x00, 0x00, 0x00, 0x00, 0x00, 0x00, 0x00, 0x00, 0x00, 0x00, 0x00, 0x00, 0x00, 0x00, 0x00,
  0x00, 0x00, 0x00, 0x00, 0x00, 0x00, 0x00, 0x00, 0x00, 0x00, 0x00, 0x00, 0x00, 0x00, 0x00, 0x00,
  0x00, 0x00, 0x00, 0x00, 0x00, 0x00, 0x00, 0x00, 0x00, 0x00, 0x00, 0x00, 0x00, 0x00, 0x00, 0x00,
  0x00, 0x00, 0x00, 0x00, 0x00, 0x00, 0x00, 0x00, 0x00, 0x00, 0x00, 0x00, 0x00, 0x00, 0x00, 0x00,
  0x00, 0x00, 0x00, 0x00, 0x00, 0x00, 0x00, 0x00, 0x00, 0x00, 0x00, 0x00, 0x00, 0x00, 0x00, 0x00,
  0x00, 0x00, 0x00, 0x00, 0x00, 0x00, 0x00, 0x00, 0x00, 0x00, 0x00, 0x00, 0x00, 0x00, 0x00, 0x00,
  0x00, 0x00, 0x00, 0x00, 0x00, 0x00, 0x00, 0x00, 0x00, 0x00, 0x00, 0x00, 0x00, 0x00, 0x00, 0x00,
  0x00, 0x00, 0x00, 0x00, 0x00, 0x00, 0x00, 0x00, 0x00, 0x00, 0x00, 0x00, 0x00, 0x00, 0x00, 0x00,
  0x00, 0x00, 0x00, 0x00, 0x00, 0x00, 0x00, 0x00, 0x00, 0x00, 0x00, 0x00, 0x00, 0x00, 0x00, 0x00,
  0x00, 0x00, 0x00, 0x00, 0x00, 0x00, 0x00, 0x00, 0x00, 0x00, 0x00, 0x00, 0x00, 0x00, 0x00, 0x00,
  0x00, 0x00, 0x00, 0x00, 0x00, 0x00, 0x00, 0x00, 0x00, 0x00, 0x00, 0x00, 0x00, 0x00, 0x00, 0x00,
  0x00, 0x00, 0x00, 0x00, 0x00, 0x00, 0x00, 0x00, 0x00, 0x00, 0x00, 0x00, 0x00, 0x00, 0x00, 0x00,
  0x00, 0x00, 0x00, 0x00, 0x00, 0x00, 0x00, 0x00, 0x00, 0x00, 0x00, 0x00, 0x00, 0x00, 0x00, 0x00,
  0x00, 0x00, 0x00, 0x00, 0x00, 0x00, 0x00, 0x00, 0x00, 0x00, 0x00, 0x00, 0x00, 0x00, 0x00, 0x00,
  0x00, 0x00, 0x00, 0x00, 0x00, 0x00, 0x00, 0x00, 0x00, 0x00, 0x00, 0x00, 0x00, 0x00, 0x00, 0x00,
  0x00, 0x00, 0x00, 0x00, 0x00, 0x00, 0x00, 0x00, 0x00, 0x00, 0x00, 0x00, 0x00, 0x00, 0x00, 0x00,
  0x00, 0x00, 0x00, 0x00, 0x00, 0x00, 0x00, 0x00, 0x00, 0x00, 0x00, 0x00, 0x00, 0x00, 0x00, 0x00,
  0x00, 0x00, 0x00, 0x00, 0x00, 0x00, 0x00, 0x00, 0x00, 0x00, 0x00, 0x00, 0x00, 0x00, 0x00, 0x00,
  0x00, 0x00, 0x00, 0x00, 0x00, 0x00, 0x00, 0x00, 0x00, 0x00, 0x00, 0x00, 0x00, 0x00, 0x00, 0x00,
  0x00, 0x00, 0x00, 0x00, 0x00, 0x00, 0x00, 0x00, 0x00, 0x00, 0x00, 0x00, 0x00, 0x00, 0x00, 0x00,
  0x00, 0x00, 0x00, 0x00, 0x00, 0x00, 0x00, 0x00, 0x00, 0x00, 0x00, 0x00, 0x00, 0x00, 0x00, 0x00,
  0x00, 0x00, 0x00, 0x00, 0x00, 0x00, 0x00, 0x00, 0x00, 0x00, 0x00, 0x00, 0x00, 0x00, 0x00, 0x00,
  0x00, 0x00, 0x00, 0x00, 0x00, 0x00, 0x00, 0x00, 0x00, 0x00, 0x00, 0x00, 0x00, 0x00, 0x00, 0x00,
  0x00, 0x00, 0x00, 0x00, 0x00, 0x00, 0x00, 0x00, 0x00, 0x00, 0x00, 0x00, 0x00, 0x00, 0x00, 0x00,
  0x00, 0x00, 0x00, 0x00, 0x00, 0x00, 0x00, 0x00, 0x00, 0x00, 0x00, 0x00, 0x00, 0x00, 0x00, 0x00,
  0x00, 0x00, 0x00, 0x00, 0x00, 0x00, 0x00, 0x00, 0x00, 0x00, 0x00, 0x00, 0x00, 0x00, 0x00, 0x00,
  0x00, 0x00, 0xA2, 0x60, 0xA5, 0xE9, 0xE6, 0xF9, 0x24, 0xA9, 0x61, 0x30, 0x00, 0x00, 0x00, 0x00,
  0x00, 0x00, 0x61, 0x38, 0x44, 0xA9, 0x85, 0xD1, 0xA5, 0xE1, 0xC5, 0xF1, 0x61, 0x30, 0x00, 0x00,
  0x00, 0x00, 0x00, 0x00, 0x00, 0x08, 0x61, 0x38, 0xC2, 0x70, 0x81, 0x50, 0x00, 0x08, 0x00, 0x00,
  0x00, 0x00, 0x61, 0x30, 0x44, 0xA9, 0xE6, 0xF9, 0xA5, 0xE1, 0xA2, 0x58, 0x00, 0x00, 0x00, 0x00,
  0x00, 0x00, 0x00, 0x00, 0x00, 0x00, 0x00, 0x00, 0x00, 0x00, 0x00, 0x00, 0x00, 0x00, 0x00, 0x00,
  0x00, 0x00, 0x00, 0x00, 0x00, 0x00, 0x00, 0x00, 0x00, 0x00, 0x00, 0x00, 0x00, 0x00, 0x00, 0x00,
  0x00, 0x00, 0x00, 0x00, 0x00, 0x00, 0x00, 0x00, 0x00, 0x00, 0x00, 0x00, 0x20, 0x00, 0x20, 0x00,
  0x20, 0x00, 0x20, 0x00, 0x20, 0x00, 0x20, 0x00, 0x20, 0x00, 0x20, 0x00, 0x20, 0x00, 0x20, 0x00,
  0x20, 0x00, 0x20, 0x00, 0x20, 0x00, 0x00, 0x00, 0x00, 0x00, 0x00, 0x00, 0x00, 0x00, 0x00, 0x00,
  0x20, 0x00, 0x20, 0x00, 0x20, 0x00, 0x20, 0x00, 0x20, 0x00, 0x20, 0x00, 0x20, 0x00, 0x20, 0x00,
  0x20, 0x00, 0x20, 0x00, 0x20, 0x00, 0x20, 0x00, 0x20, 0x00, 0x20, 0x00, 0x00, 0x00, 0x00, 0x00,
  0x00, 0x00, 0x00, 0x00, 0x00, 0x00, 0x00, 0x00, 0x00, 0x00, 0x00, 0x00, 0x00, 0x00, 0x20, 0x00,
  0x20, 0x00, 0x20, 0x00, 0x00, 0x00, 0x00, 0x00, 0x00, 0x00, 0x00, 0x00, 0x00, 0x00, 0x00, 0x00,
  0x00, 0x00, 0x00, 0x00, 0x00, 0x00, 0x00, 0x00, 0x00, 0x00, 0x00, 0x00, 0x00, 0x00, 0x00, 0x00,
  0x00, 0x00, 0x00, 0x00, 0x00, 0x00, 0x00, 0x00, 0x00, 0x00, 0x20, 0x00, 0x20, 0x00, 0x20, 0x00,
  0x20, 0x00, 0x00, 0x00, 0x00, 0x00, 0x00, 0x00, 0x00, 0x00, 0x00, 0x00, 0x00, 0x00, 0x00, 0x00,
  0x00, 0x00, 0x00, 0x00, 0x00, 0x00, 0x00, 0x00, 0x20, 0x00, 0x20, 0x00, 0x20, 0x00, 0x20, 0x00,
  0x20, 0x00, 0x00, 0x00, 0x00, 0x00, 0x00, 0x00, 0x00, 0x00, 0x00, 0x00, 0x00, 0x00, 0x20, 0x00,
  0x20, 0x00, 0x20, 0x00, 0x20, 0x00, 0x20, 0x00, 0x20, 0x00, 0x20, 0x00, 0x20, 0x00, 0x20, 0x00,
  0x20, 0x00, 0x20, 0x00, 0x20, 0x00, 0x20, 0x00, 0x20, 0x00, 0x00, 0x00, 0x00, 0x00, 0x00, 0x00,
  0x00, 0x00, 0x20, 0x00, 0x20, 0x00, 0x20, 0x00, 0x20, 0x00, 0x20, 0x00, 0x20, 0x00, 0x20, 0x00,
  0x20, 0x00, 0x20, 0x00, 0x20, 0x00, 0x20, 0x00, 0x20, 0x00, 0x20, 0x00, 0x20, 0x00, 0x20, 0x00,
  0x00, 0x00, 0x00, 0x00, 0x00, 0x00, 0x00, 0x00, 0x00, 0x00, 0x00, 0x00, 0x00, 0x00, 0x00, 0x00,
  0x20, 0x00, 0x20, 0x00, 0x20, 0x00, 0x20, 0x00, 0x20, 0x00, 0x20, 0x00, 0x20, 0x00, 0x20, 0x00,
  0x20, 0x00, 0x20, 0x00, 0x20, 0x00, 0x20, 0x00, 0x20, 0x00, 0x20, 0x00, 0x00, 0x00, 0x00, 0x00,
  0x00, 0x00, 0x00, 0x00, 0x00, 0x00, 0x00, 0x00, 0x00, 0x00, 0x00, 0x00, 0x20, 0x00, 0x20, 0x00,
  0x20, 0x00, 0x20, 0x00, 0x00, 0x00, 0x00, 0x00, 0x00, 0x00, 0x00, 0x00, 0x00, 0x00, 0x20, 0x00,
  0x20, 0x00, 0x20, 0x00, 0x20, 0x00, 0x00, 0x00, 0x00, 0x00, 0x00, 0x00, 0x00, 0x00, 0x00, 0x00,
  0x00, 0x00, 0x00, 0x00, 0x00, 0x00, 0x00, 0x00, 0x00, 0x00, 0x00, 0x00, 0x00, 0x00, 0x00, 0x00,
  0x00, 0x00, 0x00, 0x00, 0x00, 0x00, 0x00, 0x00, 0x00, 0x00, 0x00, 0x00, 0x00, 0x00, 0x00, 0x00,
  0x00, 0x00, 0x00, 0x00, 0x41, 0x20, 0x24, 0xA9, 0xE6, 0xF9, 0xC6, 0xF9, 0x24, 0xA1, 0x81, 0x40,
  0x00, 0x08, 0x00, 0x00, 0x00, 0x00, 0x00, 0x00, 0x40, 0x20, 0x41, 0x30, 0x00, 0x00, 0x00, 0x00,
  0x00, 0x00, 0x00, 0x00, 0x00, 0x00, 0x00, 0x00, 0x00, 0x00, 0x00, 0x00, 0x00, 0x00, 0x81, 0x48,
  0x24, 0xA1, 0xC6, 0xF9, 0xE6, 0xF9, 0x24, 0xA1, 0x40, 0x20, 0x00, 0x00, 0x00, 0x00, 0x00, 0x00,
  0x00, 0x00, 0x00, 0x00, 0x00, 0x00, 0x00, 0x00, 0x00, 0x00, 0x00, 0x00, 0x00, 0x00, 0x00, 0x00,
  0x00, 0x00, 0x00, 0x00, 0x00, 0x00, 0x00, 0x00, 0x00, 0x00, 0x00, 0x00, 0x00, 0x00, 0x00, 0x00,
  0x00, 0x00, 0x00, 0x00, 0x00, 0x00, 0x00, 0x00, 0x00, 0x00, 0x00, 0x00, 0x00, 0x00, 0x00, 0x00,
  0x00, 0x00, 0x00, 0x00, 0x00, 0x00, 0x00, 0x00, 0x00, 0x00, 0x00, 0x00, 0x00, 0x00, 0x00, 0x00,
  0x00, 0x00, 0x00, 0x00, 0x00, 0x00, 0x00, 0x00, 0x00, 0x00, 0x00, 0x00, 0x00, 0x00, 0x00, 0x00,
  0x00, 0x00, 0x00, 0x00, 0x00, 0x00, 0x00, 0x00, 0x00, 0x00, 0x00, 0x00, 0x00, 0x00, 0x00, 0x00,
  0x00, 0x00, 0x00, 0x00, 0x00, 0x00, 0x00, 0x00, 0x00, 0x00, 0x00, 0x00, 0x00, 0x00, 0x00, 0x00,
  0x00, 0x00, 0x00, 0x00, 0x00, 0x00, 0x00, 0x00, 0x00, 0x00, 0x00, 0x00, 0x00, 0x00, 0x00, 0x00,
  0x00, 0x00, 0x00, 0x00, 0x00, 0x00, 0x00, 0x00, 0x00, 0x00, 0x00, 0x00, 0x00, 0x00, 0x00, 0x00,
  0x00, 0x00, 0x00, 0x00, 0x00, 0x00, 0x00, 0x00, 0x00, 0x00, 0x00, 0x00, 0x00, 0x00, 0x00, 0x00,
  0x00, 0x00, 0x00, 0x00, 0x00, 0x00, 0x00, 0x00, 0x00, 0x00, 0x00, 0x00, 0x00, 0x00, 0x00, 0x00,
  0x00, 0x00, 0x00, 0x00, 0x00, 0x00, 0x00, 0x00, 0x00, 0x00, 0x00, 0x00, 0x00, 0x00, 0x00, 0x00,
  0x00, 0x00, 0x00, 0x00, 0x00, 0x00, 0x00, 0x00, 0x00, 0x00, 0x00, 0x00, 0x00, 0x00, 0x00, 0x00,
  0x00, 0x00, 0x00, 0x00, 0x00, 0x00, 0x00, 0x00, 0x00, 0x00, 0x00, 0x00, 0x00, 0x00, 0x00, 0x00,
  0x00, 0x00, 0x00, 0x00, 0x00, 0x00, 0x00, 0x00, 0x00, 0x00, 0x00, 0x00, 0x00, 0x00, 0x00, 0x00,
  0x00, 0x00, 0x00, 0x00, 0x00, 0x00, 0x00, 0x00, 0x00, 0x00, 0x00, 0x00, 0x00, 0x00, 0x00, 0x00,
  0x00, 0x00, 0x00, 0x00, 0x00, 0x00, 0x00, 0x00, 0x00, 0x00, 0x00, 0x00, 0x00, 0x00, 0x00, 0x00,
  0x00, 0x00, 0x00, 0x00, 0x00, 0x00, 0x00, 0x00, 0x00, 0x00, 0x00, 0x00, 0x00, 0x00, 0x00, 0x00,
  0x00, 0x00, 0x00, 0x00, 0x00, 0x00, 0x00, 0x00, 0x00, 0x00, 0x00, 0x00, 0x00, 0x00, 0x00, 0x00,
  0x00, 0x00, 0x00, 0x00, 0x00, 0x00, 0x00, 0x00, 0x00, 0x00, 0x00, 0x00, 0x00, 0x00, 0x00, 0x00,
  0x00, 0x00, 0x00, 0x00, 0x00, 0x00, 0x00, 0x00, 0x00, 0x00, 0x00, 0x00, 0x00, 0x00, 0x00, 0x00,
  0x00, 0x00, 0x00, 0x00, 0x00, 0x00, 0x00, 0x00, 0x00, 0x00, 0x00, 0x00, 0x00, 0x00, 0x00, 0x00,
  0x00, 0x00, 0x00, 0x00, 0x00, 0x00, 0x00, 0x00, 0x00, 0x00, 0x00, 0x00, 0x00, 0x00, 0x00, 0x00,
  0x00, 0x00, 0x00, 0x00, 0x00, 0x00, 0x00, 0x00, 0x00, 0x00, 0x00, 0x00, 0x00, 0x00, 0x00, 0x00,
  0x00, 0x00, 0x00, 0x00, 0x00, 0x00, 0x00, 0x00, 0x00, 0x00, 0x00, 0x00, 0x00, 0x00, 0x00, 0x00,
  0x00, 0x00, 0x00, 0x00, 0x00, 0x00, 0x00, 0x00, 0x00, 0x00, 0x00, 0x00, 0x00, 0x00, 0x00, 0x00,
  0x00, 0x00, 0x00, 0x00, 0x00, 0x00, 0x00, 0x00, 0x81, 0x48, 0x44, 0xB1, 0xC6, 0xF9, 0xE6, 0xF9,
  0x85, 0xD1, 0x03, 0x91, 0xA2, 0x50, 0x40, 0x20, 0x00, 0x00, 0x00, 0x00, 0x00, 0x00, 0x00, 0x00,
  0x00, 0x00, 0x00, 0x00, 0x00, 0x08, 0x41, 0x28, 0xA2, 0x58, 0x03, 0x91, 0x85, 0xD1, 0xE6, 0xF9,
  0xC6, 0xF9, 0x44, 0xB1, 0x81, 0x40, 0x00, 0x00, 0x00, 0x00, 0x00, 0x00, 0x00, 0x00, 0x00, 0x00,
  0x00, 0x00, 0x00, 0x00, 0x00, 0x00, 0x00, 0x00, 0x00, 0x00, 0x00, 0x00, 0x00, 0x00, 0x00, 0x00,
  0x00, 0x00, 0x00, 0x00, 0x00, 0x00, 0x00, 0x00, 0x00, 0x00, 0x00, 0x00, 0x00, 0x00, 0x00, 0x00,
  0x00, 0x00, 0x00, 0x00, 0x00, 0x00, 0x00, 0x00, 0x00, 0x00, 0x00, 0x00, 0x00, 0x00, 0x00, 0x00,
  0x00, 0x00, 0x00, 0x00, 0x00, 0x00, 0x00, 0x00, 0x00, 0x00, 0x00, 0x00, 0x00, 0x00, 0x00, 0x00,
  0x00, 0x00, 0x00, 0x00, 0x00, 0x00, 0x00, 0x00, 0x00, 0x00, 0x00, 0x00, 0x00, 0x00, 0x00, 0x00,
  0x00, 0x00, 0x00, 0x00, 0x00, 0x00, 0x00, 0x00, 0x00, 0x00, 0x00, 0x00, 0x00, 0x00, 0x00, 0x00,
  0x00, 0x00, 0x00, 0x00, 0x00, 0x00, 0x00, 0x00, 0x00, 0x00, 0x00, 0x00, 0x00, 0x00, 0x00, 0x00,
  0x00, 0x00, 0x00, 0x00, 0x00, 0x00, 0x00, 0x00, 0x00, 0x00, 0x00, 0x00, 0x00, 0x00, 0x00, 0x00,
  0x00, 0x00, 0x00, 0x00, 0x00, 0x00, 0x00, 0x00, 0x00, 0x00, 0x00, 0x00, 0x00, 0x00, 0x00, 0x00,
  0x00, 0x00, 0x00, 0x00, 0x00, 0x00, 0x00, 0x00, 0x00, 0x00, 0x00, 0x00, 0x00, 0x00, 0x00, 0x00,
  0x00, 0x00, 0x00, 0x00, 0x00, 0x00, 0x00, 0x00, 0x00, 0x00, 0x00, 0x00, 0x00, 0x00, 0x00, 0x00,
  0x00, 0x00, 0x00, 0x00, 0x00, 0x00, 0x00, 0x00, 0x00, 0x00, 0x00, 0x00, 0x00, 0x00, 0x00, 0x00,
  0x00, 0x00, 0x00, 0x00, 0x00, 0x00, 0x00, 0x00, 0x00, 0x00, 0x00, 0x00, 0x00, 0x00, 0x00, 0x00,
  0x00, 0x00, 0x00, 0x00, 0x00, 0x00, 0x00, 0x00, 0x00, 0x00, 0x00, 0x00, 0x00, 0x00, 0x00, 0x00,
  0x00, 0x00, 0x00, 0x00, 0x00, 0x00, 0x00, 0x00, 0x00, 0x00, 0x00, 0x00, 0x00, 0x00, 0x00, 0x00,
  0x00, 0x00, 0x00, 0x00, 0x00, 0x00, 0x00, 0x00, 0x00, 0x00, 0x00, 0x00, 0x00, 0x00, 0x00, 0x00,
  0x00, 0x00, 0x00, 0x00, 0x00, 0x00, 0x00, 0x00, 0x00, 0x00, 0x00, 0x00, 0x00, 0x00, 0x00, 0x00,
  0x00, 0x00, 0x00, 0x00, 0x00, 0x00, 0x00, 0x00, 0x00, 0x00, 0x00, 0x00, 0x00, 0x00, 0x00, 0x00,
  0x00, 0x00, 0x00, 0x00, 0x00, 0x00, 0x00, 0x00, 0x00, 0x00, 0x00, 0x00, 0x00, 0x00, 0x00, 0x00,
  0x00, 0x00, 0x00, 0x00, 0x00, 0x00, 0x00, 0x00, 0x00, 0x00, 0x00, 0x00, 0x00, 0x00, 0x00, 0x00,
  0x00, 0x00, 0x00, 0x00, 0x00, 0x00, 0x00, 0x00, 0x00, 0x00, 0x00, 0x00, 0x00, 0x00, 0x00, 0x00,
  0x00, 0x00, 0x00, 0x00, 0x00, 0x00, 0x00, 0x00, 0x00, 0x00, 0x00, 0x00, 0x00, 0x00, 0x00, 0x00,
  0x00, 0x00, 0x00, 0x00, 0x00, 0x00, 0x00, 0x00, 0x00, 0x00, 0x00, 0x00, 0x00, 0x00, 0x00, 0x00,
  0x00, 0x00, 0x00, 0x00, 0x00, 0x00, 0x00, 0x00, 0x00, 0x00, 0x00, 0x00, 0x00, 0x00, 0x00, 0x00,
  0x00, 0x00, 0x00, 0x00, 0x00, 0x00, 0x00, 0x00, 0x00, 0x00, 0x00, 0x00, 0x00, 0x00, 0x00, 0x00,
  0x00, 0x00, 0x00, 0x00, 0x00, 0x00, 0x00, 0x00, 0x00, 0x00, 0x00, 0x00, 0x00, 0x00, 0x00, 0x00,
  0x00, 0x00, 0x00, 0x00, 0x00, 0x00, 0x00, 0x00, 0x00, 0x00, 0x00, 0x00, 0x61, 0x38, 0x03, 0x89,
  0x85, 0xD1, 0xC6, 0xF9, 0xE6, 0xF9, 0xC5, 0xF1, 0xA5, 0xD9, 0x64, 0xC9, 0x44, 0xB9, 0x44, 0xB1,
  0x44, 0xB9, 0x64, 0xC9, 0xA5, 0xD9, 0xC5, 0xF1, 0xE6, 0xF9, 0xC6, 0xF9, 0x85, 0xD1, 0x03, 0x89,
  0x61, 0x30, 0x00, 0x00, 0x00, 0x00, 0x00, 0x00, 0x00, 0x00, 0x00, 0x00, 0x00, 0x00, 0x00, 0x00,
  0x00, 0x00, 0x00, 0x00, 0x00, 0x00, 0x00, 0x00, 0x00, 0x00, 0x00, 0x00, 0x00, 0x00, 0x00, 0x00,
  0x00, 0x00, 0x00, 0x00, 0x00, 0x00, 0x00, 0x00, 0x00, 0x00, 0x00, 0x00, 0x00, 0x00, 0x00, 0x00,
  0x00, 0x00, 0x00, 0x00, 0x00, 0x00, 0x00, 0x00, 0x00, 0x00, 0x00, 0x00, 0x00, 0x00, 0x00, 0x00,
  0x00, 0x00, 0x00, 0x00, 0x00, 0x00, 0x00, 0x00, 0x00, 0x00, 0x00, 0x00, 0x00, 0x00, 0x00, 0x00,
  0x00, 0x00, 0x00, 0x00, 0x00, 0x00, 0x00, 0x00, 0x00, 0x00, 0x00, 0x00, 0x00, 0x00, 0x00, 0x00,
  0x00, 0x00, 0x00, 0x00, 0x00, 0x00, 0x00, 0x00, 0x00, 0x00, 0x00, 0x00, 0x00, 0x00, 0x00, 0x00,
  0x00, 0x00, 0x00, 0x00, 0x00, 0x00, 0x00, 0x00, 0x00, 0x00, 0x00, 0x00, 0x00, 0x00, 0x00, 0x00,
  0x00, 0x00, 0x00, 0x00, 0x00, 0x00, 0x00, 0x00, 0x00, 0x00, 0x00, 0x00, 0x00, 0x00, 0x00, 0x00,
  0x00, 0x00, 0x00, 0x00, 0x00, 0x00, 0x00, 0x00, 0x00, 0x00, 0x00, 0x00, 0x00, 0x00, 0x00, 0x00,
  0x00, 0x00, 0x00, 0x00, 0x00, 0x00, 0x00, 0x00, 0x00, 0x00, 0x00, 0x00, 0x00, 0x00, 0x00, 0x00,
  0x00, 0x00, 0x00, 0x00, 0x00, 0x00, 0x00, 0x00, 0x00, 0x00, 0x00, 0x00, 0x00, 0x00, 0x00, 0x00,
  0x00, 0x00, 0x00, 0x00, 0x00, 0x00, 0x00, 0x00, 0x00, 0x00, 0x00, 0x00, 0x00, 0x00, 0x00, 0x00,
  0x00, 0x00, 0x00, 0x00, 0x00, 0x00, 0x00, 0x00, 0x00, 0x00, 0x00, 0x00, 0x00, 0x00, 0x00, 0x00,
  0x00, 0x00, 0x00, 0x00, 0x00, 0x00, 0x00, 0x00, 0x00, 0x00, 0x00, 0x00, 0x00, 0x00, 0x00, 0x00,
  0x00, 0x00, 0x00, 0x00, 0x00, 0x00, 0x00, 0x00, 0x00, 0x00, 0x00, 0x00, 0x00, 0x00, 0x00, 0x00,
  0x00, 0x00, 0x00, 0x00, 0x00, 0x00, 0x00, 0x00, 0x00, 0x00, 0x00, 0x00, 0x00, 0x00, 0x00, 0x00,
  0x00, 0x00, 0x00, 0x00, 0x00, 0x00, 0x00, 0x00, 0x00, 0x00, 0x00, 0x00, 0x00, 0x00, 0x00, 0x00,
  0x00, 0x00, 0x00, 0x00, 0x00, 0x00, 0x00, 0x00, 0x00, 0x00, 0x00, 0x00, 0x00, 0x00, 0x00, 0x00,
  0x00, 0x00, 0x00, 0x00, 0x00, 0x00, 0x00, 0x00, 0x00, 0x00, 0x00, 0x00, 0x00, 0x00, 0x00, 0x00,
  0x00, 0x00, 0x00, 0x00, 0x00, 0x00, 0x00, 0x00, 0x00, 0x00, 0x00, 0x00, 0x00, 0x00, 0x00, 0x00,
  0x00, 0x00, 0x00, 0x00, 0x00, 0x00, 0x00, 0x00, 0x00, 0x00, 0x00, 0x00, 0x00, 0x00, 0x00, 0x00,
  0x00, 0x00, 0x00, 0x00, 0x00, 0x00, 0x00, 0x00, 0x00, 0x00, 0x00, 0x00, 0x00, 0x00, 0x00, 0x00,
  0x00, 0x00, 0x00, 0x00, 0x00, 0x00, 0x00, 0x00, 0x00, 0x00, 0x00, 0x00, 0x00, 0x00, 0x00, 0x00,
  0x00, 0x00, 0x00, 0x00, 0x00, 0x00, 0x00, 0x00, 0x00, 0x00, 0x00, 0x00, 0x00, 0x00, 0x00, 0x00,
  0x00, 0x00, 0x00, 0x00, 0x00, 0x00, 0x00, 0x00, 0x00, 0x00, 0x00, 0x00, 0x00, 0x00, 0x00, 0x00,
  0x00, 0x00, 0x00, 0x00, 0x00, 0x00, 0x00, 0x00, 0x00, 0x00, 0x00, 0x00, 0x00, 0x00, 0x00, 0x00,
  0x00, 0x00, 0x00, 0x00, 0x00, 0x00, 0x00, 0x00, 0x00, 0x00, 0x00, 0x00, 0x00, 0x00, 0x00, 0x00,
  0x00, 0x08, 0x61, 0x38, 0xC2, 0x70, 0x24, 0xA1, 0x64, 0xC9, 0xA5, 0xE1, 0xC5, 0xF1, 0xC5, 0xF1,
  0xC5, 0xF1, 0xA5, 0xE1, 0x64, 0xC9, 0x24, 0xA1, 0xC2, 0x70, 0x61, 0x38, 0x00, 0x08, 0x00, 0x00,
  0x00, 0x00, 0x00, 0x00, 0x00, 0x00, 0x00, 0x00, 0x00, 0x00, 0x00, 0x00, 0x00, 0x00, 0x00, 0x00,
  0x00, 0x00, 0x00, 0x00, 0x00, 0x00, 0x00, 0x00, 0x00, 0x00, 0x00, 0x00, 0x00, 0x00, 0x00, 0x00,
  0x00, 0x00, 0x00, 0x00, 0x00, 0x00, 0x00, 0x00, 0x00, 0x00, 0x00, 0x00, 0x00, 0x00, 0x00, 0x00,
  0x00, 0x00, 0x00, 0x00, 0x00, 0x00, 0x00, 0x00, 0x00, 0x00, 0x00, 0x00, 0x00, 0x00, 0x00, 0x00,
  0x00, 0x00, 0x00, 0x00, 0x00, 0x00, 0x00, 0x00, 0x00, 0x00, 0x00, 0x00, 0x00, 0x00, 0x00, 0x00,
  0x00, 0x00, 0x00, 0x00, 0x00, 0x00, 0x00, 0x00, 0x00, 0x00, 0x00, 0x00, 0x00, 0x00, 0x00, 0x00,
  0x00, 0x00, 0x00, 0x00, 0x00, 0x00, 0x00, 0x00, 0x00, 0x00, 0x00, 0x00, 0x00, 0x00, 0x00, 0x00,
  0x00, 0x00, 0x00, 0x00, 0x00, 0x00, 0x00, 0x00, 0x00, 0x00, 0x00, 0x00, 0x00, 0x00, 0x00, 0x00,
  0x00, 0x00, 0x00, 0x00, 0x00, 0x00, 0x00, 0x00, 0x00, 0x00, 0x00, 0x00, 0x00, 0x00, 0x00, 0x00,
  0x00, 0x00, 0x00, 0x00, 0x00, 0x00, 0x00, 0x00, 0x00, 0x00, 0x00, 0x00, 0x00, 0x00, 0x00, 0x00,
  0x00, 0x00, 0x00, 0x00, 0x00, 0x00, 0x00, 0x00, 0x00, 0x00, 0x00, 0x00, 0x00, 0x00, 0x00, 0x00,
  0x00, 0x00, 0x00, 0x00, 0x00, 0x00, 0x00, 0x00, 0x00, 0x00, 0x00, 0x00, 0x00, 0x00, 0x00, 0x00,
  0x00, 0x00, 0x00, 0x00, 0x00, 0x00, 0x00, 0x00, 0x00, 0x00, 0x00, 0x00, 0x00, 0x00, 0x00, 0x00,
  0x00, 0x00, 0x00, 0x00, 0x00, 0x00, 0x00, 0x00, 0x00, 0x00, 0x00, 0x00, 0x00, 0x00, 0x00, 0x00,
  0x00, 0x00, 0x00, 0x00, 0x00, 0x00, 0x00, 0x00, 0x00, 0x00, 0x00, 0x00, 0x00, 0x00, 0x00, 0x00,
  0x00, 0x00, 0x00, 0x00, 0x00, 0x00, 0x00, 0x00, 0x00, 0x00, 0x00, 0x00, 0x00, 0x00, 0x00, 0x00,
  0x00, 0x00, 0x00, 0x00, 0x00, 0x00, 0x00, 0x00, 0x00, 0x00, 0x00, 0x00, 0x00, 0x00, 0x00, 0x00,
  0x00, 0x00, 0x00, 0x00, 0x00, 0x00, 0x00, 0x00, 0x00, 0x00, 0x00, 0x00, 0x00, 0x00, 0x00, 0x00,
  0x00, 0x00, 0x00, 0x00, 0x00, 0x00, 0x00, 0x00, 0x00, 0x00, 0x00, 0x00, 0x00, 0x00, 0x00, 0x00,
  0x00, 0x00, 0x00, 0x00, 0x00, 0x00, 0x00, 0x00, 0x00, 0x00, 0x00, 0x00, 0x00, 0x00, 0x00, 0x00,
  0x00, 0x00, 0x00, 0x00, 0x00, 0x00, 0x00, 0x00, 0x00, 0x00, 0x00, 0x00, 0x00, 0x00, 0x00, 0x00,
  0x00, 0x00, 0x00, 0x00, 0x00, 0x00, 0x00, 0x00, 0x00, 0x00, 0x00, 0x00, 0x00, 0x00, 0x00, 0x00,
  0x00, 0x00, 0x00, 0x00, 0x00, 0x00, 0x00, 0x00, 0x00, 0x00, 0x00, 0x00, 0x00, 0x00, 0x00, 0x00,
  0x00, 0x00, 0x00, 0x00, 0x00, 0x00, 0x00, 0x00, 0x00, 0x00, 0x00, 0x00, 0x00, 0x00, 0x00, 0x00,
  0x00, 0x00, 0x00, 0x00, 0x00, 0x00, 0x00, 0x00, 0x00, 0x00, 0x00, 0x00, 0x00, 0x00, 0x00, 0x00,
  0x00, 0x00, 0x00, 0x00, 0x00, 0x00, 0x00, 0x00, 0x00, 0x00, 0x00, 0x00, 0x00, 0x00, 0x00, 0x00,
};

const lv_img_dsc_t espressif_logo = {
  .header.always_zero = 0,
  .header.w = 240,
  .header.h = 43,
  .header.cf = LV_IMG_CF_TRUE_COLOR,
  .data_size = 20640,
  .data = espressif_logo_map,
};
