// Jarvis splash image - 320x172 RGB565
// Auto-generated from Iron Man Jarvis HD Wallpaper IHD.jpg
#ifndef JARVIS_SPLASH_H
#define JARVIS_SPLASH_H

const uint16_t jarvis_splash_width = 320;
const uint16_t jarvis_splash_height = 172;
const uint16_t jarvis_splash[] PROGMEM = {

  0x0020, 0x0020, 0x0020, 0x0020, 0x0020, 0x0020, 0x0020, 0x0020, 0x0020, 0x0020, 0x0020, 0x0020, 0x0020, 0x0020, 0x0020, 0x0020, 
  0x0020, 0x0020, 0x0020, 0x0020, 0x0020, 0x0020, 0x0020, 0x0020, 0x0020, 0x0020, 0x0020, 0x0020, 0x0020, 0x0020, 0x0020, 0x0020, 
  0x0020, 0x0020, 0x0020, 0x0020, 0x0020, 0x0020, 0x0020, 0x0020, 0x0020, 0x0020, 0x0020, 0x0020, 0x0020, 0x0020, 0x0020, 0x0020,
  0x0020, 0x0020, 0x0020, 0x0020, 0x0020, 0x0020, 0x0020, 0x0020, 0x0020, 0x0020, 0x0020, 0x0020, 0x0020, 0x0020, 0x0020, 0x0020, 
  0x0020, 0x0020, 0x0020, 0x0020, 0x0020, 0x0020, 0x0020, 0x0020, 0x0020, 0x0020, 0x0020, 0x0020, 0x0020, 0x0020, 0x0020, 0x0020, 
  0x0020, 0x0020, 0x0020, 0x0020, 0x0020, 0x0020, 0x0020, 0x0020, 0x0020, 0x0020, 0x0020, 0x0020, 0x0020, 0x0020, 0x0020, 0x0020, 
  0x0020, 0x0020, 0x0020, 0x0020, 0x0020, 0x0020, 0x0020, 0x0020, 0x0020, 0x0020, 0x0020, 0x0020, 0x0020, 0x0020, 0x0020, 0x0020, 
  0x0020, 0x0020, 0x0020, 0x0020, 0x0020, 0x0020, 0x0020, 0x0020, 0x0020, 0x0020, 0x0020, 0x0020, 0x0020, 0x0020, 0x0020, 0x0020, 
  0x0020, 0x0020, 0x0020, 0x0020, 0x0020, 0x0020, 0x0020, 0x0020, 0x0020, 0x0020, 0x0020, 0x0020, 0x0020, 0x0020, 0x0020, 0x0020, 
  0x0020, 0x0020, 0x0020, 0x0020, 0x0020, 0x0020, 0x0020, 0x0020, 0x0020, 0x0020, 0x0020, 0x0020, 0x0020, 0x0020, 0x0020, 0x0020, 
  0x0020, 0x0020, 0x0020, 0x0020, 0x0020, 0x0020, 0x0020, 0x0020, 0x0020, 0x0020, 0x0020, 0x0020, 0x0020, 0x0020, 0x0020, 0x0020, 
  0x0020, 0x0020, 0x0020, 0x0020, 0x0020, 0x0020, 0x0020, 0x0020, 0x0020, 0x0020, 0x0020, 0x0020, 0x0020, 0x0020, 0x0020, 0x0020, 
  0x0020, 0x0020, 0x0020, 0x0020, 0x0020, 0x0020, 0x0020, 0x0020, 0x0020, 0x0020, 0x0020, 0x0020, 0x0020, 0x0020, 0x0020, 0x0020, 
  0x0020, 0x0020, 0x0020, 0x0020, 0x0020, 0x0020, 0x0020, 0x0020, 0x0020, 0x0020, 0x0020, 0x0020, 0x0020, 0x0020, 0x0020, 0x0020, 
  0x0020, 0x0020, 0x0020, 0x0020, 0x0020, 0x0020, 0x0020, 0x0020, 0x0020, 0x0020, 0x0020, 0x0020, 0x0020, 0x0020, 0x0020, 0x0020, 
  0x0020, 0x0020, 0x0020, 0x0020, 0x0020, 0x0020, 0x0020, 0x0020, 0x0020, 0x0020, 0x0020, 0x0020, 0x0020, 0x0020, 0x0020, 0x0020, 
  0x0020, 0x0020, 0x0020, 0x0020, 0x0020, 0x0020, 0x0020, 0x0020, 0x0020, 0x0020, 0x0020, 0x0020, 0x0020, 0x0020, 0x0020, 0x0020, 
  0x0020, 0x0020, 0x0020, 0x0020, 0x0020, 0x0020, 0x0020, 0x0020, 0x0020, 0x0020, 0x0020, 0x0020, 0x0020, 0x0020, 0x0020, 0x0020, 
  0x0020, 0x0020, 0x0020, 0x0020, 0x0020, 0x0020, 0x0020, 0x0020, 0x0020, 0x0020, 0x0020, 0x0020, 0x0020, 0x0020, 0x0020, 0x0020, 
  0x0020, 0x0020, 0x0020, 0x0020, 0x0020, 0x0020, 0x0020, 0x0020, 0x0020, 0x0020, 0x0020, 0x0020, 0x0020, 0x0020, 0x0020, 0x0020, 
  0x0020, 0x0020, 0x0020, 0x0020, 0x0020, 0x0020, 0x0020, 0x0020, 0x0020, 0x0020, 0x0020, 0x0020, 0x0020, 0x0020, 0x0020, 0x0020, 
  0x0020, 0x0020, 0x0020, 0x0020, 0x0020, 0x0020, 0x0020, 0x0020, 0x0020, 0x0020, 0x0020, 0x0020, 0x0020, 0x0020, 0x0020, 0x0020, 
  0x0020, 0x0020, 0x0020, 0x0020, 0x0020, 0x0020, 0x0020, 0x0020, 0x0020, 0x0020, 0x0020, 0x0020, 0x0020, 0x0020, 0x0020, 0x0020, 
  0x0020, 0x0020, 0x0020, 0x0020, 0x0020, 0x0020, 0x0020, 0x0020, 0x0020, 0x0020, 0x0020, 0x0020, 0x0020, 0x0020, 0x0020, 0x0020, 
  0x0020, 0x0020, 0x0020, 0x0020, 0x0020, 0x0020, 0x0020, 0x0020, 0x0020, 0x0020, 0x0020, 0x0020, 0x0020, 0x0020, 0x0020, 0x0020, 
  0x0020, 0x0020, 0x0020, 0x0020, 0x0020, 0x0020, 0x0020, 0x0020, 0x0020, 0x0020, 0x0020, 0x0020, 0x0020, 0x0020, 0x0020, 0x0020, 
  0x0020, 0x0020, 0x0020, 0x0020, 0x0020, 0x0020, 0x0020, 0x0020, 0x0020, 0x0020, 0x0020, 0x0020, 0x0020, 0x0020, 0x0020, 0x0020, 
  0x0020, 0x0020, 0x0020, 0x0020, 0x0020, 0x0020, 0x0020, 0x0020, 0x0020, 0x0020, 0x0020, 0x0020, 0x0020, 0x0020, 0x0020, 0x0020, 
  0x0020, 0x0020, 0x0020, 0x0020, 0x0020, 0x0020, 0x0020, 0x0020, 0x0020, 0x0020, 0x0020, 0x0020, 0x0020, 0x0020, 0x0020, 0x0020, 
  0x0020, 0x0020, 0x0020, 0x0020, 0x0020, 0x0020, 0x0020, 0x0020, 0x0020, 0x0020, 0x0020, 0x0020, 0x0020, 0x0020, 0x0020, 0x0020, 
  0x0020, 0x0020, 0x0020, 0x0020, 0x0020, 0x0020, 0x0020, 0x0020, 0x0020, 0x0020, 0x0020, 0x0020, 0x0020, 0x0020, 0x0020, 0x0020, 
  0x0020, 0x0020, 0x0020, 0x0020, 0x0020, 0x0020, 0x0020, 0x0020, 0x0020, 0x0020, 0x0020, 0x0020, 0x0020, 0x0020, 0x0020, 0x0020, 
  0x0020, 0x0020, 0x0020, 0x0020, 0x0020, 0x0020, 0x0020, 0x0020, 0x0020, 0x0020, 0x0020, 0x0020, 0x0020, 0x0020, 0x0020, 0x0020, 
  0x0020, 0x0020, 0x0020, 0x0020, 0x0020, 0x0020, 0x0020, 0x0020, 0x0020, 0x0020, 0x0020, 0x0020, 0x0020, 0x0020, 0x0020, 0x0020, 
  0x0020, 0x0020, 0x0020, 0x0020, 0x0020, 0x0020, 0x0020, 0x0020, 0x0020, 0x0020, 0x0020, 0x0020, 0x0020, 0x0020, 0x0020, 0x0020, 
  0x0020, 0x0020, 0x0020, 0x0020, 0x0020, 0x0020, 0x0020, 0x0020, 0x0020, 0x0020, 0x0020, 0x0020, 0x0020, 0x0020, 0x0020, 0x0020, 
  0x0020, 0x0020, 0x0020, 0x0020, 0x0020, 0x0020, 0x0020, 0x0020, 0x0020, 0x0020, 0x0020, 0x0020, 0x0020, 0x0020, 0x0020, 0x0020, 
  0x0020, 0x0020, 0x0020, 0x0020, 0x0020, 0x0020, 0x0020, 0x0020, 0x0020, 0x0020, 0x0020, 0x0020, 0x0020, 0x0020, 0x0020, 0x0020, 
  0x0020, 0x0020, 0x0020, 0x0020, 0x0020, 0x0020, 0x0020, 0x0020, 0x0020, 0x0020, 0x0020, 0x0020, 0x0020, 0x0020, 0x0020, 0x0020, 
  0x0020, 0x0020, 0x0020, 0x0020, 0x0020, 0x0020, 0x0020, 0x0020, 0x0020, 0x0020, 0x0020, 0x0020, 0x0020, 0x0020, 0x0020, 0x0020, 
  0x0020, 0x0020, 0x0020, 0x0020, 0x0020, 0x0841, 0x0841, 0x0841, 0x0841, 0x0841, 0x0841, 0x0841, 0x0841, 0x0841, 0x0841, 0x0841, 
  0x0841, 0x0841, 0x0841, 0x0841, 0x0841, 0x0841, 0x0841, 0x0841, 0x0841, 0x0841, 0x0841, 0x0841, 0x0841, 0x0841, 0x0841, 0x0841, 
  0x0841, 0x0841, 0x0841, 0x0841, 0x0841, 0x0841, 0x0841, 0x0841, 0x0841, 0x0841, 0x0841, 0x0841, 0x0841, 0x0841, 0x0841, 0x0841, 
  0x0841, 0x0841, 0x0841, 0x0841, 0x0841, 0x0841, 0x0841, 0x0841, 0x0841, 0x0841, 0x0841, 0x0841, 0x0841, 0x0841, 0x0841, 0x0841, 
  0x0841, 0x0841, 0x0841, 0x0841, 0x0841, 0x0841, 0x0841, 0x0841, 0x0841, 0x0841, 0x0841, 0x0841, 0x0841, 0x0841, 0x0841, 0x0841, 
  0x0841, 0x0841, 0x0841, 0x0841, 0x0841, 0x0841, 0x0841, 0x0841, 0x0841, 0x0841, 0x0841, 0x0841, 0x0841, 0x0841, 0x0841, 0x0841, 
  0x0841, 0x0841, 0x0841, 0x0841, 0x0841, 0x0841, 0x0841, 0x0841, 0x0841, 0x0841, 0x0841, 0x0841, 0x0841, 0x0841, 0x0841, 0x0841, 
  0x0841, 0x0841, 0x0841, 0x0841, 0x0841, 0x0841, 0x0841, 0x0841, 0x0841, 0x0841, 0x0841, 0x0841, 0x0841, 0x0841, 0x0841, 0x0841, 
  0x0841, 0x0841, 0x0841, 0x0841, 0x0841, 0x0841, 0x0841, 0x0841, 0x0841, 0x0841, 0x0841, 0x0841, 0x0841, 0x0841, 0x0841, 0x0841, 
  0x0841, 0x0841, 0x0841, 0x0841, 0x0841, 0x0841, 0x0841, 0x0841, 0x0841, 0x0841, 0x0841, 0x0841, 0x0841, 0x0841, 0x0841, 0x0841, 
  0x0841, 0x0841, 0x0841, 0x0841, 0x0841, 0x0841, 0x0841, 0x0841, 0x0841, 0x0841, 0x0841, 0x0841, 0x0841, 0x0841, 0x0841, 0x0841, 
  0x0841, 0x0841, 0x0841, 0x0841, 0x0841, 0x0841, 0x0841, 0x0841, 0x0841, 0x0841, 0x0841, 0x0841, 0x0841, 0x0841, 0x0841, 0x0841, 
  0x0841, 0x0841, 0x0841, 0x0841, 0x0841, 0x0841, 0x0841, 0x0841, 0x0841, 0x0841, 0x0841, 0x0841, 0x0841, 0x0841, 0x0841, 0x0841, 
  0x0841, 0x0841, 0x0841, 0x0841, 0x0841, 0x0841, 0x0841, 0x0841, 0x0841, 0x0841, 0x0841, 0x0841, 0x0841, 0x0841, 0x0841, 0x0841, 
  0x0841, 0x0841, 0x0841, 0x0841, 0x0841, 0x0841, 0x0841, 0x0841, 0x0841, 0x0841, 0x0841, 0x0841, 0x0841, 0x0841, 0x0841, 0x0841, 
  0x0841, 0x0841, 0x0841, 0x0841, 0x0841, 0x0841, 0x0841, 0x0841, 0x0841, 0x0841, 0x0841, 0x0841, 0x0841, 0x0841, 0x0841, 0x0841, 
  0x0841, 0x0841, 0x0841, 0x0841, 0x0841, 0x0841, 0x0841, 0x0841, 0x0841, 0x0841, 0x0841, 0x0841, 0x0841, 0x0841, 0x0841, 0x0841, 
  0x0841, 0x0841, 0x0841, 0x0841, 0x0841, 0x0841, 0x0841, 0x0841, 0x0841, 0x0841, 0x0841, 0x0841, 0x0841, 0x0841, 0x0841, 0x0841, 
  0x0841, 0x0841, 0x0841, 0x0841, 0x0841, 0x0841, 0x0841, 0x0841, 0x0841, 0x0841, 0x0841, 0x0841, 0x0841, 0x0841, 0x0841, 0x0841, 
  0x0841, 0x0841, 0x0841, 0x0841, 0x0841, 0x0841, 0x0841, 0x0841, 0x0841, 0x0020, 0x0020, 0x0020, 0x0020, 0x0020, 0x0020, 0x0020, 
  0x0020, 0x0020, 0x0020, 0x0020, 0x0841, 0x0841, 0x0841, 0x0841, 0x0841, 0x0841, 0x0841, 0x0841, 0x0841, 0x0841, 0x0841, 0x0841, 
  0x0841, 0x0841, 0x0841, 0x0841, 0x0841, 0x0841, 0x0841, 0x0841, 0x0841, 0x0841, 0x0841, 0x0841, 0x0841, 0x0841, 0x0841, 0x0841, 
  0x0841, 0x0841, 0x0841, 0x0841, 0x0841, 0x0841, 0x0841, 0x0841, 0x0841, 0x0841, 0x0841, 0x0841, 0x0841, 0x0841, 0x0841, 0x0841, 
  0x0841, 0x0841, 0x0841, 0x0841, 0x0841, 0x0841, 0x0841, 0x0841, 0x0841, 0x0841, 0x0841, 0x0841, 0x0841, 0x0841, 0x0841, 0x0841, 
  0x0841, 0x0841, 0x0841, 0x0841, 0x0841, 0x0841, 0x0841, 0x0841, 0x0841, 0x0841, 0x0841, 0x0841, 0x0841, 0x0841, 0x0841, 0x0841, 
  0x0841, 0x0841, 0x0841, 0x0841, 0x0841, 0x0841, 0x0841, 0x0841, 0x0841, 0x0841, 0x0841, 0x0841, 0x0841, 0x0841, 0x0841, 0x0841, 
  0x0841, 0x0841, 0x0841, 0x0841, 0x0841, 0x0841, 0x0841, 0x0841, 0x0841, 0x0841, 0x0841, 0x0841, 0x0841, 0x0841, 0x0841, 0x0841, 
  0x0841, 0x0841, 0x0841, 0x0841, 0x0841, 0x0841, 0x0841, 0x0841, 0x0841, 0x0841, 0x0841, 0x0841, 0x0841, 0x0841, 0x0841, 0x0841, 
  0x0841, 0x0841, 0x0841, 0x0841, 0x0841, 0x0841, 0x0841, 0x0841, 0x0841, 0x0841, 0x0841, 0x0841, 0x0841, 0x0841, 0x0841, 0x0841, 
  0x0841, 0x0841, 0x0841, 0x0841, 0x0841, 0x0841, 0x0841, 0x0841, 0x0841, 0x0841, 0x0841, 0x0841, 0x0841, 0x0841, 0x0841, 0x0841, 
  0x0841, 0x0841, 0x0841, 0x0841, 0x0841, 0x0841, 0x0841, 0x0841, 0x0841, 0x0841, 0x0841, 0x0841, 0x0841, 0x0841, 0x0841, 0x0841, 
  0x0841, 0x0841, 0x0841, 0x0841, 0x0841, 0x0841, 0x0841, 0x0841, 0x0841, 0x0841, 0x0841, 0x0841, 0x0841, 0x0841, 0x0841, 0x0841, 
  0x0841, 0x0841, 0x0841, 0x0841, 0x0841, 0x0841, 0x0841, 0x0841, 0x0841, 0x0841, 0x0841, 0x0841, 0x0841, 0x0841, 0x0841, 0x0841, 
  0x0841, 0x0841, 0x0841, 0x0841, 0x0841, 0x0841, 0x0841, 0x0841, 0x0841, 0x0841, 0x0841, 0x0841, 0x0841, 0x0841, 0x0841, 0x0841, 
  0x0841, 0x0841, 0x0841, 0x0841, 0x0841, 0x0841, 0x0841, 0x0841, 0x0841, 0x0841, 0x0841, 0x0841, 0x0841, 0x0841, 0x0841, 0x0841, 
  0x0841, 0x0841, 0x0841, 0x0841, 0x0841, 0x0841, 0x0841, 0x0841, 0x0841, 0x0841, 0x0841, 0x0841, 0x0841, 0x0841, 0x0841, 0x0841, 
  0x0841, 0x0841, 0x0841, 0x0841, 0x0841, 0x0841, 0x0841, 0x0841, 0x0841, 0x0841, 0x0841, 0x0841, 0x0841, 0x0841, 0x0841, 0x0841, 
  0x0841, 0x0841, 0x0841, 0x0841, 0x0841, 0x0841, 0x0841, 0x0841, 0x0841, 0x0841, 0x0841, 0x0841, 0x0841, 0x0841, 0x0841, 0x0841, 
  0x0841, 0x0841, 0x0841, 0x0841, 0x0841, 0x0841, 0x0841, 0x0841, 0x0841, 0x0841, 0x0841, 0x0841, 0x0841, 0x0841, 0x0841, 0x0841, 
  0x0841, 0x0841, 0x0841, 0x0841, 0x0841, 0x0841, 0x0841, 0x0841, 0x0841, 0x0020, 0x0020, 0x0020, 0x0020, 0x0020, 0x0020, 0x0020, 
  0x0020, 0x0020, 0x0020, 0x0841, 0x0841, 0x0841, 0x0841, 0x0841, 0x0841, 0x0841, 0x0841, 0x0841, 0x0841, 0x0841, 0x0841, 0x0841, 
  0x0841, 0x0841, 0x0841, 0x0841, 0x0841, 0x0841, 0x0841, 0x0841, 0x0841, 0x0841, 0x0841, 0x0841, 0x0841, 0x0841, 0x0841, 0x0841, 
  0x0841, 0x0841, 0x0841, 0x0841, 0x0841, 0x0841, 0x0841, 0x0841, 0x0841, 0x0841, 0x0841, 0x0841, 0x0841, 0x0841, 0x0841, 0x0841, 
  0x0841, 0x0841, 0x0841, 0x0841, 0x0841, 0x0841, 0x0841, 0x0841, 0x0841, 0x0841, 0x0841, 0x0841, 0x0841, 0x0841, 0x0841, 0x0841, 
  0x0841, 0x0841, 0x0841, 0x0841, 0x0841, 0x0841, 0x0841, 0x0841, 0x0841, 0x0841, 0x0841, 0x0841, 0x0841, 0x0841, 0x0841, 0x0841, 
  0x0841, 0x0841, 0x0841, 0x0841, 0x0841, 0x0841, 0x0841, 0x0841, 0x0841, 0x0841, 0x0841, 0x0841, 0x0841, 0x0841, 0x0841, 0x0841, 
  0x0841, 0x0841, 0x0841, 0x0841, 0x0841, 0x0841, 0x0841, 0x0841, 0x0841, 0x0841, 0x0841, 0x0841, 0x0841, 0x0841, 0x0841, 0x0841, 
  0x0841, 0x0841, 0x0841, 0x0841, 0x0841, 0x0841, 0x0841, 0x0841, 0x0841, 0x0841, 0x0841, 0x0841, 0x0841, 0x0841, 0x0841, 0x0841, 
  0x0841, 0x0841, 0x0841, 0x0841, 0x0841, 0x0841, 0x0841, 0x0841, 0x0841, 0x0841, 0x0841, 0x0841, 0x0841, 0x0841, 0x0841, 0x0841, 
  0x0841, 0x0841, 0x0841, 0x0841, 0x0841, 0x0841, 0x0841, 0x0841, 0x0841, 0x0841, 0x0841, 0x0841, 0x0841, 0x0841, 0x0841, 0x0841, 
  0x0841, 0x0841, 0x0841, 0x0841, 0x0841, 0x0841, 0x0841, 0x0841, 0x0841, 0x0841, 0x0841, 0x0841, 0x0841, 0x0841, 0x0841, 0x0841, 
  0x0841, 0x0841, 0x0841, 0x0841, 0x0841, 0x0841, 0x0841, 0x0841, 0x0841, 0x0841, 0x0841, 0x0841, 0x0841, 0x0841, 0x0841, 0x0841, 
  0x0841, 0x0841, 0x0841, 0x0841, 0x0841, 0x0841, 0x0841, 0x0841, 0x0841, 0x0841, 0x0841, 0x0841, 0x0841, 0x0841, 0x0841, 0x0841, 
  0x0841, 0x0841, 0x0841, 0x0841, 0x0841, 0x0841, 0x0841, 0x0841, 0x0841, 0x0841, 0x0841, 0x0841, 0x0841, 0x0841, 0x0841, 0x0841, 
  0x0841, 0x0841, 0x0841, 0x0841, 0x0841, 0x0841, 0x0841, 0x0841, 0x0841, 0x0841, 0x0841, 0x0841, 0x0841, 0x0841, 0x0841, 0x0841, 
  0x0841, 0x0841, 0x0841, 0x0841, 0x0841, 0x0841, 0x0841, 0x0841, 0x0841, 0x0841, 0x0841, 0x0841, 0x0841, 0x0841, 0x0841, 0x0841, 
  0x0841, 0x0841, 0x0841, 0x0841, 0x0841, 0x0841, 0x0841, 0x0841, 0x0841, 0x0841, 0x0841, 0x0841, 0x0841, 0x0841, 0x0841, 0x0841, 
  0x0841, 0x0841, 0x0841, 0x0841, 0x0841, 0x0841, 0x0841, 0x0841, 0x0841, 0x0841, 0x0841, 0x0841, 0x0841, 0x0841, 0x0841, 0x0841, 
  0x0841, 0x0841, 0x0841, 0x0841, 0x0841, 0x0841, 0x0841, 0x0841, 0x0841, 0x0841, 0x0841, 0x0841, 0x0841, 0x0841, 0x0841, 0x0841, 
  0x0841, 0x0841, 0x0841, 0x0841, 0x0841, 0x0841, 0x0841, 0x0841, 0x0841, 0x0841, 0x0841, 0x0020, 0x0020, 0x0020, 0x0020, 0x0020, 
  0x0020, 0x0841, 0x0841, 0x0841, 0x0841, 0x0841, 0x0841, 0x0841, 0x0841, 0x0841, 0x0841, 0x0841, 0x0841, 0x0841, 0x0841, 0x0841, 
  0x0841, 0x0841, 0x0841, 0x0841, 0x0841, 0x0841, 0x0841, 0x0841, 0x0841, 0x0841, 0x0841, 0x0841, 0x0841, 0x0841, 0x0841, 0x0841, 
  0x0841, 0x0841, 0x0841, 0x0841, 0x0841, 0x0841, 0x0841, 0x0841, 0x0841, 0x0841, 0x0841, 0x0841, 0x0841, 0x0841, 0x0841, 0x0841, 
  0x0841, 0x0841, 0x0841, 0x0841, 0x0841, 0x0841, 0x0841, 0x0841, 0x0841, 0x0841, 0x0841, 0x0841, 0x0841, 0x0841, 0x0841, 0x0841, 
  0x0841, 0x0841, 0x0841, 0x0841, 0x0841, 0x0841, 0x0841, 0x0841, 0x0841, 0x0841, 0x0841, 0x0841, 0x0841, 0x0841, 0x0841, 0x0841, 
  0x0841, 0x0841, 0x0841, 0x0841, 0x0841, 0x0841, 0x0841, 0x0841, 0x0841, 0x0841, 0x0841, 0x0841, 0x0841, 0x0841, 0x0841, 0x0841, 
  0x0841, 0x0841, 0x0841, 0x0841, 0x0841, 0x0841, 0x0841, 0x0841, 0x0841, 0x0841, 0x0841, 0x0841, 0x0841, 0x0841, 0x0841, 0x0841, 
  0x0841, 0x0841, 0x0841, 0x0841, 0x0841, 0x0841, 0x0841, 0x0841, 0x0841, 0x0841, 0x0841, 0x0841, 0x0841, 0x0841, 0x0841, 0x0841, 
  0x0841, 0x0841, 0x0841, 0x0841, 0x0841, 0x0841, 0x0841, 0x0841, 0x0841, 0x0841, 0x0841, 0x0841, 0x0841, 0x0841, 0x0841, 0x0841, 
  0x0841, 0x0841, 0x0841, 0x0841, 0x0841, 0x0841, 0x0841, 0x0841, 0x0841, 0x0841, 0x0841, 0x0841, 0x0841, 0x0841, 0x0841, 0x0841, 
  0x0841, 0x0841, 0x0841, 0x0841, 0x0841, 0x0841, 0x0841, 0x0841, 0x0841, 0x0841, 0x0841, 0x0841, 0x0841, 0x0841, 0x0841, 0x0841, 
  0x0841, 0x0841, 0x0841, 0x0841, 0x0841, 0x0841, 0x0841, 0x0841, 0x0841, 0x0841, 0x0841, 0x0841, 0x0841, 0x0841, 0x0841, 0x0841, 
  0x0841, 0x0841, 0x0841, 0x0841, 0x0841, 0x0841, 0x0841, 0x0841, 0x0841, 0x0841, 0x0841, 0x0841, 0x0841, 0x0841, 0x0841, 0x0841, 
  0x0841, 0x0841, 0x0841, 0x0841, 0x0841, 0x0841, 0x0841, 0x0841, 0x0841, 0x0841, 0x0841, 0x0841, 0x0841, 0x0841, 0x0841, 0x0841, 
  0x0841, 0x0841, 0x0841, 0x0841, 0x0841, 0x0841, 0x0841, 0x0841, 0x0841, 0x0841, 0x0841, 0x0841, 0x0841, 0x0841, 0x0841, 0x0841, 
  0x0841, 0x0841, 0x0841, 0x0841, 0x0841, 0x0841, 0x0841, 0x0841, 0x0841, 0x0841, 0x0841, 0x0841, 0x0841, 0x0841, 0x0841, 0x0841, 
  0x0841, 0x0841, 0x0841, 0x0841, 0x0841, 0x0841, 0x0841, 0x0841, 0x0841, 0x0841, 0x0841, 0x0841, 0x0841, 0x0841, 0x0841, 0x0841, 
  0x0841, 0x0841, 0x0841, 0x0841, 0x0841, 0x0841, 0x0841, 0x0841, 0x0841, 0x0841, 0x0841, 0x0841, 0x0841, 0x0841, 0x0841, 0x0841, 
  0x0841, 0x0841, 0x0841, 0x0841, 0x0841, 0x0841, 0x0841, 0x0841, 0x0841, 0x0841, 0x0841, 0x0841, 0x0841, 0x0841, 0x0841, 0x0841, 
  0x0841, 0x0841, 0x0841, 0x0841, 0x0841, 0x0841, 0x0841, 0x0841, 0x0841, 0x0841, 0x0841, 0x0020, 0x0020, 0x0020, 0x0020, 0x0020, 
  0x0020, 0x0841, 0x0841, 0x0841, 0x0841, 0x0841, 0x0841, 0x0841, 0x0841, 0x0841, 0x0841, 0x0841, 0x0841, 0x0841, 0x0841, 0x0841, 
  0x0841, 0x0841, 0x0841, 0x0841, 0x0841, 0x0841, 0x0841, 0x0841, 0x0841, 0x0841, 0x0841, 0x0841, 0x0841, 0x0841, 0x0841, 0x0841, 
  0x0841, 0x0841, 0x0841, 0x0841, 0x0841, 0x0841, 0x0841, 0x0841, 0x0841, 0x0841, 0x0841, 0x0841, 0x0841, 0x0841, 0x0841, 0x0841, 
  0x0841, 0x0841, 0x0841, 0x0841, 0x0841, 0x0841, 0x0841, 0x0841, 0x0841, 0x0841, 0x0841, 0x0841, 0x0841, 0x0841, 0x0841, 0x0841, 
  0x0841, 0x0841, 0x0841, 0x0841, 0x0841, 0x0841, 0x0841, 0x0841, 0x0841, 0x0841, 0x0841, 0x0841, 0x0841, 0x0841, 0x0841, 0x0841, 
  0x0841, 0x0841, 0x0841, 0x0841, 0x0841, 0x0841, 0x0841, 0x0841, 0x0841, 0x0841, 0x0841, 0x0841, 0x0841, 0x0841, 0x0841, 0x0841, 
  0x0841, 0x0841, 0x0841, 0x0841, 0x0841, 0x0841, 0x0841, 0x0841, 0x0841, 0x0841, 0x0841, 0x0841, 0x0841, 0x0841, 0x0841, 0x0841, 
  0x0841, 0x0841, 0x0841, 0x0841, 0x0841, 0x0841, 0x0841, 0x0841, 0x0841, 0x0841, 0x0841, 0x0841, 0x0841, 0x0841, 0x0841, 0x0841, 
  0x0841, 0x0841, 0x0841, 0x0841, 0x0841, 0x0841, 0x0841, 0x0841, 0x0841, 0x0841, 0x0841, 0x0841, 0x0841, 0x0841, 0x0841, 0x0841, 
  0x0841, 0x0841, 0x0841, 0x0841, 0x0841, 0x0841, 0x0841, 0x0841, 0x0841, 0x0841, 0x0841, 0x0841, 0x0841, 0x0841, 0x0841, 0x0841, 
  0x0841, 0x0841, 0x0841, 0x0841, 0x0841, 0x0841, 0x0841, 0x0841, 0x0841, 0x0841, 0x0841, 0x0841, 0x0841, 0x0841, 0x0841, 0x0841, 
  0x0841, 0x0841, 0x0841, 0x0841, 0x0841, 0x0841, 0x0841, 0x0841, 0x0841, 0x0841, 0x0841, 0x0841, 0x0841, 0x0841, 0x0841, 0x0841, 
  0x0841, 0x0841, 0x0841, 0x0841, 0x0841, 0x0841, 0x0841, 0x0841, 0x0841, 0x0841, 0x0841, 0x0841, 0x0841, 0x0841, 0x0841, 0x0841, 
  0x0841, 0x0841, 0x0841, 0x0841, 0x0841, 0x0841, 0x0841, 0x0841, 0x0841, 0x0841, 0x0841, 0x0841, 0x0841, 0x0841, 0x0841, 0x0841, 
  0x0841, 0x0841, 0x0841, 0x0841, 0x0841, 0x0841, 0x0841, 0x0841, 0x0841, 0x0841, 0x0841, 0x0841, 0x0841, 0x0841, 0x0841, 0x0841, 
  0x0841, 0x0841, 0x0841, 0x0841, 0x0841, 0x0841, 0x0841, 0x0841, 0x0841, 0x0841, 0x0841, 0x0841, 0x0841, 0x0841, 0x0841, 0x0841, 
  0x0841, 0x0841, 0x0841, 0x0841, 0x0841, 0x0841, 0x0841, 0x0841, 0x0841, 0x0841, 0x0841, 0x0841, 0x0841, 0x0841, 0x0841, 0x0841, 
  0x0841, 0x0841, 0x0841, 0x0841, 0x0841, 0x0841, 0x0841, 0x0841, 0x0841, 0x0841, 0x0841, 0x0841, 0x0841, 0x0841, 0x0841, 0x0841, 
  0x0841, 0x0841, 0x0841, 0x0841, 0x0841, 0x0841, 0x0841, 0x0841, 0x0841, 0x0841, 0x0841, 0x0841, 0x0841, 0x0841, 0x0841, 0x0841, 
  0x0841, 0x0841, 0x0841, 0x0841, 0x0841, 0x0841, 0x0841, 0x0841, 0x0841, 0x0841, 0x0841, 0x0841, 0x0841, 0x0020, 0x0020, 0x0020, 
  0x0020, 0x0841, 0x0841, 0x0841, 0x0841, 0x0841, 0x0841, 0x0841, 0x0841, 0x0841, 0x0841, 0x0841, 0x0841, 0x0841, 0x0841, 0x0841, 
  0x0841, 0x0841, 0x0841, 0x0841, 0x0841, 0x0841, 0x0841, 0x0841, 0x0841, 0x0841, 0x0841, 0x0841, 0x0841, 0x0841, 0x0841, 0x0841, 
  0x0841, 0x0841, 0x0841, 0x0841, 0x0841, 0x0841, 0x0841, 0x0841, 0x0841, 0x0841, 0x0841, 0x0841, 0x0841, 0x0841, 0x0841, 0x0841, 
  0x0841, 0x0841, 0x0841, 0x0841, 0x0841, 0x0841, 0x0841, 0x0841, 0x0841, 0x0841, 0x0841, 0x0841, 0x0841, 0x0841, 0x0841, 0x0841, 
  0x0841, 0x0841, 0x0841, 0x0841, 0x0841, 0x0841, 0x0841, 0x0841, 0x0841, 0x0841, 0x0841, 0x0841, 0x0841, 0x0841, 0x0841, 0x0841, 
  0x0841, 0x0841, 0x0841, 0x0841, 0x0841, 0x0841, 0x0841, 0x0841, 0x0841, 0x0841, 0x0841, 0x0841, 0x0841, 0x0841, 0x0841, 0x0841, 
  0x0841, 0x0841, 0x0841, 0x0841, 0x0841, 0x0841, 0x0841, 0x0841, 0x0841, 0x0841, 0x0841, 0x0841, 0x0841, 0x0841, 0x0841, 0x0841, 
  0x0841, 0x0841, 0x0841, 0x0841, 0x0841, 0x0841, 0x0841, 0x0841, 0x0841, 0x0841, 0x0841, 0x0841, 0x0841, 0x0841, 0x0841, 0x0841, 
  0x0841, 0x0841, 0x0841, 0x0841, 0x0841, 0x0841, 0x0841, 0x0841, 0x0841, 0x0841, 0x0841, 0x0841, 0x0841, 0x0841, 0x0841, 0x0841, 
  0x0841, 0x0841, 0x0841, 0x0841, 0x0841, 0x0841, 0x0841, 0x0841, 0x0841, 0x0841, 0x0841, 0x0841, 0x0841, 0x0841, 0x0841, 0x0841, 
  0x0841, 0x0841, 0x0841, 0x0841, 0x0841, 0x0841, 0x0841, 0x0841, 0x0841, 0x0841, 0x0841, 0x0841, 0x0841, 0x0841, 0x0841, 0x0841, 
  0x0841, 0x0841, 0x0841, 0x0841, 0x0841, 0x0841, 0x0841, 0x0841, 0x0841, 0x0841, 0x0841, 0x0841, 0x0841, 0x0841, 0x0841, 0x0841, 
  0x0841, 0x0841, 0x0841, 0x0841, 0x0841, 0x0841, 0x0841, 0x0841, 0x0841, 0x0841, 0x0841, 0x0841, 0x0841, 0x0841, 0x0841, 0x0841, 
  0x0841, 0x0841, 0x0841, 0x0841, 0x0841, 0x0841, 0x0841, 0x0841, 0x0841, 0x0841, 0x0841, 0x0841, 0x0841, 0x0841, 0x0841, 0x0841, 
  0x0841, 0x0841, 0x0841, 0x0841, 0x0841, 0x0841, 0x0841, 0x0841, 0x0841, 0x0841, 0x0841, 0x0841, 0x0841, 0x0841, 0x0841, 0x0841, 
  0x0841, 0x0841, 0x0841, 0x0841, 0x0841, 0x0841, 0x0841, 0x0841, 0x0841, 0x0841, 0x0841, 0x0841, 0x0841, 0x0841, 0x0841, 0x0841, 
  0x0841, 0x0841, 0x0841, 0x0841, 0x0841, 0x0841, 0x0841, 0x0841, 0x0841, 0x0841, 0x0841, 0x0841, 0x0841, 0x0841, 0x0841, 0x0841, 
  0x0841, 0x0841, 0x0841, 0x0841, 0x0841, 0x0841, 0x0841, 0x0841, 0x0841, 0x0841, 0x0841, 0x0841, 0x0841, 0x0841, 0x0841, 0x0841, 
  0x0841, 0x0841, 0x0841, 0x0841, 0x0841, 0x0841, 0x0841, 0x0841, 0x0841, 0x0841, 0x0841, 0x0841, 0x0841, 0x0841, 0x0841, 0x0841, 
  0x0841, 0x0841, 0x0841, 0x0841, 0x0841, 0x0841, 0x0841, 0x0841, 0x0841, 0x0841, 0x0841, 0x0841, 0x0841, 0x0020, 0x0020, 0x0020, 
  0x0020, 0x0841, 0x0841, 0x0841, 0x0841, 0x0841, 0x0841, 0x0841, 0x0841, 0x0841, 0x0841, 0x0841, 0x0841, 0x0841, 0x0841, 0x0841, 
  0x0841, 0x0841, 0x0841, 0x0841, 0x0841, 0x0841, 0x0841, 0x0841, 0x0841, 0x0841, 0x0841, 0x0841, 0x0841, 0x0841, 0x0841, 0x0841, 
  0x0841, 0x0841, 0x0841, 0x0841, 0x0841, 0x0841, 0x0841, 0x0841, 0x0841, 0x0841, 0x0841, 0x0841, 0x0841, 0x0841, 0x0841, 0x0841, 
  0x0841, 0x0841, 0x0841, 0x0841, 0x0841, 0x0841, 0x0841, 0x0841, 0x0841, 0x0841, 0x0841, 0x0841, 0x0841, 0x0841, 0x0841, 0x0841, 
  0x0841, 0x0841, 0x0841, 0x0841, 0x0841, 0x0841, 0x0841, 0x0841, 0x0841, 0x0841, 0x0841, 0x0841, 0x0841, 0x0841, 0x0841, 0x0841, 
  0x0841, 0x0841, 0x0841, 0x0841, 0x0841, 0x0841, 0x0841, 0x0841, 0x0841, 0x0841, 0x0841, 0x0841, 0x0841, 0x0841, 0x0841, 0x0841, 
  0x0841, 0x0841, 0x0841, 0x0841, 0x0841, 0x0841, 0x0841, 0x0841, 0x0841, 0x0841, 0x0841, 0x0841, 0x0841, 0x0841, 0x0841, 0x0841, 
  0x0841, 0x0841, 0x0841, 0x0841, 0x0841, 0x0841, 0x0841, 0x0841, 0x0841, 0x0841, 0x0841, 0x0841, 0x0841, 0x0841, 0x0841, 0x0841, 
  0x0841, 0x0841, 0x0841, 0x0841, 0x0841, 0x0841, 0x0841, 0x0841, 0x0841, 0x0841, 0x0841, 0x0841, 0x0841, 0x0841, 0x0841, 0x0841, 
  0x0841, 0x0841, 0x0841, 0x0841, 0x0841, 0x0841, 0x0841, 0x0841, 0x0841, 0x0841, 0x0841, 0x0841, 0x0841, 0x0841, 0x0841, 0x0841, 
  0x0841, 0x0841, 0x0841, 0x0841, 0x0841, 0x0841, 0x0841, 0x0841, 0x0841, 0x0841, 0x0841, 0x0841, 0x0841, 0x0841, 0x0841, 0x0841, 
  0x0841, 0x0841, 0x0841, 0x0841, 0x0841, 0x0841, 0x0841, 0x0841, 0x0841, 0x0841, 0x0841, 0x0841, 0x0841, 0x0841, 0x0841, 0x0841, 
  0x0841, 0x0841, 0x0841, 0x0841, 0x0841, 0x0841, 0x0841, 0x0841, 0x0841, 0x0841, 0x0841, 0x0841, 0x0841, 0x0841, 0x0841, 0x0841, 
  0x0841, 0x0841, 0x0841, 0x0841, 0x0841, 0x0841, 0x0841, 0x0841, 0x0841, 0x0841, 0x0841, 0x0841, 0x0841, 0x0841, 0x0841, 0x0841, 
  0x0841, 0x0841, 0x0841, 0x0841, 0x0841, 0x0841, 0x0841, 0x0841, 0x0841, 0x0841, 0x0841, 0x0841, 0x0841, 0x0841, 0x0841, 0x0841, 
  0x0841, 0x0841, 0x0841, 0x0841, 0x0841, 0x0841, 0x0841, 0x0841, 0x0841, 0x0841, 0x0841, 0x0841, 0x0841, 0x0841, 0x0841, 0x0841, 
  0x0841, 0x0841, 0x0841, 0x0841, 0x0841, 0x0841, 0x0841, 0x0841, 0x0841, 0x0841, 0x0841, 0x0841, 0x0841, 0x0841, 0x0841, 0x0841, 
  0x0841, 0x0841, 0x0841, 0x0841, 0x0841, 0x0841, 0x0841, 0x0841, 0x0841, 0x0841, 0x0841, 0x0841, 0x0841, 0x0841, 0x0841, 0x0841, 
  0x0841, 0x0841, 0x0841, 0x0841, 0x0841, 0x0841, 0x0841, 0x0841, 0x0841, 0x0841, 0x0841, 0x0841, 0x0841, 0x0841, 0x0841, 0x0841, 
  0x0841, 0x0841, 0x0841, 0x0841, 0x0841, 0x0841, 0x0841, 0x0841, 0x0841, 0x0841, 0x0841, 0x0841, 0x0841, 0x0841, 0x0841, 0x0020, 
  0x0020, 0x0841, 0x0841, 0x0841, 0x0841, 0x0841, 0x0841, 0x0841, 0x0841, 0x0841, 0x0841, 0x0841, 0x0841, 0x0841, 0x0841, 0x0841, 
  0x0841, 0x0841, 0x0841, 0x0841, 0x0841, 0x0841, 0x0841, 0x0841, 0x0841, 0x0841, 0x0841, 0x0841, 0x0841, 0x0841, 0x0841, 0x0841, 
  0x0841, 0x0841, 0x0841, 0x0841, 0x0841, 0x0841, 0x0841, 0x0841, 0x0841, 0x0841, 0x0841, 0x0841, 0x0841, 0x0841, 0x0841, 0x0841, 
  0x0841, 0x0841, 0x0841, 0x0841, 0x0841, 0x0841, 0x0841, 0x0841, 0x0841, 0x0841, 0x0841, 0x0841, 0x0841, 0x0841, 0x0841, 0x0841, 
  0x0841, 0x0841, 0x0841, 0x0841, 0x0841, 0x0841, 0x0841, 0x0841, 0x0841, 0x0841, 0x0841, 0x0841, 0x0841, 0x0841, 0x0841, 0x0841, 
  0x0841, 0x0841, 0x0841, 0x0841, 0x0841, 0x0841, 0x0841, 0x0841, 0x0841, 0x0841, 0x0841, 0x0841, 0x0841, 0x0841, 0x0841, 0x0841, 
  0x0841, 0x0841, 0x0841, 0x0841, 0x0841, 0x0841, 0x0841, 0x0841, 0x0841, 0x0841, 0x0841, 0x0841, 0x0841, 0x0841, 0x0841, 0x0841, 
  0x0841, 0x0841, 0x0841, 0x0841, 0x0841, 0x0841, 0x0841, 0x0841, 0x0841, 0x0841, 0x0841, 0x0841, 0x0841, 0x0841, 0x0841, 0x0841, 
  0x0841, 0x0841, 0x0841, 0x0841, 0x0841, 0x0841, 0x0841, 0x0841, 0x0841, 0x0841, 0x0841, 0x0841, 0x0841, 0x0841, 0x0841, 0x0841, 
  0x0841, 0x0841, 0x0841, 0x0841, 0x0841, 0x0841, 0x0841, 0x0841, 0x0841, 0x0841, 0x0841, 0x0841, 0x0841, 0x0841, 0x0841, 0x0841, 
  0x0841, 0x0841, 0x0841, 0x0841, 0x0841, 0x0841, 0x0841, 0x0841, 0x0841, 0x0841, 0x0841, 0x0841, 0x0841, 0x0841, 0x0841, 0x0841, 
  0x0841, 0x0841, 0x0841, 0x0841, 0x0841, 0x0841, 0x0841, 0x0841, 0x0841, 0x0841, 0x0841, 0x0841, 0x0841, 0x0841, 0x0841, 0x0841, 
  0x0841, 0x0841, 0x0841, 0x0841, 0x0841, 0x0841, 0x0841, 0x0841, 0x0841, 0x0841, 0x0841, 0x0841, 0x0841, 0x0841, 0x0841, 0x0841, 
  0x0841, 0x0841, 0x0841, 0x0841, 0x0841, 0x0841, 0x0841, 0x0841, 0x0841, 0x0841, 0x0841, 0x0841, 0x0841, 0x0841, 0x0841, 0x0841, 
  0x0841, 0x0841, 0x0841, 0x0841, 0x0841, 0x0841, 0x0841, 0x0841, 0x0841, 0x0841, 0x0841, 0x0841, 0x0841, 0x0841, 0x0841, 0x0841, 
  0x0841, 0x0841, 0x0841, 0x0841, 0x0841, 0x0841, 0x0841, 0x0841, 0x0841, 0x0841, 0x0841, 0x0841, 0x0841, 0x0841, 0x0841, 0x0841, 
  0x0841, 0x0841, 0x0841, 0x0841, 0x0841, 0x0841, 0x0841, 0x0841, 0x0841, 0x0841, 0x0841, 0x0841, 0x0841, 0x0841, 0x0841, 0x0841, 
  0x0841, 0x0841, 0x0841, 0x0841, 0x0841, 0x0841, 0x0841, 0x0841, 0x0841, 0x0841, 0x0841, 0x0841, 0x0841, 0x0841, 0x0841, 0x0841, 
  0x0841, 0x0841, 0x0841, 0x0841, 0x0841, 0x0841, 0x0841, 0x0841, 0x0841, 0x0841, 0x0841, 0x0841, 0x0841, 0x0841, 0x0841, 0x0841, 
  0x0841, 0x0841, 0x0841, 0x0841, 0x0841, 0x0841, 0x0841, 0x0841, 0x0841, 0x0841, 0x0841, 0x0841, 0x0841, 0x0841, 0x0841, 0x0020, 
  0x0020, 0x0841, 0x0841, 0x0841, 0x0841, 0x0841, 0x0841, 0x0841, 0x0841, 0x0841, 0x0841, 0x0841, 0x0841, 0x0841, 0x0841, 0x0841, 
  0x0841, 0x0841, 0x0841, 0x0841, 0x0841, 0x0841, 0x0841, 0x0841, 0x0841, 0x0841, 0x0841, 0x0841, 0x0841, 0x0841, 0x0841, 0x0841, 
  0x0841, 0x0841, 0x0841, 0x0841, 0x0841, 0x0841, 0x0841, 0x0841, 0x0841, 0x0841, 0x0841, 0x0841, 0x0841, 0x0841, 0x0841, 0x0841, 
  0x0841, 0x0841, 0x0841, 0x0841, 0x0841, 0x0841, 0x0841, 0x0841, 0x0841, 0x0841, 0x0841, 0x0841, 0x0841, 0x0841, 0x0841, 0x0841, 
  0x0841, 0x0841, 0x0841, 0x0841, 0x0841, 0x0841, 0x0841, 0x0841, 0x0841, 0x0841, 0x0841, 0x0841, 0x0841, 0x0841, 0x0841, 0x0841, 
  0x0841, 0x0841, 0x0841, 0x0841, 0x0841, 0x0841, 0x0841, 0x0841, 0x0841, 0x0841, 0x0841, 0x0841, 0x0841, 0x0841, 0x0841, 0x0841, 
  0x0841, 0x0841, 0x0841, 0x0841, 0x0841, 0x0841, 0x0841, 0x0841, 0x0841, 0x0841, 0x0841, 0x0841, 0x0841, 0x0841, 0x0841, 0x0841, 
  0x0841, 0x0841, 0x0841, 0x0841, 0x0841, 0x0841, 0x0841, 0x0841, 0x0841, 0x0841, 0x0841, 0x0841, 0x0841, 0x0841, 0x0841, 0x0841, 
  0x0841, 0x0841, 0x0841, 0x0841, 0x0841, 0x0841, 0x0841, 0x0841, 0x0841, 0x0841, 0x0841, 0x0841, 0x0841, 0x0841, 0x0841, 0x0841, 
  0x0841, 0x0841, 0x0841, 0x0841, 0x0841, 0x0841, 0x0841, 0x0841, 0x0841, 0x0841, 0x0841, 0x0841, 0x0841, 0x0841, 0x0841, 0x0841, 
  0x0841, 0x0841, 0x0841, 0x0841, 0x0841, 0x0841, 0x0841, 0x0841, 0x0841, 0x0841, 0x0841, 0x0841, 0x0841, 0x0841, 0x0841, 0x0841, 
  0x0841, 0x0841, 0x0841, 0x0841, 0x0841, 0x0841, 0x0841, 0x0841, 0x0841, 0x0841, 0x0841, 0x0841, 0x0841, 0x0841, 0x0841, 0x0841, 
  0x0841, 0x0841, 0x0841, 0x0841, 0x0841, 0x0841, 0x0841, 0x0841, 0x0841, 0x0841, 0x0841, 0x0841, 0x0841, 0x0841, 0x0841, 0x0841, 
  0x0841, 0x0841, 0x0841, 0x0841, 0x0841, 0x0841, 0x0841, 0x0841, 0x0841, 0x0841, 0x0841, 0x0841, 0x0841, 0x0841, 0x0841, 0x0841, 
  0x0841, 0x0841, 0x0841, 0x0841, 0x0841, 0x0841, 0x0841, 0x0841, 0x0841, 0x0841, 0x0841, 0x0841, 0x0841, 0x0841, 0x0841, 0x0841, 
  0x0841, 0x0841, 0x0841, 0x0841, 0x0841, 0x0841, 0x0841, 0x0841, 0x0841, 0x0841, 0x0841, 0x0841, 0x0841, 0x0841, 0x0841, 0x0841, 
  0x0841, 0x0841, 0x0841, 0x0841, 0x0841, 0x0841, 0x0841, 0x0841, 0x0841, 0x0841, 0x0841, 0x0841, 0x0841, 0x0841, 0x0841, 0x0841, 
  0x0841, 0x0841, 0x0841, 0x0841, 0x0841, 0x0841, 0x0841, 0x0841, 0x0841, 0x0841, 0x0841, 0x0841, 0x0841, 0x0841, 0x0841, 0x0841, 
  0x0841, 0x0841, 0x0841, 0x0841, 0x0841, 0x0841, 0x0841, 0x0841, 0x0841, 0x0841, 0x0841, 0x0841, 0x0841, 0x0841, 0x0841, 0x0841, 
  0x0841, 0x0841, 0x0841, 0x0841, 0x0841, 0x0841, 0x0841, 0x0841, 0x0841, 0x0841, 0x0841, 0x0841, 0x0841, 0x0841, 0x0841, 0x0020, 
  0x0020, 0x0841, 0x0841, 0x0841, 0x0841, 0x0841, 0x0841, 0x0841, 0x0841, 0x0841, 0x0841, 0x0841, 0x0841, 0x0841, 0x0841, 0x0841, 
  0x0841, 0x0841, 0x0841, 0x0841, 0x0841, 0x0841, 0x0841, 0x0841, 0x0841, 0x0841, 0x0841, 0x0841, 0x0841, 0x0841, 0x0841, 0x0841, 
  0x0841, 0x0841, 0x0841, 0x0841, 0x0841, 0x0841, 0x0841, 0x0841, 0x0841, 0x0841, 0x0841, 0x0841, 0x0841, 0x0841, 0x0841, 0x0841, 
  0x0841, 0x0841, 0x0841, 0x0841, 0x0841, 0x0841, 0x0841, 0x0841, 0x0841, 0x0841, 0x0841, 0x0841, 0x0841, 0x0841, 0x0841, 0x0841, 
  0x0841, 0x0841, 0x0841, 0x0841, 0x0841, 0x0841, 0x0841, 0x0841, 0x0841, 0x0841, 0x0841, 0x0841, 0x0841, 0x0841, 0x0841, 0x0841, 
  0x0841, 0x0841, 0x0841, 0x0841, 0x0841, 0x0841, 0x0841, 0x0841, 0x0841, 0x0841, 0x0841, 0x0841, 0x0841, 0x0841, 0x0841, 0x0841, 
  0x0841, 0x0841, 0x0841, 0x0841, 0x0841, 0x0841, 0x0841, 0x0841, 0x0841, 0x0841, 0x0841, 0x0841, 0x0841, 0x0841, 0x0841, 0x0841, 
  0x0841, 0x0841, 0x0841, 0x0841, 0x0841, 0x0841, 0x0841, 0x0841, 0x0841, 0x0841, 0x0841, 0x0841, 0x0841, 0x0841, 0x0841, 0x0841, 
  0x0841, 0x0841, 0x0841, 0x0841, 0x0841, 0x0841, 0x0841, 0x0841, 0x0841, 0x0841, 0x0841, 0x0841, 0x0841, 0x0841, 0x0841, 0x0841, 
  0x0841, 0x0841, 0x0841, 0x0841, 0x0841, 0x0841, 0x0841, 0x0841, 0x0841, 0x0841, 0x0841, 0x0841, 0x0841, 0x0841, 0x0841, 0x0841, 
  0x0841, 0x0841, 0x0841, 0x0841, 0x0841, 0x0841, 0x0841, 0x0841, 0x0841, 0x0841, 0x0841, 0x0841, 0x0841, 0x0841, 0x0841, 0x0841, 
  0x0841, 0x0841, 0x0841, 0x0841, 0x0841, 0x0841, 0x0841, 0x0841, 0x0841, 0x0841, 0x0841, 0x0841, 0x0841, 0x0841, 0x0841, 0x0841, 
  0x0841, 0x0841, 0x0841, 0x0841, 0x0841, 0x0841, 0x0841, 0x0841, 0x0841, 0x0841, 0x0841, 0x0841, 0x0841, 0x0841, 0x0841, 0x0841, 
  0x0841, 0x0841, 0x0841, 0x0841, 0x0841, 0x0841, 0x0841, 0x0841, 0x0841, 0x0841, 0x0841, 0x0841, 0x0841, 0x0841, 0x0841, 0x0841, 
  0x0841, 0x0841, 0x0841, 0x0841, 0x0841, 0x0841, 0x0841, 0x0841, 0x0841, 0x0841, 0x0841, 0x0841, 0x0841, 0x0841, 0x0841, 0x0841, 
  0x0841, 0x0841, 0x0841, 0x0841, 0x0841, 0x0841, 0x0841, 0x0841, 0x0841, 0x0841, 0x0841, 0x0841, 0x0841, 0x0841, 0x0841, 0x0841, 
  0x0841, 0x0841, 0x0841, 0x0841, 0x0841, 0x0841, 0x0841, 0x0841, 0x0841, 0x0841, 0x0841, 0x0841, 0x0841, 0x0841, 0x0841, 0x0841, 
  0x0841, 0x0841, 0x0841, 0x0841, 0x0841, 0x0841, 0x0841, 0x0841, 0x0841, 0x0841, 0x0841, 0x0841, 0x0841, 0x0841, 0x0841, 0x0841, 
  0x0841, 0x0841, 0x0841, 0x0841, 0x0841, 0x0841, 0x0841, 0x0841, 0x0841, 0x0841, 0x0841, 0x0841, 0x0841, 0x0841, 0x0841, 0x0841, 
  0x0841, 0x0841, 0x0841, 0x0841, 0x0841, 0x0841, 0x0841, 0x0841, 0x0841, 0x0841, 0x0841, 0x0841, 0x0841, 0x0841, 0x0841, 0x0020, 
  0x0020, 0x0841, 0x0841, 0x0841, 0x0841, 0x0841, 0x0841, 0x0841, 0x0841, 0x0841, 0x0841, 0x0841, 0x0841, 0x0841, 0x0841, 0x0841, 
  0x0841, 0x0841, 0x0841, 0x0841, 0x0841, 0x0841, 0x0841, 0x0841, 0x0841, 0x0841, 0x0841, 0x0841, 0x0841, 0x0841, 0x0841, 0x0841, 
  0x0841, 0x0841, 0x0841, 0x0841, 0x0841, 0x0841, 0x0841, 0x0841, 0x0841, 0x0841, 0x0841, 0x0841, 0x0841, 0x0841, 0x0841, 0x0841, 
  0x0841, 0x0841, 0x0841, 0x0841, 0x0841, 0x0841, 0x0841, 0x0841, 0x0841, 0x0841, 0x0841, 0x0841, 0x0841, 0x0841, 0x0841, 0x0841, 
  0x0841, 0x0841, 0x0841, 0x0841, 0x0841, 0x0841, 0x0841, 0x0841, 0x0841, 0x0841, 0x0841, 0x0841, 0x0841, 0x0841, 0x0841, 0x0841, 
  0x0841, 0x0841, 0x0841, 0x0841, 0x0841, 0x0841, 0x0841, 0x0841, 0x0841, 0x0841, 0x0841, 0x0841, 0x0841, 0x0841, 0x0841, 0x0841, 
  0x0841, 0x0841, 0x0841, 0x0841, 0x0841, 0x0841, 0x0841, 0x0841, 0x0841, 0x0841, 0x0841, 0x0841, 0x0841, 0x0841, 0x0841, 0x0841, 
  0x0841, 0x0841, 0x0841, 0x0841, 0x0841, 0x0841, 0x0841, 0x0841, 0x0841, 0x0841, 0x0841, 0x0841, 0x0841, 0x0841, 0x0841, 0x0841, 
  0x0841, 0x0841, 0x0841, 0x0841, 0x0841, 0x0841, 0x0841, 0x0841, 0x0841, 0x0841, 0x0841, 0x0841, 0x0841, 0x0841, 0x0841, 0x0841, 
  0x0841, 0x0841, 0x0841, 0x0841, 0x0841, 0x0841, 0x0841, 0x0841, 0x0841, 0x0841, 0x0841, 0x0841, 0x0841, 0x0841, 0x0841, 0x0841, 
  0x0841, 0x0841, 0x0841, 0x0841, 0x0841, 0x0841, 0x0841, 0x0841, 0x0841, 0x0841, 0x0841, 0x0841, 0x0841, 0x0841, 0x0841, 0x0841, 
  0x0841, 0x0841, 0x0841, 0x0841, 0x0841, 0x0841, 0x0841, 0x0841, 0x0841, 0x0841, 0x0841, 0x0841, 0x0841, 0x0841, 0x0841, 0x0841, 
  0x0841, 0x0841, 0x0841, 0x0841, 0x0841, 0x0841, 0x0841, 0x0841, 0x0841, 0x0841, 0x0841, 0x0841, 0x0841, 0x0841, 0x0841, 0x0841, 
  0x0841, 0x0841, 0x0841, 0x0841, 0x0841, 0x0841, 0x0841, 0x0841, 0x0841, 0x0841, 0x0841, 0x0841, 0x0841, 0x0841, 0x0841, 0x0841, 
  0x0841, 0x0841, 0x0841, 0x0841, 0x0841, 0x0841, 0x0841, 0x0841, 0x0841, 0x0841, 0x0841, 0x0841, 0x0841, 0x0841, 0x0841, 0x0841, 
  0x0841, 0x0841, 0x0841, 0x0841, 0x0841, 0x0841, 0x0841, 0x0841, 0x0841, 0x0841, 0x0841, 0x0841, 0x0841, 0x0841, 0x0841, 0x0841, 
  0x0841, 0x0841, 0x0841, 0x0841, 0x0841, 0x0841, 0x0841, 0x0841, 0x0841, 0x0841, 0x0841, 0x0841, 0x0841, 0x0841, 0x0841, 0x0841, 
  0x0841, 0x0841, 0x0841, 0x0841, 0x0841, 0x0841, 0x0841, 0x0841, 0x0841, 0x0841, 0x0841, 0x0841, 0x0841, 0x0841, 0x0841, 0x0841, 
  0x0841, 0x0841, 0x0841, 0x0841, 0x0841, 0x0841, 0x0841, 0x0841, 0x0841, 0x0841, 0x0841, 0x0841, 0x0841, 0x0841, 0x0841, 0x0841, 
  0x0841, 0x0841, 0x0841, 0x0841, 0x0841, 0x0841, 0x0841, 0x0841, 0x0841, 0x0841, 0x0841, 0x0841, 0x0841, 0x0841, 0x0841, 0x0020, 
  0x0020, 0x0841, 0x0841, 0x0841, 0x0841, 0x0841, 0x0841, 0x0841, 0x0841, 0x0841, 0x0841, 0x0841, 0x0841, 0x0841, 0x0841, 0x0841, 
  0x0841, 0x0841, 0x0841, 0x0841, 0x0841, 0x0841, 0x0841, 0x0841, 0x0841, 0x0841, 0x0841, 0x0841, 0x0841, 0x0841, 0x0841, 0x0841, 
  0x0841, 0x0841, 0x0841, 0x0841, 0x0841, 0x0841, 0x0841, 0x0841, 0x0841, 0x0841, 0x0841, 0x0841, 0x0841, 0x0841, 0x0841, 0x0841, 
  0x0841, 0x0841, 0x0841, 0x0841, 0x0841, 0x0841, 0x0841, 0x0841, 0x0841, 0x0841, 0x0841, 0x0841, 0x0841, 0x0841, 0x0841, 0x0841, 
  0x0841, 0x0841, 0x0841, 0x0841, 0x0841, 0x0841, 0x0841, 0x0841, 0x0841, 0x0841, 0x0841, 0x0841, 0x0841, 0x0841, 0x0841, 0x0841, 
  0x0841, 0x0841, 0x0841, 0x0841, 0x0841, 0x0841, 0x0841, 0x0841, 0x0841, 0x0841, 0x0841, 0x0841, 0x0841, 0x0841, 0x0841, 0x0841, 
  0x0841, 0x0841, 0x0841, 0x0841, 0x0841, 0x0841, 0x0841, 0x0841, 0x0841, 0x0841, 0x0841, 0x0841, 0x0841, 0x0841, 0x0841, 0x0841, 
  0x0841, 0x0841, 0x0841, 0x0841, 0x0841, 0x0841, 0x0841, 0x0841, 0x0841, 0x0841, 0x0841, 0x0841, 0x0841, 0x0841, 0x0841, 0x0841, 
  0x0841, 0x0841, 0x0841, 0x0841, 0x0841, 0x0841, 0x0841, 0x0841, 0x0841, 0x0841, 0x0841, 0x0841, 0x0841, 0x0841, 0x0841, 0x0841, 
  0x0841, 0x0841, 0x0841, 0x0841, 0x0841, 0x0841, 0x0841, 0x0841, 0x0841, 0x0841, 0x0841, 0x0841, 0x0841, 0x0841, 0x0841, 0x0841, 
  0x0841, 0x0841, 0x0841, 0x0841, 0x0841, 0x0841, 0x0841, 0x0841, 0x0841, 0x0841, 0x0841, 0x0841, 0x0841, 0x0841, 0x0841, 0x0841, 
  0x0841, 0x0841, 0x0841, 0x0841, 0x0841, 0x0841, 0x0841, 0x0841, 0x0841, 0x0841, 0x0841, 0x0841, 0x0841, 0x0841, 0x0841, 0x0841, 
  0x0841, 0x0841, 0x0841, 0x0841, 0x0841, 0x0841, 0x0841, 0x0841, 0x0841, 0x0841, 0x0841, 0x0841, 0x0841, 0x0841, 0x0841, 0x0841, 
  0x0841, 0x0841, 0x0841, 0x0841, 0x0841, 0x0841, 0x0841, 0x0841, 0x0841, 0x0841, 0x0841, 0x0841, 0x0841, 0x0841, 0x0841, 0x0841, 
  0x0841, 0x0841, 0x0841, 0x0841, 0x0841, 0x0841, 0x0841, 0x0841, 0x0841, 0x0841, 0x0841, 0x0841, 0x0841, 0x0841, 0x0841, 0x0841, 
  0x0841, 0x0841, 0x0841, 0x0841, 0x0841, 0x0841, 0x0841, 0x0841, 0x0841, 0x0841, 0x0841, 0x0841, 0x0841, 0x0841, 0x0841, 0x0841, 
  0x0841, 0x0841, 0x0841, 0x0841, 0x0841, 0x0841, 0x0841, 0x0841, 0x0841, 0x0841, 0x0841, 0x0841, 0x0841, 0x0841, 0x0841, 0x0841, 
  0x0841, 0x0841, 0x0841, 0x0841, 0x0841, 0x0841, 0x0841, 0x0841, 0x0841, 0x0841, 0x0841, 0x0841, 0x0841, 0x0841, 0x0841, 0x0841, 
  0x0841, 0x0841, 0x0841, 0x0841, 0x0841, 0x0841, 0x0841, 0x0841, 0x0841, 0x0841, 0x0841, 0x0841, 0x0841, 0x0841, 0x0841, 0x0841, 
  0x0841, 0x0841, 0x0841, 0x0841, 0x0841, 0x0841, 0x0841, 0x0841, 0x0841, 0x0841, 0x0841, 0x0841, 0x0841, 0x0841, 0x0841, 0x0020, 
  0x0020, 0x0841, 0x0841, 0x0841, 0x0841, 0x0841, 0x0841, 0x0841, 0x0841, 0x0841, 0x0841, 0x0841, 0x0841, 0x0841, 0x0841, 0x0841, 
  0x0841, 0x0841, 0x0841, 0x0841, 0x0841, 0x0841, 0x0841, 0x0841, 0x0841, 0x0841, 0x0841, 0x0841, 0x0841, 0x0841, 0x0841, 0x0841, 
  0x0841, 0x0841, 0x0841, 0x0841, 0x0841, 0x0841, 0x0841, 0x0841, 0x0841, 0x0841, 0x0841, 0x0841, 0x0841, 0x0841, 0x0841, 0x0841, 
  0x0841, 0x0841, 0x0841, 0x0841, 0x0841, 0x0841, 0x0841, 0x0841, 0x0841, 0x0841, 0x0841, 0x0841, 0x0841, 0x0841, 0x0841, 0x0841, 
  0x0841, 0x0841, 0x0841, 0x0841, 0x0841, 0x0841, 0x0841, 0x0841, 0x0841, 0x0841, 0x0841, 0x0841, 0x0841, 0x0841, 0x0841, 0x0841, 
  0x0841, 0x0841, 0x0841, 0x0841, 0x0841, 0x0841, 0x0841, 0x0841, 0x0841, 0x0841, 0x0841, 0x0841, 0x0841, 0x0841, 0x0841, 0x0841, 
  0x0841, 0x0841, 0x0841, 0x0841, 0x0841, 0x0841, 0x0841, 0x0841, 0x0841, 0x0841, 0x0841, 0x0841, 0x0841, 0x0841, 0x0841, 0x0841, 
  0x0841, 0x0841, 0x0841, 0x0841, 0x0841, 0x0841, 0x0841, 0x0841, 0x0841, 0x0841, 0x0841, 0x0841, 0x0841, 0x0841, 0x0841, 0x0841, 
  0x0841, 0x0841, 0x0841, 0x0841, 0x0841, 0x0841, 0x0841, 0x0841, 0x0841, 0x0841, 0x0841, 0x0841, 0x0841, 0x0841, 0x0841, 0x0841, 
  0x0841, 0x0841, 0x0841, 0x0841, 0x0841, 0x0841, 0x0841, 0x0841, 0x0841, 0x0841, 0x0841, 0x0841, 0x0820, 0x0820, 0x0820, 0x0020, 
  0x0000, 0x0020, 0x0000, 0x0020, 0x0820, 0x0820, 0x0841, 0x0841, 0x0841, 0x0841, 0x0841, 0x0841, 0x0841, 0x0841, 0x0841, 0x0841, 
  0x0841, 0x0841, 0x0841, 0x0841, 0x0841, 0x0841, 0x0841, 0x0841, 0x0841, 0x0841, 0x0841, 0x0841, 0x0841, 0x0841, 0x0841, 0x0841, 
  0x0841, 0x0841, 0x0841, 0x0841, 0x0841, 0x0841, 0x0841, 0x0841, 0x0841, 0x0841, 0x0841, 0x0841, 0x0841, 0x0841, 0x0841, 0x0841, 
  0x0841, 0x0841, 0x0841, 0x0841, 0x0841, 0x0841, 0x0841, 0x0841, 0x0841, 0x0841, 0x0841, 0x0841, 0x0841, 0x0841, 0x0841, 0x0841, 
  0x0841, 0x0841, 0x0841, 0x0841, 0x0841, 0x0841, 0x0841, 0x0841, 0x0841, 0x0841, 0x0841, 0x0841, 0x0841, 0x0841, 0x0841, 0x0841, 
  0x0841, 0x0841, 0x0841, 0x0841, 0x0841, 0x0841, 0x0841, 0x0841, 0x0841, 0x0841, 0x0841, 0x0841, 0x0841, 0x0841, 0x0841, 0x0841, 
  0x0841, 0x0841, 0x0841, 0x0841, 0x0841, 0x0841, 0x0841, 0x0841, 0x0841, 0x0841, 0x0841, 0x0841, 0x0841, 0x0841, 0x0841, 0x0841, 
  0x0841, 0x0841, 0x0841, 0x0841, 0x0841, 0x0841, 0x0841, 0x0841, 0x0841, 0x0841, 0x0841, 0x0841, 0x0841, 0x0841, 0x0841, 0x0841, 
  0x0841, 0x0841, 0x0841, 0x0841, 0x0841, 0x0841, 0x0841, 0x0841, 0x0841, 0x0841, 0x0841, 0x0841, 0x0841, 0x0841, 0x0841, 0x0841, 
  0x0841, 0x0841, 0x0841, 0x0841, 0x0841, 0x0841, 0x0841, 0x0841, 0x0841, 0x0841, 0x0841, 0x0841, 0x0841, 0x0841, 0x0841, 0x0020, 
  0x0020, 0x0841, 0x0841, 0x0841, 0x0841, 0x0841, 0x0841, 0x0841, 0x0841, 0x0841, 0x0841, 0x0841, 0x0841, 0x0841, 0x0841, 0x0841, 
  0x0841, 0x0841, 0x0841, 0x0841, 0x0841, 0x0841, 0x0841, 0x0841, 0x0841, 0x0841, 0x0841, 0x0841, 0x0841, 0x0841, 0x0841, 0x0841, 
  0x0841, 0x0841, 0x0841, 0x0841, 0x0841, 0x0841, 0x0841, 0x0841, 0x0841, 0x0841, 0x0841, 0x0841, 0x0841, 0x0841, 0x0841, 0x0841, 
  0x0841, 0x0841, 0x0841, 0x0841, 0x0841, 0x0841, 0x0841, 0x0841, 0x0841, 0x0841, 0x0841, 0x0841, 0x0841, 0x0841, 0x0841, 0x0841, 
  0x0841, 0x0841, 0x0841, 0x0841, 0x0841, 0x0841, 0x0841, 0x0841, 0x0841, 0x0841, 0x0841, 0x0841, 0x0841, 0x0841, 0x0841, 0x0841, 
  0x0841, 0x0841, 0x0841, 0x0841, 0x0841, 0x0841, 0x0841, 0x0841, 0x0841, 0x0841, 0x0841, 0x0841, 0x0841, 0x0841, 0x0841, 0x0841, 
  0x0841, 0x0841, 0x0841, 0x0841, 0x0841, 0x0841, 0x0841, 0x0841, 0x0841, 0x0841, 0x0841, 0x0841, 0x0841, 0x0841, 0x0841, 0x0841, 
  0x0841, 0x0841, 0x0841, 0x0841, 0x0841, 0x0841, 0x0841, 0x0841, 0x0841, 0x0841, 0x0841, 0x0841, 0x0841, 0x0841, 0x0841, 0x0841, 
  0x0841, 0x0841, 0x0841, 0x0841, 0x0841, 0x0841, 0x0841, 0x0841, 0x0841, 0x0841, 0x0841, 0x0841, 0x0841, 0x0841, 0x0841, 0x0841, 
  0x0841, 0x0841, 0x0841, 0x0841, 0x0841, 0x0841, 0x0841, 0x0841, 0x0841, 0x0820, 0x0040, 0x0061, 0x0862, 0x08A2, 0x08C3, 0x0904, 
  0x1125, 0x1126, 0x1105, 0x08E4, 0x08A3, 0x0882, 0x0042, 0x0841, 0x0820, 0x0820, 0x0841, 0x0841, 0x0841, 0x0841, 0x0841, 0x0841, 
  0x0841, 0x0841, 0x0841, 0x0841, 0x0841, 0x0841, 0x0841, 0x0841, 0x0841, 0x0841, 0x0841, 0x0841, 0x0841, 0x0841, 0x0841, 0x0841, 
  0x0841, 0x0841, 0x0841, 0x0841, 0x0841, 0x0841, 0x0841, 0x0841, 0x0841, 0x0841, 0x0841, 0x0841, 0x0841, 0x0841, 0x0841, 0x0841, 
  0x0841, 0x0841, 0x0841, 0x0841, 0x0841, 0x0841, 0x0841, 0x0841, 0x0841, 0x0841, 0x0841, 0x0841, 0x0841, 0x0841, 0x0841, 0x0841, 
  0x0841, 0x0841, 0x0841, 0x0841, 0x0841, 0x0841, 0x0841, 0x0841, 0x0841, 0x0841, 0x0841, 0x0841, 0x0841, 0x0841, 0x0841, 0x0841, 
  0x0841, 0x0841, 0x0841, 0x0841, 0x0841, 0x0841, 0x0841, 0x0841, 0x0841, 0x0841, 0x0841, 0x0841, 0x0841, 0x0841, 0x0841, 0x0841, 
  0x0841, 0x0841, 0x0841, 0x0841, 0x0841, 0x0841, 0x0841, 0x0841, 0x0841, 0x0841, 0x0841, 0x0841, 0x0841, 0x0841, 0x0841, 0x0841, 
  0x0841, 0x0841, 0x0841, 0x0841, 0x0841, 0x0841, 0x0841, 0x0841, 0x0841, 0x0841, 0x0841, 0x0841, 0x0841, 0x0841, 0x0841, 0x0841, 
  0x0841, 0x0841, 0x0841, 0x0841, 0x0841, 0x0841, 0x0841, 0x0841, 0x0841, 0x0841, 0x0841, 0x0841, 0x0841, 0x0841, 0x0841, 0x0841, 
  0x0841, 0x0841, 0x0841, 0x0841, 0x0841, 0x0841, 0x0841, 0x0841, 0x0841, 0x0841, 0x0841, 0x0841, 0x0841, 0x0841, 0x0841, 0x0020, 
  0x0020, 0x0841, 0x0841, 0x0841, 0x0841, 0x0841, 0x0841, 0x0841, 0x0841, 0x0841, 0x0841, 0x0841, 0x0841, 0x0841, 0x0841, 0x0841, 
  0x0841, 0x0841, 0x0841, 0x0841, 0x0841, 0x0841, 0x0841, 0x0841, 0x0841, 0x0841, 0x0841, 0x0841, 0x0841, 0x0841, 0x0841, 0x0841, 
  0x0841, 0x0841, 0x0841, 0x0841, 0x0841, 0x0841, 0x0841, 0x0841, 0x0841, 0x0841, 0x0841, 0x0841, 0x0841, 0x0841, 0x0841, 0x0841, 
  0x0841, 0x0841, 0x0841, 0x0841, 0x0841, 0x0841, 0x0841, 0x0841, 0x0841, 0x0841, 0x0841, 0x0841, 0x0841, 0x0841, 0x0841, 0x0841, 
  0x0841, 0x0841, 0x0841, 0x0841, 0x0841, 0x0841, 0x0841, 0x0841, 0x0841, 0x0841, 0x0841, 0x0841, 0x0841, 0x0841, 0x0841, 0x0841, 
  0x0841, 0x0841, 0x0841, 0x0841, 0x0841, 0x0841, 0x0841, 0x0841, 0x0841, 0x0841, 0x0841, 0x0841, 0x0841, 0x0841, 0x0841, 0x0841, 
  0x0841, 0x0841, 0x0841, 0x0841, 0x0841, 0x0841, 0x0841, 0x0841, 0x0841, 0x0841, 0x0841, 0x0841, 0x0841, 0x0841, 0x0841, 0x0841, 
  0x0841, 0x0841, 0x0841, 0x0841, 0x0841, 0x0841, 0x0841, 0x0841, 0x0841, 0x0841, 0x0841, 0x0841, 0x0841, 0x0841, 0x0841, 0x0841, 
  0x0841, 0x0841, 0x0841, 0x0841, 0x0841, 0x0841, 0x0841, 0x0841, 0x0841, 0x0841, 0x0841, 0x0841, 0x0841, 0x0841, 0x0841, 0x0841, 
  0x0841, 0x0841, 0x0841, 0x0841, 0x0841, 0x0841, 0x0800, 0x0000, 0x0082, 0x0926, 0x1167, 0x1187, 0x1167, 0x1167, 0x1146, 0x1105, 
  0x0905, 0x08E4, 0x0905, 0x1125, 0x1167, 0x1167, 0x1187, 0x1187, 0x1167, 0x0905, 0x0041, 0x0000, 0x0820, 0x0841, 0x0841, 0x0841, 
  0x0841, 0x0841, 0x0841, 0x0841, 0x0841, 0x0841, 0x0841, 0x0841, 0x0841, 0x0841, 0x0841, 0x0841, 0x0841, 0x0841, 0x0841, 0x0841, 
  0x0841, 0x0841, 0x0841, 0x0841, 0x0841, 0x0841, 0x0841, 0x0841, 0x0841, 0x0841, 0x0841, 0x0841, 0x0841, 0x0841, 0x0841, 0x0841, 
  0x0841, 0x0841, 0x0841, 0x0841, 0x0841, 0x0841, 0x0841, 0x0841, 0x0841, 0x0841, 0x0841, 0x0841, 0x0841, 0x0841, 0x0841, 0x0841, 
  0x0841, 0x0841, 0x0841, 0x0841, 0x0841, 0x0841, 0x0841, 0x0841, 0x0841, 0x0841, 0x0841, 0x0841, 0x0841, 0x0841, 0x0841, 0x0841, 
  0x0841, 0x0841, 0x0841, 0x0841, 0x0841, 0x0841, 0x0841, 0x0841, 0x0841, 0x0841, 0x0841, 0x0841, 0x0841, 0x0841, 0x0841, 0x0841, 
  0x0841, 0x0841, 0x0841, 0x0841, 0x0841, 0x0841, 0x0841, 0x0841, 0x0841, 0x0841, 0x0841, 0x0841, 0x0841, 0x0841, 0x0841, 0x0841, 
  0x0841, 0x0841, 0x0841, 0x0841, 0x0841, 0x0841, 0x0841, 0x0841, 0x0841, 0x0841, 0x0841, 0x0841, 0x0841, 0x0841, 0x0841, 0x0841, 
  0x0841, 0x0841, 0x0841, 0x0841, 0x0841, 0x0841, 0x0841, 0x0841, 0x0841, 0x0841, 0x0841, 0x0841, 0x0841, 0x0841, 0x0841, 0x0841, 
  0x0841, 0x0841, 0x0841, 0x0841, 0x0841, 0x0841, 0x0841, 0x0841, 0x0841, 0x0841, 0x0841, 0x0841, 0x0841, 0x0841, 0x0841, 0x0020, 
  0x0020, 0x0841, 0x0841, 0x0841, 0x0841, 0x0841, 0x0841, 0x0841, 0x0841, 0x0841, 0x0841, 0x0841, 0x0841, 0x0841, 0x0841, 0x0841, 
  0x0841, 0x0841, 0x0841, 0x0841, 0x0841, 0x0841, 0x0841, 0x0841, 0x0841, 0x0841, 0x0841, 0x0841, 0x0841, 0x0841, 0x0841, 0x0841, 
  0x0841, 0x0841, 0x0841, 0x0841, 0x0841, 0x0841, 0x0841, 0x0841, 0x0841, 0x0841, 0x0841, 0x0841, 0x0841, 0x0841, 0x0841, 0x0841, 
  0x0841, 0x0841, 0x0841, 0x0841, 0x0841, 0x0841, 0x0841, 0x0841, 0x0841, 0x0841, 0x0841, 0x0841, 0x0841, 0x0841, 0x0841, 0x0841, 
  0x0841, 0x0841, 0x0841, 0x0841, 0x0841, 0x0841, 0x0841, 0x0841, 0x0841, 0x0841, 0x0841, 0x0841, 0x0841, 0x0841, 0x0841, 0x0841, 
  0x0841, 0x0841, 0x0841, 0x0841, 0x0841, 0x0841, 0x0841, 0x0841, 0x0841, 0x0841, 0x0841, 0x0841, 0x0841, 0x0841, 0x0841, 0x0841, 
  0x0841, 0x0841, 0x0841, 0x0841, 0x0841, 0x0841, 0x0841, 0x0841, 0x0841, 0x0841, 0x0841, 0x0841, 0x0841, 0x0841, 0x0841, 0x0841, 
  0x0841, 0x0841, 0x0841, 0x0841, 0x0841, 0x0841, 0x0841, 0x0841, 0x0841, 0x0841, 0x0841, 0x0841, 0x0841, 0x0841, 0x0841, 0x0841, 
  0x0841, 0x0841, 0x0841, 0x0841, 0x0841, 0x0841, 0x0841, 0x0841, 0x0841, 0x0841, 0x0841, 0x0841, 0x0841, 0x0841, 0x0841, 0x0841, 
  0x0841, 0x0841, 0x0841, 0x0841, 0x0820, 0x0041, 0x0966, 0x124A, 0x126C, 0x126C, 0x11A8, 0x0062, 0x0862, 0x0841, 0x0841, 0x0841, 
  0x0841, 0x0821, 0x0820, 0x0020, 0x0020, 0x0041, 0x0841, 0x08C4, 0x1A2A, 0x124A, 0x1A8C, 0x120A, 0x08E4, 0x0841, 0x0841, 0x0841, 
  0x0841, 0x0841, 0x0841, 0x0841, 0x0841, 0x0841, 0x0841, 0x0841, 0x0841, 0x0841, 0x0841, 0x0841, 0x0841, 0x0841, 0x0841, 0x0841, 
  0x0841, 0x0841, 0x0841, 0x0841, 0x0841, 0x0841, 0x0841, 0x0841, 0x0841, 0x0841, 0x0841, 0x0841, 0x0841, 0x0841, 0x0841, 0x0841, 
  0x0841, 0x0841, 0x0841, 0x0841, 0x0841, 0x0841, 0x0841, 0x0841, 0x0841, 0x0841, 0x0841, 0x0841, 0x0841, 0x0841, 0x0841, 0x0841, 
  0x0841, 0x0841, 0x0841, 0x0841, 0x0841, 0x0841, 0x0841, 0x0841, 0x0841, 0x0841, 0x0841, 0x0841, 0x0841, 0x0841, 0x0841, 0x0841, 
  0x0841, 0x0841, 0x0841, 0x0841, 0x0841, 0x0841, 0x0841, 0x0841, 0x0841, 0x0841, 0x0841, 0x0841, 0x0841, 0x0841, 0x0841, 0x0841, 
  0x0841, 0x0841, 0x0841, 0x0841, 0x0841, 0x0841, 0x0841, 0x0841, 0x0841, 0x0841, 0x0841, 0x0841, 0x0841, 0x0841, 0x0841, 0x0841, 
  0x0841, 0x0841, 0x0841, 0x0841, 0x0841, 0x0841, 0x0841, 0x0841, 0x0841, 0x0841, 0x0841, 0x0841, 0x0841, 0x0841, 0x0841, 0x0841, 
  0x0841, 0x0841, 0x0841, 0x0841, 0x0841, 0x0841, 0x0841, 0x0841, 0x0841, 0x0841, 0x0841, 0x0841, 0x0841, 0x0841, 0x0841, 0x0841, 
  0x0841, 0x0841, 0x0841, 0x0841, 0x0841, 0x0841, 0x0841, 0x0841, 0x0841, 0x0841, 0x0841, 0x0841, 0x0841, 0x0841, 0x0841, 0x0020, 
  0x0020, 0x0841, 0x0841, 0x0841, 0x0841, 0x0841, 0x0841, 0x0841, 0x0841, 0x0841, 0x0841, 0x0841, 0x0841, 0x0841, 0x0841, 0x0841, 
  0x0841, 0x0841, 0x0841, 0x0841, 0x0841, 0x0841, 0x0841, 0x0841, 0x0841, 0x0841, 0x0841, 0x0841, 0x0841, 0x0841, 0x0841, 0x0841, 
  0x0841, 0x0841, 0x0841, 0x0841, 0x0841, 0x0841, 0x0841, 0x0841, 0x0841, 0x0841, 0x0841, 0x0841, 0x0841, 0x0841, 0x0841, 0x0841, 
  0x0841, 0x0841, 0x0841, 0x0841, 0x0841, 0x0841, 0x0841, 0x0841, 0x0841, 0x0841, 0x0841, 0x0841, 0x0841, 0x0841, 0x0841, 0x0841, 
  0x0841, 0x0841, 0x0841, 0x0841, 0x0841, 0x0841, 0x0841, 0x0841, 0x0841, 0x0841, 0x0841, 0x0841, 0x0841, 0x0841, 0x0841, 0x0841, 
  0x0841, 0x0841, 0x0841, 0x0841, 0x0841, 0x0841, 0x0841, 0x0841, 0x0841, 0x0841, 0x0841, 0x0841, 0x0841, 0x0841, 0x0841, 0x0841, 
  0x0841, 0x0841, 0x0841, 0x0841, 0x0841, 0x0841, 0x0841, 0x0841, 0x0841, 0x0841, 0x0841, 0x0841, 0x0841, 0x0841, 0x0841, 0x0841, 
  0x0841, 0x0841, 0x0841, 0x0841, 0x0841, 0x0841, 0x0841, 0x0841, 0x0841, 0x0841, 0x0841, 0x0841, 0x0841, 0x0841, 0x0841, 0x0841, 
  0x0841, 0x0841, 0x0841, 0x0841, 0x0841, 0x0841, 0x0841, 0x0841, 0x0841, 0x0841, 0x0841, 0x0841, 0x0841, 0x0841, 0x0841, 0x0841, 
  0x0041, 0x0841, 0x0821, 0x0061, 0x08C3, 0x1A6B, 0x122A, 0x0946, 0x0082, 0x0041, 0x1187, 0x0862, 0x0841, 0x0841, 0x0861, 0x0841, 
  0x0862, 0x0841, 0x0841, 0x0841, 0x0841, 0x0861, 0x0020, 0x1126, 0x0905, 0x0020, 0x08C3, 0x11A8, 0x1A8C, 0x11C9, 0x0062, 0x0841, 
  0x0821, 0x0841, 0x0841, 0x0841, 0x0841, 0x0841, 0x0841, 0x0841, 0x0841, 0x0841, 0x0841, 0x0841, 0x0841, 0x0841, 0x0841, 0x0841, 
  0x0841, 0x0841, 0x0841, 0x0841, 0x0841, 0x0841, 0x0841, 0x0841, 0x0841, 0x0841, 0x0841, 0x0841, 0x0841, 0x0841, 0x0841, 0x0841, 
  0x0841, 0x0841, 0x0841, 0x0841, 0x0841, 0x0841, 0x0841, 0x0841, 0x0841, 0x0841, 0x0841, 0x0841, 0x0841, 0x0841, 0x0841, 0x0841, 
  0x0841, 0x0841, 0x0841, 0x0841, 0x0841, 0x0841, 0x0841, 0x0841, 0x0841, 0x0841, 0x0841, 0x0841, 0x0841, 0x0841, 0x0841, 0x0841, 
  0x0841, 0x0841, 0x0841, 0x0841, 0x0841, 0x0841, 0x0841, 0x0841, 0x0841, 0x0841, 0x0841, 0x0841, 0x0841, 0x0841, 0x0841, 0x0841, 
  0x0841, 0x0841, 0x0841, 0x0841, 0x0841, 0x0841, 0x0841, 0x0841, 0x0841, 0x0841, 0x0841, 0x0841, 0x0841, 0x0841, 0x0841, 0x0841, 
  0x0841, 0x0841, 0x0841, 0x0841, 0x0841, 0x0841, 0x0841, 0x0841, 0x0841, 0x0841, 0x0841, 0x0841, 0x0841, 0x0841, 0x0841, 0x0841, 
  0x0841, 0x0841, 0x0841, 0x0841, 0x0841, 0x0841, 0x0841, 0x0841, 0x0841, 0x0841, 0x0841, 0x0841, 0x0841, 0x0841, 0x0841, 0x0841, 
  0x0841, 0x0841, 0x0841, 0x0841, 0x0841, 0x0841, 0x0841, 0x0841, 0x0841, 0x0841, 0x0841, 0x0841, 0x0841, 0x0841, 0x0841, 0x0020, 
  0x0020, 0x0841, 0x0841, 0x0841, 0x0841, 0x0841, 0x0841, 0x0841, 0x0841, 0x0841, 0x0841, 0x0841, 0x0841, 0x0841, 0x0841, 0x0841, 
  0x0841, 0x0841, 0x0841, 0x0841, 0x0841, 0x0841, 0x0841, 0x0841, 0x0841, 0x0841, 0x0841, 0x0841, 0x0841, 0x0841, 0x0841, 0x0841, 
  0x0841, 0x0841, 0x0841, 0x0841, 0x0841, 0x0841, 0x0841, 0x0841, 0x0841, 0x0841, 0x0841, 0x0841, 0x0841, 0x0841, 0x0841, 0x0841, 
  0x0841, 0x0841, 0x0841, 0x0841, 0x0841, 0x0841, 0x0841, 0x0841, 0x0841, 0x0841, 0x0841, 0x0841, 0x0841, 0x0841, 0x0841, 0x0841, 
  0x0841, 0x0841, 0x0841, 0x0841, 0x0841, 0x0841, 0x0841, 0x0841, 0x0841, 0x0841, 0x0841, 0x0841, 0x0841, 0x0841, 0x0841, 0x0841, 
  0x0841, 0x0841, 0x0841, 0x0841, 0x0841, 0x0841, 0x0841, 0x0841, 0x0841, 0x0841, 0x0841, 0x0841, 0x0841, 0x0841, 0x0841, 0x0841, 
  0x0841, 0x0841, 0x0841, 0x0841, 0x0841, 0x0841, 0x0841, 0x0841, 0x0841, 0x0841, 0x0841, 0x0841, 0x0841, 0x0841, 0x0841, 0x0841, 
  0x0841, 0x0841, 0x0841, 0x0841, 0x0841, 0x0841, 0x0841, 0x0841, 0x0841, 0x0841, 0x0841, 0x0841, 0x0841, 0x0841, 0x0841, 0x0841, 
  0x0841, 0x0841, 0x0841, 0x0841, 0x0841, 0x0841, 0x0841, 0x0841, 0x0841, 0x0841, 0x0841, 0x0841, 0x0841, 0x0841, 0x0841, 0x0841, 
  0x0841, 0x0000, 0x08C4, 0x1AAC, 0x1A2A, 0x0905, 0x0021, 0x0841, 0x0841, 0x0842, 0x1187, 0x08C3, 0x0841, 0x0861, 0x0862, 0x0861, 
  0x0862, 0x0841, 0x0841, 0x0841, 0x0841, 0x0841, 0x0021, 0x1187, 0x08A3, 0x0820, 0x0820, 0x0820, 0x0082, 0x1166, 0x1A8C, 0x120A, 
  0x0841, 0x0841, 0x0841, 0x0841, 0x0841, 0x0841, 0x0841, 0x0841, 0x0841, 0x0841, 0x0841, 0x0841, 0x0841, 0x0841, 0x0841, 0x0841, 
  0x0841, 0x0841, 0x0841, 0x0841, 0x0841, 0x0841, 0x0841, 0x0841, 0x0841, 0x0841, 0x0841, 0x0841, 0x0841, 0x0841, 0x0841, 0x0841, 
  0x0841, 0x0841, 0x0841, 0x0841, 0x0841, 0x0841, 0x0841, 0x0841, 0x0841, 0x0841, 0x0841, 0x0841, 0x0841, 0x0841, 0x0841, 0x0841, 
  0x0841, 0x0841, 0x0841, 0x0841, 0x0841, 0x0841, 0x0841, 0x0841, 0x0841, 0x0841, 0x0841, 0x0841, 0x0841, 0x0841, 0x0841, 0x0841, 
  0x0841, 0x0841, 0x0841, 0x0841, 0x0841, 0x0841, 0x0841, 0x0841, 0x0841, 0x0841, 0x0841, 0x0841, 0x0841, 0x0841, 0x0841, 0x0841, 
  0x0841, 0x0841, 0x0841, 0x0841, 0x0841, 0x0841, 0x0841, 0x0841, 0x0841, 0x0841, 0x0841, 0x0841, 0x0841, 0x0841, 0x0841, 0x0841, 
  0x0841, 0x0841, 0x0841, 0x0841, 0x0841, 0x0841, 0x0841, 0x0841, 0x0841, 0x0841, 0x0841, 0x0841, 0x0841, 0x0841, 0x0841, 0x0841, 
  0x0841, 0x0841, 0x0841, 0x0841, 0x0841, 0x0841, 0x0841, 0x0841, 0x0841, 0x0841, 0x0841, 0x0841, 0x0841, 0x0841, 0x0841, 0x0841, 
  0x0841, 0x0841, 0x0841, 0x0841, 0x0841, 0x0841, 0x0841, 0x0841, 0x0841, 0x0841, 0x0841, 0x0841, 0x0841, 0x0841, 0x0841, 0x0020, 
  0x0020, 0x0841, 0x0841, 0x0841, 0x0841, 0x0841, 0x0841, 0x0841, 0x0841, 0x0841, 0x0841, 0x0841, 0x0841, 0x0841, 0x0841, 0x0841, 
  0x0841, 0x0841, 0x0841, 0x0841, 0x0841, 0x0841, 0x0841, 0x0841, 0x0841, 0x0841, 0x0841, 0x0841, 0x0841, 0x0841, 0x0841, 0x0841, 
  0x0841, 0x0841, 0x0841, 0x0841, 0x0841, 0x0841, 0x0841, 0x0841, 0x0841, 0x0841, 0x0841, 0x0841, 0x0841, 0x0841, 0x0841, 0x0841, 
  0x0841, 0x0841, 0x0841, 0x0841, 0x0841, 0x0841, 0x0841, 0x0841, 0x0841, 0x0841, 0x0841, 0x0841, 0x0841, 0x0841, 0x0841, 0x0841, 
  0x0841, 0x0841, 0x0841, 0x0841, 0x0841, 0x0841, 0x0841, 0x0841, 0x0841, 0x0841, 0x0841, 0x0841, 0x0841, 0x0841, 0x0841, 0x0841, 
  0x0841, 0x0841, 0x0841, 0x0841, 0x0841, 0x0841, 0x0841, 0x0841, 0x0841, 0x0841, 0x0841, 0x0841, 0x0841, 0x0841, 0x0841, 0x0841, 
  0x0841, 0x0841, 0x0841, 0x0841, 0x0841, 0x0841, 0x0841, 0x0841, 0x0841, 0x0841, 0x0841, 0x0841, 0x0841, 0x0841, 0x0841, 0x0841, 
  0x0841, 0x0841, 0x0841, 0x0841, 0x0841, 0x0841, 0x0841, 0x0841, 0x0841, 0x0841, 0x0841, 0x0841, 0x0841, 0x0841, 0x0841, 0x0841, 
  0x0841, 0x0841, 0x0841, 0x0841, 0x0841, 0x0841, 0x0841, 0x0841, 0x0841, 0x0841, 0x0841, 0x0841, 0x0841, 0x0841, 0x0041, 0x0841, 
  0x0020, 0x0905, 0x1ACD, 0x0946, 0x0041, 0x0840, 0x0841, 0x0862, 0x0841, 0x0821, 0x1146, 0x0905, 0x0021, 0x0841, 0x0841, 0x0841, 
  0x0861, 0x0841, 0x0841, 0x0841, 0x0041, 0x0840, 0x0862, 0x1188, 0x0041, 0x0840, 0x0840, 0x0861, 0x0841, 0x0020, 0x0082, 0x1209, 
  0x122A, 0x0841, 0x0821, 0x0841, 0x0040, 0x0841, 0x0841, 0x0841, 0x0841, 0x0841, 0x0841, 0x0841, 0x0841, 0x0841, 0x0841, 0x0841, 
  0x0841, 0x0841, 0x0841, 0x0841, 0x0841, 0x0841, 0x0841, 0x0841, 0x0841, 0x0841, 0x0841, 0x0841, 0x0841, 0x0841, 0x0841, 0x0841, 
  0x0841, 0x0841, 0x0841, 0x0841, 0x0841, 0x0841, 0x0841, 0x0841, 0x0841, 0x0841, 0x0841, 0x0841, 0x0841, 0x0841, 0x0841, 0x0841, 
  0x0841, 0x0841, 0x0841, 0x0841, 0x0841, 0x0841, 0x0841, 0x0841, 0x0841, 0x0841, 0x0841, 0x0841, 0x0841, 0x0841, 0x0841, 0x0841, 
  0x0841, 0x0841, 0x0841, 0x0841, 0x0841, 0x0841, 0x0841, 0x0841, 0x0841, 0x0841, 0x0841, 0x0841, 0x0841, 0x0841, 0x0841, 0x0841, 
  0x0841, 0x0841, 0x0841, 0x0841, 0x0841, 0x0841, 0x0841, 0x0841, 0x0841, 0x0841, 0x0841, 0x0841, 0x0841, 0x0841, 0x0841, 0x0841, 
  0x0841, 0x0841, 0x0841, 0x0841, 0x0841, 0x0841, 0x0841, 0x0841, 0x0841, 0x0841, 0x0841, 0x0841, 0x0841, 0x0841, 0x0841, 0x0841, 
  0x0841, 0x0841, 0x0841, 0x0841, 0x0841, 0x0841, 0x0841, 0x0841, 0x0841, 0x0841, 0x0841, 0x0841, 0x0841, 0x0841, 0x0841, 0x0841, 
  0x0841, 0x0841, 0x0841, 0x0841, 0x0841, 0x0841, 0x0841, 0x0841, 0x0841, 0x0841, 0x0841, 0x0841, 0x0841, 0x0841, 0x0841, 0x0020, 
  0x0020, 0x0841, 0x0841, 0x0841, 0x0841, 0x0841, 0x0841, 0x0841, 0x0841, 0x0841, 0x0841, 0x0841, 0x0841, 0x0841, 0x0841, 0x0841, 
  0x0841, 0x0841, 0x0841, 0x0841, 0x0841, 0x0841, 0x0841, 0x0841, 0x0841, 0x0841, 0x0841, 0x0841, 0x0841, 0x0841, 0x0841, 0x0841, 
  0x0841, 0x0841, 0x0841, 0x0841, 0x0841, 0x0841, 0x0841, 0x0841, 0x0841, 0x0841, 0x0841, 0x0841, 0x0841, 0x0841, 0x0841, 0x0841, 
  0x0841, 0x0841, 0x0841, 0x0841, 0x0841, 0x0841, 0x0841, 0x0841, 0x0841, 0x0841, 0x0841, 0x0841, 0x0841, 0x0841, 0x0841, 0x0841, 
  0x0841, 0x0841, 0x0841, 0x0841, 0x0841, 0x0841, 0x0841, 0x0841, 0x0841, 0x0841, 0x0841, 0x0841, 0x0841, 0x0841, 0x0841, 0x0841, 
  0x0841, 0x0841, 0x0841, 0x0841, 0x0841, 0x0841, 0x0841, 0x0841, 0x0841, 0x0841, 0x0841, 0x0841, 0x0841, 0x0841, 0x0841, 0x0841, 
  0x0841, 0x0841, 0x0841, 0x0841, 0x0841, 0x0841, 0x0841, 0x0841, 0x0841, 0x0841, 0x0841, 0x0841, 0x0841, 0x0841, 0x0841, 0x0841, 
  0x0841, 0x0841, 0x0841, 0x0841, 0x0841, 0x0841, 0x0841, 0x0841, 0x0841, 0x0841, 0x0841, 0x0841, 0x0841, 0x0841, 0x0841, 0x0841, 
  0x0841, 0x0841, 0x0841, 0x0841, 0x0841, 0x0841, 0x0841, 0x0841, 0x0841, 0x0841, 0x0841, 0x0841, 0x0841, 0x0841, 0x0841, 0x0820, 
  0x0904, 0x1AAD, 0x0905, 0x0821, 0x0862, 0x0862, 0x0841, 0x0862, 0x0861, 0x0841, 0x0905, 0x1146, 0x0021, 0x0861, 0x0862, 0x0861, 
  0x0861, 0x0841, 0x0841, 0x0841, 0x0841, 0x0840, 0x08A3, 0x1187, 0x0020, 0x0841, 0x0841, 0x0862, 0x0862, 0x0861, 0x0861, 0x0021, 
  0x11C8, 0x1A2A, 0x0862, 0x0841, 0x0841, 0x0841, 0x0841, 0x0841, 0x0841, 0x0841, 0x0841, 0x0841, 0x0841, 0x0841, 0x0841, 0x0841, 
  0x0841, 0x0841, 0x0841, 0x0841, 0x0841, 0x0841, 0x0841, 0x0841, 0x0841, 0x0841, 0x0841, 0x0841, 0x0841, 0x0841, 0x0841, 0x0841, 
  0x0841, 0x0841, 0x0841, 0x0841, 0x0841, 0x0841, 0x0841, 0x0841, 0x0841, 0x0841, 0x0841, 0x0841, 0x0841, 0x0841, 0x0841, 0x0841, 
  0x0841, 0x0841, 0x0841, 0x0841, 0x0841, 0x0841, 0x0841, 0x0841, 0x0841, 0x0841, 0x0841, 0x0841, 0x0841, 0x0841, 0x0841, 0x0841, 
  0x0841, 0x0841, 0x0841, 0x0841, 0x0841, 0x0841, 0x0841, 0x0841, 0x0841, 0x0841, 0x0841, 0x0841, 0x0841, 0x0841, 0x0841, 0x0841, 
  0x0841, 0x0841, 0x0841, 0x0841, 0x0841, 0x0841, 0x0841, 0x0841, 0x0841, 0x0841, 0x0841, 0x0841, 0x0841, 0x0841, 0x0841, 0x0841, 
  0x0841, 0x0841, 0x0841, 0x0841, 0x0841, 0x0841, 0x0841, 0x0841, 0x0841, 0x0841, 0x0841, 0x0841, 0x0841, 0x0841, 0x0841, 0x0841, 
  0x0841, 0x0841, 0x0841, 0x0841, 0x0841, 0x0841, 0x0841, 0x0841, 0x0841, 0x0841, 0x0841, 0x0841, 0x0841, 0x0841, 0x0841, 0x0841, 
  0x0841, 0x0841, 0x0841, 0x0841, 0x0841, 0x0841, 0x0841, 0x0841, 0x0841, 0x0841, 0x0841, 0x0841, 0x0841, 0x0841, 0x0841, 0x0020, 
  0x0020, 0x0841, 0x0841, 0x0841, 0x0841, 0x0841, 0x0841, 0x0841, 0x0841, 0x0841, 0x0841, 0x0841, 0x0841, 0x0841, 0x0841, 0x0841, 
  0x0841, 0x0841, 0x0841, 0x0841, 0x0841, 0x0841, 0x0841, 0x0841, 0x0841, 0x0841, 0x0841, 0x0841, 0x0841, 0x0841, 0x0841, 0x0841, 
  0x0841, 0x0841, 0x0841, 0x0841, 0x0841, 0x0841, 0x0841, 0x0841, 0x0841, 0x0841, 0x0841, 0x0841, 0x0841, 0x0841, 0x0841, 0x0841, 
  0x0841, 0x0841, 0x0841, 0x0841, 0x0841, 0x0841, 0x0841, 0x0841, 0x0841, 0x0841, 0x0841, 0x0841, 0x0841, 0x0841, 0x0841, 0x0841, 
  0x0841, 0x0841, 0x0841, 0x0841, 0x0841, 0x0841, 0x0841, 0x0841, 0x0841, 0x0841, 0x0841, 0x0841, 0x0841, 0x0841, 0x0841, 0x0841, 
  0x0841, 0x0841, 0x0841, 0x0841, 0x0841, 0x0841, 0x0841, 0x0841, 0x0841, 0x0841, 0x0841, 0x0841, 0x0841, 0x0841, 0x0841, 0x0841, 
  0x0841, 0x0841, 0x0841, 0x0841, 0x0841, 0x0841, 0x0841, 0x0841, 0x0841, 0x0841, 0x0841, 0x0841, 0x0841, 0x0841, 0x0841, 0x0841, 
  0x0841, 0x0841, 0x0841, 0x0841, 0x0841, 0x0841, 0x0841, 0x0841, 0x0841, 0x0841, 0x0841, 0x0841, 0x0841, 0x0841, 0x0841, 0x0841, 
  0x0841, 0x0841, 0x0841, 0x0841, 0x0841, 0x0841, 0x0841, 0x0841, 0x0841, 0x0841, 0x0841, 0x0841, 0x0841, 0x0841, 0x0841, 0x0062, 
  0x1A6B, 0x0946, 0x0821, 0x0862, 0x0842, 0x0862, 0x0841, 0x0862, 0x0841, 0x0841, 0x08C4, 0x1188, 0x0821, 0x0862, 0x0862, 0x0861, 
  0x0862, 0x0841, 0x0841, 0x0841, 0x0841, 0x0820, 0x08C4, 0x1146, 0x0020, 0x0841, 0x0841, 0x0862, 0x0862, 0x0861, 0x0862, 0x0861, 
  0x0021, 0x11E9, 0x11A7, 0x0020, 0x0841, 0x0841, 0x0841, 0x0841, 0x0841, 0x0841, 0x0841, 0x0841, 0x0841, 0x0841, 0x0841, 0x0841, 
  0x0841, 0x0841, 0x0841, 0x0841, 0x0841, 0x0841, 0x0841, 0x0841, 0x0841, 0x0841, 0x0841, 0x0841, 0x0841, 0x0841, 0x0841, 0x0841, 
  0x0841, 0x0841, 0x0841, 0x0841, 0x0841, 0x0841, 0x0841, 0x0841, 0x0841, 0x0841, 0x0841, 0x0841, 0x0841, 0x0841, 0x0841, 0x0841, 
  0x0841, 0x0841, 0x0841, 0x0841, 0x0841, 0x0841, 0x0841, 0x0841, 0x0841, 0x0841, 0x0841, 0x0841, 0x0841, 0x0841, 0x0841, 0x0841, 
  0x0841, 0x0841, 0x0841, 0x0841, 0x0841, 0x0841, 0x0841, 0x0841, 0x0841, 0x0841, 0x0841, 0x0841, 0x0841, 0x0841, 0x0841, 0x0841, 
  0x0841, 0x0841, 0x0841, 0x0841, 0x0841, 0x0841, 0x0841, 0x0841, 0x0841, 0x0841, 0x0841, 0x0841, 0x0841, 0x0841, 0x0841, 0x0841, 
  0x0841, 0x0841, 0x0841, 0x0841, 0x0841, 0x0841, 0x0841, 0x0841, 0x0841, 0x0841, 0x0841, 0x0841, 0x0841, 0x0841, 0x0841, 0x0841, 
  0x0841, 0x0841, 0x0841, 0x0841, 0x0841, 0x0841, 0x0841, 0x0841, 0x0841, 0x0841, 0x0841, 0x0841, 0x0841, 0x0841, 0x0841, 0x0841, 
  0x0841, 0x0841, 0x0841, 0x0841, 0x0841, 0x0841, 0x0841, 0x0841, 0x0841, 0x0841, 0x0841, 0x0841, 0x0841, 0x0841, 0x0841, 0x0020, 
  0x0020, 0x0841, 0x0841, 0x0841, 0x0841, 0x0841, 0x0841, 0x0841, 0x0841, 0x0841, 0x0841, 0x0841, 0x0841, 0x0841, 0x0841, 0x0841, 
  0x0841, 0x0841, 0x0841, 0x0841, 0x0841, 0x0841, 0x0841, 0x0841, 0x0841, 0x0841, 0x0841, 0x0841, 0x0841, 0x0841, 0x0841, 0x0841, 
  0x0841, 0x0841, 0x0841, 0x0841, 0x0841, 0x0841, 0x0841, 0x0841, 0x0841, 0x0841, 0x0841, 0x0841, 0x0841, 0x0841, 0x0841, 0x0841, 
  0x0841, 0x0841, 0x0841, 0x0841, 0x0841, 0x0841, 0x0841, 0x0841, 0x0841, 0x0841, 0x0841, 0x0841, 0x0841, 0x0841, 0x0841, 0x0841, 
  0x0841, 0x0841, 0x0841, 0x0841, 0x0841, 0x0841, 0x0841, 0x0841, 0x0841, 0x0841, 0x0841, 0x0841, 0x0841, 0x0841, 0x0841, 0x0841, 
  0x0841, 0x0841, 0x0841, 0x0841, 0x0841, 0x0841, 0x0841, 0x0841, 0x0841, 0x0841, 0x0841, 0x0841, 0x0841, 0x0841, 0x0841, 0x0841, 
  0x0841, 0x0841, 0x0841, 0x0841, 0x0841, 0x0841, 0x0841, 0x0841, 0x0841, 0x0841, 0x0841, 0x0841, 0x0841, 0x0841, 0x0841, 0x0841, 
  0x0841, 0x0841, 0x0841, 0x0841, 0x0841, 0x0841, 0x0841, 0x0841, 0x0841, 0x0841, 0x0841, 0x0841, 0x0841, 0x0841, 0x0841, 0x0841, 
  0x0841, 0x0841, 0x0841, 0x0841, 0x0841, 0x0841, 0x0841, 0x0841, 0x0841, 0x0841, 0x0841, 0x0841, 0x0841, 0x0841, 0x0000, 0x0925, 
  0x1A6B, 0x0021, 0x0862, 0x0841, 0x0861, 0x0861, 0x0841, 0x0861, 0x0841, 0x0841, 0x0882, 0x11A8, 0x0041, 0x0841, 0x0862, 0x0841, 
  0x0861, 0x0841, 0x0841, 0x0841, 0x0841, 0x0020, 0x0905, 0x0946, 0x0020, 0x0841, 0x0841, 0x0861, 0x0861, 0x0841, 0x0862, 0x0841, 
  0x0841, 0x08A3, 0x1AAC, 0x0841, 0x0841, 0x0841, 0x0841, 0x0841, 0x0841, 0x0841, 0x0841, 0x0841, 0x0841, 0x0841, 0x0841, 0x0841, 
  0x0841, 0x0841, 0x0841, 0x0841, 0x0841, 0x0841, 0x0841, 0x0841, 0x0841, 0x0841, 0x0841, 0x0841, 0x0841, 0x0841, 0x0841, 0x0841, 
  0x0841, 0x0841, 0x0841, 0x0841, 0x0841, 0x0841, 0x0841, 0x0841, 0x0841, 0x0841, 0x0841, 0x0841, 0x0841, 0x0841, 0x0841, 0x0841, 
  0x0841, 0x0841, 0x0841, 0x0841, 0x0841, 0x0841, 0x0841, 0x0841, 0x0841, 0x0841, 0x0841, 0x0841, 0x0841, 0x0841, 0x0841, 0x0841, 
  0x0841, 0x0841, 0x0841, 0x0841, 0x0841, 0x0841, 0x0841, 0x0841, 0x0841, 0x0841, 0x0841, 0x0841, 0x0841, 0x0841, 0x0841, 0x0841, 
  0x0841, 0x0841, 0x0841, 0x0841, 0x0841, 0x0841, 0x0841, 0x0841, 0x0841, 0x0841, 0x0841, 0x0841, 0x0841, 0x0841, 0x0841, 0x0841, 
  0x0841, 0x0841, 0x0841, 0x0841, 0x0841, 0x0841, 0x0841, 0x0841, 0x0841, 0x0841, 0x0841, 0x0841, 0x0841, 0x0841, 0x0841, 0x0841, 
  0x0841, 0x0841, 0x0841, 0x0841, 0x0841, 0x0841, 0x0841, 0x0841, 0x0841, 0x0841, 0x0841, 0x0841, 0x0841, 0x0841, 0x0841, 0x0841, 
  0x0841, 0x0841, 0x0841, 0x0841, 0x0841, 0x0841, 0x0841, 0x0841, 0x0841, 0x0841, 0x0841, 0x0841, 0x0841, 0x0841, 0x0841, 0x0020, 
  0x0020, 0x0841, 0x0841, 0x0841, 0x0841, 0x0841, 0x0841, 0x0841, 0x0841, 0x0841, 0x0841, 0x0841, 0x0841, 0x0841, 0x0841, 0x0841, 
  0x0841, 0x0841, 0x0841, 0x0841, 0x0841, 0x0841, 0x0841, 0x0841, 0x0841, 0x0841, 0x0841, 0x0841, 0x0841, 0x0841, 0x0841, 0x0841, 
  0x0841, 0x0841, 0x0841, 0x0841, 0x0841, 0x0841, 0x0841, 0x0841, 0x0841, 0x0841, 0x0841, 0x0841, 0x0841, 0x0841, 0x0841, 0x0841, 
  0x0841, 0x0841, 0x0841, 0x0841, 0x0841, 0x0841, 0x0841, 0x0841, 0x0841, 0x0841, 0x0841, 0x0841, 0x0841, 0x0841, 0x0841, 0x0841, 
  0x0841, 0x0841, 0x0841, 0x0841, 0x0841, 0x0841, 0x0841, 0x0841, 0x0841, 0x0841, 0x0841, 0x0841, 0x0841, 0x0841, 0x0841, 0x0841, 
  0x0841, 0x0841, 0x0841, 0x0841, 0x0841, 0x0841, 0x0841, 0x0841, 0x0841, 0x0841, 0x0841, 0x0841, 0x0841, 0x0841, 0x0841, 0x0841, 
  0x0841, 0x0841, 0x0841, 0x0841, 0x0841, 0x0841, 0x0841, 0x0841, 0x0841, 0x0841, 0x0841, 0x0841, 0x0841, 0x0841, 0x0841, 0x0841, 
  0x0841, 0x0841, 0x0841, 0x0841, 0x0841, 0x0841, 0x0841, 0x0841, 0x0841, 0x0841, 0x0841, 0x0841, 0x0841, 0x0841, 0x0841, 0x0841, 
  0x0841, 0x0841, 0x0841, 0x0841, 0x0841, 0x0841, 0x0841, 0x0841, 0x0841, 0x0841, 0x0841, 0x0841, 0x0841, 0x0841, 0x0000, 0x1187, 
  0x11A7, 0x0020, 0x0882, 0x0862, 0x0862, 0x0862, 0x0861, 0x0862, 0x0861, 0x0862, 0x0061, 0x1188, 0x0882, 0x0861, 0x0862, 0x0861, 
  0x0862, 0x0841, 0x0841, 0x0841, 0x0841, 0x0020, 0x1146, 0x0904, 0x0020, 0x0841, 0x0841, 0x0862, 0x0862, 0x0861, 0x0862, 0x0861, 
  0x0882, 0x0041, 0x22CC, 0x08A3, 0x0820, 0x0841, 0x0841, 0x0841, 0x0841, 0x0841, 0x0841, 0x0841, 0x0841, 0x0841, 0x0841, 0x0841, 
  0x0841, 0x0841, 0x0841, 0x0841, 0x0841, 0x0841, 0x0841, 0x0841, 0x0841, 0x0841, 0x0841, 0x0841, 0x0841, 0x0841, 0x0841, 0x0841, 
  0x0841, 0x0841, 0x0841, 0x0841, 0x0841, 0x0841, 0x0841, 0x0841, 0x0841, 0x0841, 0x0841, 0x0841, 0x0841, 0x0841, 0x0841, 0x0841, 
  0x0841, 0x0841, 0x0841, 0x0841, 0x0841, 0x0841, 0x0841, 0x0841, 0x0841, 0x0841, 0x0841, 0x0841, 0x0841, 0x0841, 0x0841, 0x0841, 
  0x0841, 0x0841, 0x0841, 0x0841, 0x0841, 0x0841, 0x0841, 0x0841, 0x0841, 0x0841, 0x0841, 0x0841, 0x0841, 0x0841, 0x0841, 0x0841, 
  0x0841, 0x0841, 0x0841, 0x0841, 0x0841, 0x0841, 0x0841, 0x0841, 0x0841, 0x0841, 0x0841, 0x0841, 0x0841, 0x0841, 0x0841, 0x0841, 
  0x0841, 0x0841, 0x0841, 0x0841, 0x0841, 0x0841, 0x0841, 0x0841, 0x0841, 0x0841, 0x0841, 0x0841, 0x0841, 0x0841, 0x0841, 0x0841, 
  0x0841, 0x0841, 0x0841, 0x0841, 0x0841, 0x0841, 0x0841, 0x0841, 0x0841, 0x0841, 0x0841, 0x0841, 0x0841, 0x0841, 0x0841, 0x0841, 
  0x0841, 0x0841, 0x0841, 0x0841, 0x0841, 0x0841, 0x0841, 0x0841, 0x0841, 0x0841, 0x0841, 0x0841, 0x0841, 0x0841, 0x0841, 0x0020, 
  0x0020, 0x0841, 0x0841, 0x0841, 0x0841, 0x0841, 0x0841, 0x0841, 0x0841, 0x0841, 0x0841, 0x0841, 0x0841, 0x0841, 0x0841, 0x0841, 
  0x0841, 0x0841, 0x0841, 0x0841, 0x0841, 0x0841, 0x0841, 0x0841, 0x0841, 0x0841, 0x0841, 0x0841, 0x0841, 0x0841, 0x0841, 0x0841, 
  0x0841, 0x0841, 0x0841, 0x0841, 0x0841, 0x0841, 0x0841, 0x0841, 0x0841, 0x0841, 0x0841, 0x0841, 0x0841, 0x0841, 0x0841, 0x0841, 
  0x0841, 0x0841, 0x0841, 0x0841, 0x0841, 0x0841, 0x0841, 0x0841, 0x0841, 0x0841, 0x0841, 0x0841, 0x0841, 0x0841, 0x0841, 0x0841, 
  0x0841, 0x0841, 0x0841, 0x0841, 0x0841, 0x0841, 0x0841, 0x0841, 0x0841, 0x0841, 0x0841, 0x0841, 0x0841, 0x0841, 0x0841, 0x0841, 
  0x0841, 0x0841, 0x0841, 0x0841, 0x0841, 0x0841, 0x0841, 0x0841, 0x0841, 0x0841, 0x0841, 0x0841, 0x0841, 0x0841, 0x0841, 0x0841, 
  0x0841, 0x0841, 0x0841, 0x0841, 0x0841, 0x0841, 0x0841, 0x0841, 0x0841, 0x0841, 0x0841, 0x0841, 0x0841, 0x0841, 0x0841, 0x0841, 
  0x0841, 0x0841, 0x0841, 0x0841, 0x0841, 0x0841, 0x0841, 0x0841, 0x0841, 0x0841, 0x0841, 0x0841, 0x0841, 0x0841, 0x0841, 0x0841, 
  0x0841, 0x0841, 0x0841, 0x0841, 0x0841, 0x0841, 0x0841, 0x0841, 0x0841, 0x0841, 0x0841, 0x0841, 0x0841, 0x0841, 0x0000, 0x11E8, 
  0x1146, 0x0000, 0x0862, 0x0841, 0x0841, 0x0861, 0x0841, 0x0861, 0x0841, 0x0862, 0x0020, 0x1167, 0x08C4, 0x0820, 0x0861, 0x0841, 
  0x0862, 0x0841, 0x0841, 0x0841, 0x0841, 0x0020, 0x1187, 0x08A3, 0x0820, 0x0841, 0x0841, 0x0841, 0x0841, 0x0841, 0x0861, 0x0841, 
  0x0861, 0x0020, 0x1A6B, 0x1104, 0x0020, 0x0841, 0x0841, 0x0841, 0x0841, 0x0841, 0x0841, 0x0841, 0x0841, 0x0841, 0x0841, 0x0841, 
  0x0841, 0x0841, 0x0841, 0x0841, 0x0841, 0x0841, 0x0841, 0x0841, 0x0841, 0x0841, 0x0841, 0x0841, 0x0841, 0x0841, 0x0841, 0x0841, 
  0x0841, 0x0841, 0x0841, 0x0841, 0x0841, 0x0841, 0x0841, 0x0841, 0x0841, 0x0841, 0x0841, 0x0841, 0x0841, 0x0841, 0x0841, 0x0841, 
  0x0841, 0x0841, 0x0841, 0x0841, 0x0841, 0x0841, 0x0841, 0x0841, 0x0841, 0x0841, 0x0841, 0x0841, 0x0841, 0x0841, 0x0841, 0x0841, 
  0x0841, 0x0841, 0x0841, 0x0841, 0x0841, 0x0841, 0x0841, 0x0841, 0x0841, 0x0841, 0x0841, 0x0841, 0x0841, 0x0841, 0x0841, 0x0841, 
  0x0841, 0x0841, 0x0841, 0x0841, 0x0841, 0x0841, 0x0841, 0x0841, 0x0841, 0x0841, 0x0841, 0x0841, 0x0841, 0x0841, 0x0841, 0x0841, 
  0x0841, 0x0841, 0x0841, 0x0841, 0x0841, 0x0841, 0x0841, 0x0841, 0x0841, 0x0841, 0x0841, 0x0841, 0x0841, 0x0841, 0x0841, 0x0841, 
  0x0841, 0x0841, 0x0841, 0x0841, 0x0841, 0x0841, 0x0841, 0x0841, 0x0841, 0x0841, 0x0841, 0x0841, 0x0841, 0x0841, 0x0841, 0x0841, 
  0x0841, 0x0841, 0x0841, 0x0841, 0x0841, 0x0841, 0x0841, 0x0841, 0x0841, 0x0841, 0x0841, 0x0841, 0x0841, 0x0841, 0x0841, 0x0020, 
  0x0020, 0x0841, 0x0841, 0x0841, 0x0841, 0x0841, 0x0841, 0x0841, 0x0841, 0x0841, 0x0841, 0x0841, 0x0841, 0x0841, 0x0841, 0x0841, 
  0x0841, 0x0841, 0x0841, 0x0841, 0x0841, 0x0841, 0x0841, 0x0841, 0x0841, 0x0841, 0x0841, 0x0841, 0x0841, 0x0841, 0x0841, 0x0841, 
  0x0841, 0x0841, 0x0841, 0x0841, 0x0841, 0x0841, 0x0841, 0x0841, 0x0841, 0x0841, 0x0841, 0x0841, 0x0841, 0x0841, 0x0841, 0x0841, 
  0x0841, 0x0841, 0x0841, 0x0841, 0x0841, 0x0841, 0x0841, 0x0841, 0x0841, 0x0841, 0x0841, 0x0841, 0x0841, 0x0841, 0x0841, 0x0841, 
  0x0841, 0x0841, 0x0841, 0x0841, 0x0841, 0x0841, 0x0841, 0x0841, 0x0841, 0x0841, 0x0841, 0x0841, 0x0841, 0x0841, 0x0841, 0x0841, 
  0x0841, 0x0841, 0x0841, 0x0841, 0x0841, 0x0841, 0x0841, 0x0841, 0x0841, 0x0841, 0x0841, 0x0841, 0x0841, 0x0841, 0x0841, 0x0841, 
  0x0841, 0x0841, 0x0841, 0x0841, 0x0841, 0x0841, 0x0841, 0x0841, 0x0841, 0x0841, 0x0841, 0x0841, 0x0841, 0x0841, 0x0841, 0x0841, 
  0x0841, 0x0841, 0x0841, 0x0841, 0x0841, 0x0841, 0x0841, 0x0841, 0x0841, 0x0841, 0x0841, 0x0841, 0x0841, 0x0841, 0x0841, 0x0841, 
  0x0841, 0x0841, 0x0841, 0x0841, 0x0841, 0x0841, 0x0841, 0x0841, 0x0841, 0x0841, 0x0841, 0x0841, 0x0841, 0x0841, 0x0000, 0x1A6A, 
  0x0905, 0x0820, 0x0862, 0x0841, 0x0841, 0x0862, 0x0061, 0x0862, 0x0841, 0x0862, 0x0021, 0x0925, 0x0926, 0x0020, 0x0841, 0x0841, 
  0x0841, 0x0020, 0x0820, 0x0020, 0x0820, 0x0041, 0x11A8, 0x0061, 0x0820, 0x0841, 0x0841, 0x0842, 0x0841, 0x0841, 0x0862, 0x0841, 
  0x0862, 0x0000, 0x1A09, 0x1166, 0x0000, 0x0841, 0x0841, 0x0841, 0x0841, 0x0841, 0x0841, 0x0841, 0x0841, 0x0841, 0x0841, 0x0841, 
  0x0841, 0x0841, 0x0841, 0x0841, 0x0841, 0x0841, 0x0841, 0x0841, 0x0841, 0x0841, 0x0841, 0x0841, 0x0841, 0x0841, 0x0841, 0x0841, 
  0x0841, 0x0841, 0x0841, 0x0841, 0x0841, 0x0841, 0x0841, 0x0841, 0x0841, 0x0841, 0x0841, 0x0841, 0x0841, 0x0841, 0x0841, 0x0841, 
  0x0841, 0x0841, 0x0841, 0x0841, 0x0841, 0x0841, 0x0841, 0x0841, 0x0841, 0x0841, 0x0841, 0x0841, 0x0841, 0x0841, 0x0841, 0x0841, 
  0x0841, 0x0841, 0x0841, 0x0841, 0x0841, 0x0841, 0x0841, 0x0841, 0x0841, 0x0841, 0x0841, 0x0841, 0x0841, 0x0841, 0x0841, 0x0841, 
  0x0841, 0x0841, 0x0841, 0x0841, 0x0841, 0x0841, 0x0841, 0x0841, 0x0841, 0x0841, 0x0841, 0x0841, 0x0841, 0x0841, 0x0841, 0x0841, 
  0x0841, 0x0841, 0x0841, 0x0841, 0x0841, 0x0841, 0x0841, 0x0841, 0x0841, 0x0841, 0x0841, 0x0841, 0x0841, 0x0841, 0x0841, 0x0841, 
  0x0841, 0x0841, 0x0841, 0x0841, 0x0841, 0x0841, 0x0841, 0x0841, 0x0841, 0x0841, 0x0841, 0x0841, 0x0841, 0x0841, 0x0841, 0x0841, 
  0x0841, 0x0841, 0x0841, 0x0841, 0x0841, 0x0841, 0x0841, 0x0841, 0x0841, 0x0841, 0x0841, 0x0841, 0x0841, 0x0841, 0x0841, 0x0020, 
  0x0020, 0x0841, 0x0841, 0x0841, 0x0841, 0x0841, 0x0841, 0x0841, 0x0841, 0x0841, 0x0841, 0x0841, 0x0841, 0x0841, 0x0841, 0x0841, 
  0x0841, 0x0841, 0x0841, 0x0841, 0x0841, 0x0841, 0x0841, 0x0841, 0x0841, 0x0841, 0x0841, 0x0841, 0x0841, 0x0841, 0x0841, 0x0841, 
  0x0841, 0x0841, 0x0841, 0x0841, 0x0841, 0x0841, 0x0841, 0x0841, 0x0841, 0x0841, 0x0841, 0x0841, 0x0841, 0x0841, 0x0841, 0x0841, 
  0x0841, 0x0020, 0x0841, 0x0841, 0x0841, 0x0841, 0x0020, 0x0841, 0x0841, 0x0841, 0x0841, 0x0841, 0x0841, 0x0841, 0x0020, 0x0020, 
  0x0020, 0x0841, 0x0841, 0x0841, 0x0841, 0x0020, 0x0020, 0x0020, 0x0841, 0x0020, 0x0020, 0x0841, 0x0841, 0x0841, 0x0841, 0x0841, 
  0x0841, 0x0841, 0x0841, 0x0841, 0x0841, 0x0841, 0x0841, 0x0841, 0x0841, 0x0841, 0x0841, 0x0841, 0x0841, 0x0841, 0x0841, 0x0841, 
  0x0841, 0x0841, 0x0841, 0x0841, 0x0841, 0x0841, 0x0841, 0x0841, 0x0841, 0x0841, 0x0841, 0x0841, 0x0841, 0x0841, 0x0841, 0x0841, 
  0x0841, 0x0841, 0x0841, 0x0841, 0x0841, 0x0841, 0x0841, 0x0841, 0x0841, 0x0841, 0x0841, 0x0841, 0x0841, 0x0841, 0x0841, 0x0841, 
  0x0841, 0x0841, 0x0841, 0x0841, 0x0841, 0x0841, 0x0841, 0x0841, 0x0841, 0x0841, 0x0841, 0x0841, 0x0841, 0x0841, 0x0021, 0x1ACC, 
  0x00C3, 0x0820, 0x0861, 0x0841, 0x0841, 0x0861, 0x0841, 0x0861, 0x0841, 0x0861, 0x0820, 0x08A3, 0x11A8, 0x0082, 0x08A3, 0x0883, 
  0x08A3, 0x08A3, 0x08A3, 0x0883, 0x0062, 0x0925, 0x11A8, 0x0020, 0x0841, 0x0841, 0x0841, 0x0841, 0x0841, 0x0841, 0x0862, 0x0841, 
  0x0862, 0x0000, 0x11E9, 0x11E9, 0x0000, 0x0841, 0x0841, 0x0841, 0x0841, 0x0841, 0x0841, 0x0841, 0x0841, 0x0841, 0x0841, 0x0841, 
  0x0841, 0x0841, 0x0841, 0x0841, 0x0841, 0x0841, 0x0841, 0x0841, 0x0841, 0x0841, 0x0841, 0x0841, 0x0841, 0x0841, 0x0841, 0x0841, 
  0x0841, 0x0841, 0x0841, 0x0841, 0x0841, 0x0841, 0x0841, 0x0841, 0x0841, 0x0841, 0x0841, 0x0841, 0x0841, 0x0841, 0x0841, 0x0841, 
  0x0841, 0x0841, 0x0841, 0x0841, 0x0841, 0x0841, 0x0841, 0x0841, 0x0841, 0x0841, 0x0841, 0x0841, 0x0841, 0x0841, 0x0841, 0x0841, 
  0x0841, 0x0841, 0x0841, 0x0841, 0x0841, 0x0841, 0x0841, 0x0841, 0x0841, 0x0841, 0x0841, 0x0841, 0x0841, 0x0841, 0x0841, 0x0841, 
  0x0841, 0x0841, 0x0841, 0x0841, 0x0841, 0x0841, 0x0841, 0x0841, 0x0841, 0x0841, 0x0841, 0x0841, 0x0841, 0x0841, 0x0841, 0x0841, 
  0x0841, 0x0841, 0x0841, 0x0841, 0x0841, 0x0841, 0x0841, 0x0841, 0x0841, 0x0841, 0x0841, 0x0841, 0x0841, 0x0841, 0x0841, 0x0841, 
  0x0841, 0x0841, 0x0841, 0x0841, 0x0841, 0x0841, 0x0841, 0x0841, 0x0841, 0x0841, 0x0841, 0x0841, 0x0841, 0x0841, 0x0841, 0x0841, 
  0x0841, 0x0841, 0x0841, 0x0841, 0x0841, 0x0841, 0x0841, 0x0841, 0x0841, 0x0841, 0x0841, 0x0841, 0x0841, 0x0841, 0x0841, 0x0020, 
  0x0020, 0x0841, 0x0841, 0x0841, 0x0841, 0x0841, 0x0841, 0x0841, 0x0841, 0x0841, 0x0841, 0x0841, 0x0841, 0x0841, 0x0841, 0x0841, 
  0x0841, 0x0841, 0x0841, 0x0841, 0x0841, 0x0841, 0x0841, 0x0841, 0x0841, 0x0841, 0x0841, 0x0841, 0x0841, 0x0841, 0x0841, 0x0841, 
  0x0841, 0x0841, 0x0841, 0x0841, 0x0841, 0x0841, 0x0841, 0x0841, 0x0841, 0x0841, 0x0841, 0x0841, 0x0841, 0x0020, 0x0020, 0x0861, 
  0x0861, 0x1082, 0x0861, 0x0861, 0x0841, 0x0861, 0x1082, 0x0841, 0x0861, 0x0861, 0x0861, 0x0861, 0x0861, 0x0861, 0x1082, 0x1082, 
  0x1082, 0x1082, 0x1082, 0x0861, 0x0861, 0x10A2, 0x10A2, 0x1082, 0x1082, 0x18C3, 0x1082, 0x0841, 0x0841, 0x0841, 0x0841, 0x0841, 
  0x0841, 0x0841, 0x0841, 0x0841, 0x0841, 0x0841, 0x0841, 0x0841, 0x0841, 0x0841, 0x0841, 0x0841, 0x0841, 0x0841, 0x0841, 0x0841, 
  0x0841, 0x0841, 0x0841, 0x0841, 0x0841, 0x0841, 0x0841, 0x0841, 0x0841, 0x0841, 0x0841, 0x0841, 0x0841, 0x0841, 0x0841, 0x0841, 
  0x0841, 0x0841, 0x0841, 0x0841, 0x0841, 0x0841, 0x0841, 0x0841, 0x0841, 0x0841, 0x0841, 0x0841, 0x0841, 0x0841, 0x0841, 0x0841, 
  0x0841, 0x0841, 0x0841, 0x0841, 0x0841, 0x0841, 0x0841, 0x0841, 0x0841, 0x0841, 0x0841, 0x0841, 0x0841, 0x0841, 0x0861, 0x126C, 
  0x08C3, 0x0841, 0x0862, 0x0861, 0x0861, 0x0862, 0x0861, 0x0862, 0x0841, 0x0862, 0x0861, 0x0062, 0x1167, 0x1187, 0x1187, 0x1167, 
  0x0967, 0x1167, 0x1167, 0x1167, 0x1187, 0x11A8, 0x08A3, 0x0820, 0x0841, 0x0841, 0x0841, 0x0862, 0x0862, 0x0861, 0x0862, 0x0861, 
  0x0862, 0x0020, 0x11A8, 0x11E9, 0x0020, 0x0841, 0x0841, 0x0841, 0x0841, 0x0841, 0x0841, 0x0841, 0x0841, 0x0841, 0x0841, 0x0841, 
  0x0841, 0x0841, 0x0841, 0x0841, 0x0841, 0x0841, 0x0841, 0x0841, 0x0841, 0x0841, 0x0841, 0x0841, 0x0841, 0x0841, 0x0841, 0x0841, 
  0x0841, 0x0841, 0x0841, 0x0841, 0x0841, 0x0841, 0x0841, 0x0841, 0x0841, 0x0841, 0x0841, 0x0841, 0x0841, 0x0841, 0x0841, 0x0841, 
  0x0841, 0x0841, 0x0841, 0x0841, 0x0841, 0x0841, 0x0841, 0x0841, 0x0841, 0x0841, 0x0841, 0x0841, 0x0841, 0x0841, 0x0841, 0x0841, 
  0x0841, 0x0841, 0x0841, 0x0841, 0x0841, 0x0841, 0x0841, 0x0841, 0x0841, 0x0841, 0x0841, 0x0841, 0x0841, 0x0841, 0x0841, 0x0841, 
  0x0841, 0x0841, 0x0841, 0x0841, 0x0841, 0x0841, 0x0841, 0x0841, 0x0841, 0x0841, 0x0841, 0x0841, 0x0841, 0x0841, 0x0841, 0x0841, 
  0x0841, 0x0841, 0x0841, 0x0841, 0x0841, 0x0841, 0x0841, 0x0841, 0x0841, 0x0841, 0x0841, 0x0841, 0x0841, 0x0841, 0x0841, 0x0841, 
  0x0841, 0x0841, 0x0841, 0x0841, 0x0841, 0x0841, 0x0841, 0x0841, 0x0841, 0x0841, 0x0841, 0x0841, 0x0841, 0x0841, 0x0841, 0x0841, 
  0x0841, 0x0841, 0x0841, 0x0841, 0x0841, 0x0841, 0x0841, 0x0841, 0x0841, 0x0841, 0x0841, 0x0841, 0x0841, 0x0841, 0x0841, 0x0020, 
  0x0020, 0x0841, 0x0841, 0x0841, 0x0841, 0x0841, 0x0841, 0x0841, 0x0841, 0x0841, 0x0841, 0x0841, 0x0841, 0x0841, 0x0841, 0x0841, 
  0x0841, 0x0841, 0x0841, 0x0841, 0x0841, 0x0841, 0x0841, 0x0841, 0x0841, 0x0841, 0x0841, 0x0841, 0x0841, 0x0841, 0x0841, 0x0841, 
  0x0841, 0x0841, 0x0841, 0x0841, 0x0841, 0x0841, 0x0841, 0x0841, 0x0841, 0x0841, 0x0841, 0x0841, 0x0841, 0x3186, 0x39E7, 0x4208, 
  0x39E7, 0x2945, 0x39C7, 0x31A6, 0x4228, 0x31A6, 0x2104, 0x528A, 0x3186, 0x39C7, 0x4208, 0x31A6, 0x39C7, 0x4208, 0x39C7, 0x4208, 
  0x39E7, 0x39E7, 0x39C7, 0x39E7, 0x4228, 0x2104, 0x2104, 0x2945, 0x18C3, 0x18E3, 0x0861, 0x0841, 0x0841, 0x0841, 0x0841, 0x0841, 
  0x0841, 0x0841, 0x0841, 0x0841, 0x0841, 0x0841, 0x0841, 0x0841, 0x0841, 0x0841, 0x0841, 0x0841, 0x0841, 0x0841, 0x0841, 0x0841, 
  0x0841, 0x0841, 0x0841, 0x0841, 0x0841, 0x0841, 0x0841, 0x0841, 0x0841, 0x0841, 0x0841, 0x0841, 0x0841, 0x0841, 0x0841, 0x0841, 
  0x0841, 0x0841, 0x0841, 0x0841, 0x0841, 0x0841, 0x0841, 0x0841, 0x0841, 0x0841, 0x0841, 0x0841, 0x0841, 0x0841, 0x0841, 0x0841, 
  0x0841, 0x0841, 0x0841, 0x0841, 0x0841, 0x0841, 0x0841, 0x0841, 0x0841, 0x0841, 0x0841, 0x0841, 0x0841, 0x0840, 0x0882, 0x122B, 
  0x08C3, 0x0820, 0x0861, 0x0841, 0x0841, 0x0841, 0x0841, 0x0861, 0x0841, 0x0861, 0x0841, 0x0861, 0x0021, 0x0821, 0x0041, 0x0820, 
  0x0841, 0x0020, 0x0020, 0x0020, 0x0020, 0x0020, 0x0821, 0x0841, 0x0841, 0x0841, 0x0841, 0x0861, 0x0841, 0x0841, 0x0862, 0x0841, 
  0x0862, 0x0021, 0x1187, 0x11E9, 0x0821, 0x0841, 0x0841, 0x0841, 0x0841, 0x0841, 0x0841, 0x0841, 0x0841, 0x0841, 0x0841, 0x0841, 
  0x0841, 0x0841, 0x0841, 0x0841, 0x0841, 0x0841, 0x0841, 0x0841, 0x0841, 0x0841, 0x0841, 0x0841, 0x0841, 0x0841, 0x0841, 0x0841, 
  0x0841, 0x0841, 0x0841, 0x0841, 0x0841, 0x0841, 0x0841, 0x0841, 0x0841, 0x0841, 0x0841, 0x0841, 0x0841, 0x0841, 0x0841, 0x0841, 
  0x0841, 0x0841, 0x0841, 0x0841, 0x0841, 0x0841, 0x0841, 0x0841, 0x0841, 0x0841, 0x0841, 0x0841, 0x0841, 0x0841, 0x0841, 0x0841, 
  0x0841, 0x0841, 0x0841, 0x0841, 0x0841, 0x0841, 0x0841, 0x0841, 0x0841, 0x0841, 0x0841, 0x0841, 0x0841, 0x0841, 0x0841, 0x0841, 
  0x0841, 0x0841, 0x0841, 0x0841, 0x0841, 0x0841, 0x0841, 0x0841, 0x0841, 0x0841, 0x0841, 0x0841, 0x0841, 0x0841, 0x0841, 0x0841, 
  0x0841, 0x0841, 0x0841, 0x0841, 0x0841, 0x0841, 0x0841, 0x0841, 0x0841, 0x0841, 0x0841, 0x0841, 0x0841, 0x0841, 0x0841, 0x0841, 
  0x0841, 0x0841, 0x0841, 0x0841, 0x0841, 0x0841, 0x0841, 0x0841, 0x0841, 0x0841, 0x0841, 0x0841, 0x0841, 0x0841, 0x0841, 0x0841, 
  0x0841, 0x0841, 0x0841, 0x0841, 0x0841, 0x0841, 0x0841, 0x0841, 0x0841, 0x0841, 0x0841, 0x0841, 0x0841, 0x0841, 0x0841, 0x0020, 
  0x0020, 0x0841, 0x0841, 0x0841, 0x0841, 0x0841, 0x0841, 0x0841, 0x0841, 0x0841, 0x0841, 0x0841, 0x0841, 0x0841, 0x0841, 0x0841, 
  0x0841, 0x0841, 0x0841, 0x0841, 0x0841, 0x0841, 0x0841, 0x0841, 0x0841, 0x0841, 0x0841, 0x0841, 0x0841, 0x0841, 0x0841, 0x0841, 
  0x0841, 0x0841, 0x0841, 0x0841, 0x0841, 0x0841, 0x0841, 0x0841, 0x0841, 0x0841, 0x0841, 0x0020, 0x18C3, 0x528A, 0x4228, 0x3186, 
  0x31A6, 0x39C7, 0x39E7, 0x39C7, 0x528A, 0x10A2, 0x2965, 0x4A69, 0x4228, 0x4228, 0x4A49, 0x4228, 0x4228, 0x4A49, 0x31A6, 0x31A6, 
  0x4228, 0x4208, 0x4A49, 0x4228, 0x4208, 0x10A2, 0x2104, 0x18C3, 0x0861, 0x0020, 0x0020, 0x0841, 0x0841, 0x0841, 0x0841, 0x0841, 
  0x0841, 0x0841, 0x0841, 0x0841, 0x0841, 0x0841, 0x0841, 0x0841, 0x0841, 0x0841, 0x0841, 0x0841, 0x0841, 0x0841, 0x0841, 0x0841, 
  0x0841, 0x0841, 0x0841, 0x0841, 0x0841, 0x0841, 0x0841, 0x0841, 0x0841, 0x0841, 0x0841, 0x0841, 0x0841, 0x0841, 0x0841, 0x0841, 
  0x0841, 0x0841, 0x0841, 0x0841, 0x0841, 0x0841, 0x0841, 0x0841, 0x0841, 0x0841, 0x0841, 0x0841, 0x0841, 0x0841, 0x0841, 0x0841, 
  0x0841, 0x0841, 0x0841, 0x0841, 0x0841, 0x0841, 0x0841, 0x0841, 0x0841, 0x0841, 0x0841, 0x0841, 0x0841, 0x0820, 0x0904, 0x1A8C, 
  0x08A3, 0x0841, 0x0862, 0x0861, 0x0861, 0x0862, 0x0861, 0x0862, 0x0841, 0x0862, 0x0841, 0x0862, 0x0062, 0x0862, 0x0862, 0x0861, 
  0x0862, 0x0841, 0x0841, 0x0841, 0x0841, 0x0841, 0x0841, 0x0841, 0x0841, 0x0841, 0x0841, 0x0861, 0x0862, 0x0861, 0x0862, 0x0861, 
  0x0862, 0x0041, 0x1187, 0x22ED, 0x0062, 0x0841, 0x0841, 0x0841, 0x0841, 0x0841, 0x0841, 0x0841, 0x0841, 0x0841, 0x0841, 0x0841, 
  0x0841, 0x0841, 0x0841, 0x0841, 0x0841, 0x0841, 0x0841, 0x0841, 0x0841, 0x0841, 0x0841, 0x0841, 0x0841, 0x0841, 0x0841, 0x0841, 
  0x0841, 0x0841, 0x0841, 0x0841, 0x0841, 0x0841, 0x0841, 0x0841, 0x0841, 0x0841, 0x0841, 0x0841, 0x0841, 0x0841, 0x0841, 0x0841, 
  0x0841, 0x0841, 0x0841, 0x0841, 0x0841, 0x0841, 0x0841, 0x0841, 0x0841, 0x0841, 0x0841, 0x0841, 0x0841, 0x0841, 0x0841, 0x0841, 
  0x0841, 0x0841, 0x0841, 0x0841, 0x0841, 0x0841, 0x0841, 0x0841, 0x0841, 0x0841, 0x0841, 0x0841, 0x0841, 0x0841, 0x0841, 0x0841, 
  0x0841, 0x0841, 0x0841, 0x0841, 0x0841, 0x0841, 0x0841, 0x0841, 0x0841, 0x0841, 0x0841, 0x0841, 0x0841, 0x0841, 0x0841, 0x0841, 
  0x0841, 0x0841, 0x0841, 0x0841, 0x0841, 0x0841, 0x0841, 0x0841, 0x0841, 0x0841, 0x0841, 0x0841, 0x0841, 0x0841, 0x0841, 0x0841, 
  0x0841, 0x0841, 0x0841, 0x0841, 0x0841, 0x0841, 0x0841, 0x0841, 0x0841, 0x0841, 0x0841, 0x0841, 0x0841, 0x0841, 0x0841, 0x0841, 
  0x0841, 0x0841, 0x0841, 0x0841, 0x0841, 0x0841, 0x0841, 0x0841, 0x0841, 0x0841, 0x0841, 0x0841, 0x0841, 0x0841, 0x0841, 0x0020, 
  0x0020, 0x0841, 0x0841, 0x0841, 0x0841, 0x0841, 0x0841, 0x0841, 0x0841, 0x0841, 0x0841, 0x0841, 0x0841, 0x0841, 0x0841, 0x0841, 
  0x0841, 0x0841, 0x0841, 0x0841, 0x0841, 0x0841, 0x0841, 0x0841, 0x0841, 0x0841, 0x0841, 0x0841, 0x0841, 0x0841, 0x0841, 0x0841, 
  0x0841, 0x0841, 0x0841, 0x0841, 0x0841, 0x0841, 0x0841, 0x0841, 0x0841, 0x0841, 0x0841, 0x0841, 0x10A2, 0x18E3, 0x1082, 0x10A2, 
  0x10A2, 0x18E3, 0x10A2, 0x18C3, 0x18E3, 0x0841, 0x18C3, 0x10A2, 0x10A2, 0x2124, 0x10A2, 0x18C3, 0x18E3, 0x18E3, 0x10A2, 0x1082, 
  0x18C3, 0x18C3, 0x18C3, 0x18E3, 0x2124, 0x2104, 0x1082, 0x0841, 0x0020, 0x0841, 0x0841, 0x0841, 0x0841, 0x0841, 0x0841, 0x0841, 
  0x0841, 0x0841, 0x0841, 0x0841, 0x0841, 0x0841, 0x0841, 0x0841, 0x0841, 0x0841, 0x0841, 0x0841, 0x0841, 0x0841, 0x0841, 0x0841, 
  0x0841, 0x0841, 0x0841, 0x0841, 0x0841, 0x0841, 0x0841, 0x0841, 0x0841, 0x0841, 0x0841, 0x0841, 0x0841, 0x0841, 0x0841, 0x0841, 
  0x0841, 0x0841, 0x0841, 0x0841, 0x0841, 0x0841, 0x0841, 0x0841, 0x0841, 0x0841, 0x0841, 0x0841, 0x0841, 0x0841, 0x0841, 0x0841, 
  0x0841, 0x0841, 0x0841, 0x0841, 0x0841, 0x0841, 0x0841, 0x0841, 0x0841, 0x0841, 0x0841, 0x0841, 0x0841, 0x0000, 0x11A7, 0x1AAD, 
  0x0883, 0x0841, 0x0862, 0x0841, 0x0861, 0x0861, 0x0841, 0x0862, 0x0841, 0x0862, 0x0841, 0x0862, 0x0861, 0x0861, 0x0861, 0x0841, 
  0x0862, 0x0841, 0x0841, 0x0841, 0x0841, 0x0841, 0x0841, 0x0841, 0x0841, 0x0841, 0x0841, 0x0862, 0x0841, 0x0861, 0x0862, 0x0841, 
  0x0862, 0x0041, 0x0967, 0x1AAD, 0x08A3, 0x0820, 0x0841, 0x0841, 0x0841, 0x0841, 0x0841, 0x0841, 0x0841, 0x0841, 0x0841, 0x0841, 
  0x0841, 0x0841, 0x0841, 0x0841, 0x0841, 0x0841, 0x0841, 0x0841, 0x0841, 0x0841, 0x0841, 0x0841, 0x0841, 0x0841, 0x0841, 0x0841, 
  0x0841, 0x0841, 0x0841, 0x0841, 0x0841, 0x0841, 0x0841, 0x0841, 0x0841, 0x0841, 0x0841, 0x0841, 0x0841, 0x0841, 0x0841, 0x0841, 
  0x0841, 0x0841, 0x0841, 0x0841, 0x0841, 0x0841, 0x0841, 0x0841, 0x0841, 0x0841, 0x0841, 0x0841, 0x0841, 0x0841, 0x0841, 0x0841, 
  0x0841, 0x0841, 0x0841, 0x0841, 0x0841, 0x0841, 0x0841, 0x0841, 0x0841, 0x0841, 0x0841, 0x0841, 0x0841, 0x0841, 0x0841, 0x0841, 
  0x0841, 0x0841, 0x0841, 0x0841, 0x0841, 0x0841, 0x0841, 0x0841, 0x0841, 0x0841, 0x0841, 0x0841, 0x0841, 0x0841, 0x0841, 0x0841, 
  0x0841, 0x0841, 0x0841, 0x0841, 0x0841, 0x0841, 0x0841, 0x0841, 0x0841, 0x0841, 0x0841, 0x0841, 0x0841, 0x0841, 0x0841, 0x0841, 
  0x0841, 0x0841, 0x0841, 0x0841, 0x0841, 0x0841, 0x0841, 0x0841, 0x0841, 0x0841, 0x0841, 0x0841, 0x0841, 0x0841, 0x0841, 0x0841, 
  0x0841, 0x0841, 0x0841, 0x0841, 0x0841, 0x0841, 0x0841, 0x0841, 0x0841, 0x0841, 0x0841, 0x0841, 0x0841, 0x0841, 0x0841, 0x0020, 
  0x0020, 0x0841, 0x0841, 0x0841, 0x0841, 0x0841, 0x0841, 0x0841, 0x0841, 0x0841, 0x0841, 0x0841, 0x0841, 0x0841, 0x0841, 0x0841, 
  0x0841, 0x0841, 0x0841, 0x0841, 0x0841, 0x0841, 0x0841, 0x0841, 0x0841, 0x0841, 0x0841, 0x0841, 0x0841, 0x0841, 0x0841, 0x0841, 
  0x0841, 0x0841, 0x0841, 0x0841, 0x0841, 0x0841, 0x0841, 0x0841, 0x0841, 0x0841, 0x0841, 0x0841, 0x0020, 0x0020, 0x0020, 0x0020, 
  0x0020, 0x0020, 0x0020, 0x0020, 0x0020, 0x0841, 0x0020, 0x0020, 0x0020, 0x0000, 0x0020, 0x0020, 0x0000, 0x0020, 0x0020, 0x0020, 
  0x0020, 0x0020, 0x0020, 0x10A2, 0x10A2, 0x0020, 0x0020, 0x0841, 0x0841, 0x0841, 0x0841, 0x0841, 0x0841, 0x0841, 0x0841, 0x0841, 
  0x0841, 0x0841, 0x0841, 0x0841, 0x0841, 0x0841, 0x0841, 0x0841, 0x0841, 0x0841, 0x0841, 0x0841, 0x0841, 0x0841, 0x0841, 0x0841, 
  0x0841, 0x0841, 0x0841, 0x0841, 0x0841, 0x0841, 0x0841, 0x0841, 0x0841, 0x0841, 0x0841, 0x0841, 0x0841, 0x0841, 0x0841, 0x0841, 
  0x0841, 0x0841, 0x0841, 0x0841, 0x0841, 0x0841, 0x0841, 0x0841, 0x0841, 0x0841, 0x0841, 0x0841, 0x0841, 0x0841, 0x0841, 0x0841, 
  0x0841, 0x0841, 0x0841, 0x0841, 0x0841, 0x0841, 0x0841, 0x0841, 0x0841, 0x0841, 0x0841, 0x0841, 0x0841, 0x0020, 0x0987, 0x122B, 
  0x08C4, 0x0041, 0x0862, 0x0862, 0x0862, 0x0862, 0x0861, 0x0862, 0x0861, 0x0862, 0x0841, 0x0862, 0x0861, 0x0861, 0x0862, 0x0841, 
  0x0862, 0x0841, 0x0841, 0x0841, 0x0841, 0x0841, 0x0841, 0x0841, 0x0841, 0x0841, 0x0841, 0x0862, 0x0862, 0x0861, 0x0862, 0x0841, 
  0x0862, 0x0041, 0x0988, 0x124C, 0x08C4, 0x0020, 0x0841, 0x0841, 0x0841, 0x0841, 0x0841, 0x0841, 0x0841, 0x0841, 0x0841, 0x0841, 
  0x0841, 0x0841, 0x0841, 0x0841, 0x0841, 0x0841, 0x0841, 0x0841, 0x0841, 0x0841, 0x0841, 0x0841, 0x0841, 0x0841, 0x0841, 0x0841, 
  0x0841, 0x0841, 0x0841, 0x0841, 0x0841, 0x0841, 0x0841, 0x0841, 0x0841, 0x0841, 0x0841, 0x0841, 0x0841, 0x0841, 0x0841, 0x0841, 
  0x0841, 0x0841, 0x0841, 0x0841, 0x0841, 0x0841, 0x0841, 0x0841, 0x0841, 0x0841, 0x0841, 0x0841, 0x0841, 0x0841, 0x0841, 0x0841, 
  0x0841, 0x0841, 0x0841, 0x0841, 0x0841, 0x0841, 0x0841, 0x0841, 0x0841, 0x0841, 0x0841, 0x0841, 0x0841, 0x0841, 0x0841, 0x0841, 
  0x0841, 0x0841, 0x0841, 0x0841, 0x0841, 0x0841, 0x0841, 0x0841, 0x0841, 0x0841, 0x0841, 0x0841, 0x0841, 0x0841, 0x0841, 0x0841, 
  0x0841, 0x0841, 0x0841, 0x0841, 0x0841, 0x0841, 0x0841, 0x0841, 0x0841, 0x0841, 0x0841, 0x0841, 0x0841, 0x0841, 0x0841, 0x0841, 
  0x0841, 0x0841, 0x0841, 0x0841, 0x0841, 0x0841, 0x0841, 0x0841, 0x0841, 0x0841, 0x0841, 0x0841, 0x0841, 0x0841, 0x0841, 0x0841, 
  0x0841, 0x0841, 0x0841, 0x0841, 0x0841, 0x0841, 0x0841, 0x0841, 0x0841, 0x0841, 0x0841, 0x0841, 0x0841, 0x0841, 0x0841, 0x0020, 
  0x0020, 0x0841, 0x0841, 0x0841, 0x0841, 0x0841, 0x0841, 0x0841, 0x0841, 0x0841, 0x0841, 0x0841, 0x0841, 0x0841, 0x0841, 0x0841, 
  0x0841, 0x0841, 0x0841, 0x0841, 0x0841, 0x0841, 0x0841, 0x0841, 0x0841, 0x0841, 0x0841, 0x0841, 0x0841, 0x0841, 0x0841, 0x0841, 
  0x0841, 0x0841, 0x0841, 0x0841, 0x0841, 0x0841, 0x0841, 0x0841, 0x0841, 0x0841, 0x0841, 0x0841, 0x0841, 0x0841, 0x0841, 0x0841, 
  0x0841, 0x0841, 0x0841, 0x0841, 0x0841, 0x0841, 0x0841, 0x0841, 0x0841, 0x0841, 0x0841, 0x0841, 0x0841, 0x0841, 0x0841, 0x0841, 
  0x0841, 0x0841, 0x0841, 0x0841, 0x0020, 0x0841, 0x0841, 0x0841, 0x0841, 0x0841, 0x0841, 0x0841, 0x0841, 0x0841, 0x0841, 0x0841, 
  0x0841, 0x0841, 0x0841, 0x0841, 0x0841, 0x0841, 0x0841, 0x0841, 0x0841, 0x0841, 0x0841, 0x0841, 0x0841, 0x0841, 0x0841, 0x0841, 
  0x0841, 0x0841, 0x0841, 0x0841, 0x0841, 0x0841, 0x0841, 0x0841, 0x0841, 0x0841, 0x0841, 0x0841, 0x0841, 0x0841, 0x0841, 0x0841, 
  0x0841, 0x0841, 0x0841, 0x0841, 0x0841, 0x0841, 0x0841, 0x0841, 0x0841, 0x0841, 0x0841, 0x0841, 0x0841, 0x0841, 0x0841, 0x0841, 
  0x0841, 0x0841, 0x0841, 0x0841, 0x0841, 0x0841, 0x0841, 0x0841, 0x0841, 0x0841, 0x0841, 0x0841, 0x0841, 0x0021, 0x1187, 0x1A4B, 
  0x0904, 0x0841, 0x0862, 0x0862, 0x0862, 0x0862, 0x0862, 0x0862, 0x0862, 0x0862, 0x0862, 0x0862, 0x0862, 0x0861, 0x0862, 0x0841, 
  0x0862, 0x0841, 0x0841, 0x0841, 0x0841, 0x0841, 0x0841, 0x0861, 0x0861, 0x0861, 0x0841, 0x0862, 0x0862, 0x0862, 0x0862, 0x0862, 
  0x0862, 0x0041, 0x1188, 0x1A4C, 0x0905, 0x0020, 0x0841, 0x0841, 0x0841, 0x0841, 0x0841, 0x0841, 0x0841, 0x0841, 0x0841, 0x0841, 
  0x0841, 0x0841, 0x0841, 0x0841, 0x0841, 0x0841, 0x0841, 0x0841, 0x0841, 0x0841, 0x0841, 0x0841, 0x0841, 0x0841, 0x0841, 0x0841, 
  0x0841, 0x0841, 0x0841, 0x0841, 0x0841, 0x0841, 0x0841, 0x0841, 0x0841, 0x0841, 0x0841, 0x0841, 0x0841, 0x0841, 0x0841, 0x0841, 
  0x0841, 0x0841, 0x0841, 0x0841, 0x0841, 0x0841, 0x0841, 0x0841, 0x0841, 0x0841, 0x0841, 0x0841, 0x0841, 0x0841, 0x0841, 0x0841, 
  0x0841, 0x0841, 0x0841, 0x0841, 0x0841, 0x0841, 0x0841, 0x0841, 0x0841, 0x0841, 0x0841, 0x0841, 0x0841, 0x0841, 0x0841, 0x0841, 
  0x0841, 0x0841, 0x0841, 0x0841, 0x0841, 0x0841, 0x0841, 0x0841, 0x0841, 0x0841, 0x0841, 0x0841, 0x0841, 0x0841, 0x0841, 0x0841, 
  0x0841, 0x0841, 0x0841, 0x0841, 0x0841, 0x0841, 0x0841, 0x0841, 0x0841, 0x0841, 0x0841, 0x0841, 0x0841, 0x0841, 0x0841, 0x0841, 
  0x0841, 0x0841, 0x0841, 0x0841, 0x0841, 0x0841, 0x0841, 0x0841, 0x0841, 0x0841, 0x0841, 0x0841, 0x0841, 0x0841, 0x0841, 0x0841, 
  0x0841, 0x0841, 0x0841, 0x0841, 0x0841, 0x0841, 0x0841, 0x0841, 0x0841, 0x0841, 0x0841, 0x0841, 0x0841, 0x0841, 0x0841, 0x0020, 
  0x0020, 0x0841, 0x0841, 0x0841, 0x0841, 0x0841, 0x0841, 0x0841, 0x0841, 0x0841, 0x0841, 0x0841, 0x0841, 0x0841, 0x0841, 0x0841, 
  0x0841, 0x0841, 0x0841, 0x0841, 0x0841, 0x0841, 0x0841, 0x0841, 0x0841, 0x0841, 0x0841, 0x0841, 0x0841, 0x0841, 0x0841, 0x0841, 
  0x0841, 0x0841, 0x0841, 0x0841, 0x0841, 0x0841, 0x0841, 0x0841, 0x0841, 0x0841, 0x0841, 0x0841, 0x0841, 0x0841, 0x0841, 0x0841, 
  0x0841, 0x0841, 0x0841, 0x0841, 0x0841, 0x0841, 0x0841, 0x0841, 0x0841, 0x0841, 0x0841, 0x0841, 0x0841, 0x0841, 0x0841, 0x0841, 
  0x0841, 0x0841, 0x0841, 0x0841, 0x0841, 0x0841, 0x0841, 0x0841, 0x0841, 0x0841, 0x0841, 0x0841, 0x0841, 0x0841, 0x0841, 0x0841, 
  0x0841, 0x0841, 0x0841, 0x0841, 0x0861, 0x0861, 0x0841, 0x0841, 0x0841, 0x0020, 0x0841, 0x0841, 0x0841, 0x0841, 0x0841, 0x0841, 
  0x0841, 0x0841, 0x0841, 0x0841, 0x0841, 0x0841, 0x0841, 0x0841, 0x0841, 0x0841, 0x0841, 0x0841, 0x0841, 0x0841, 0x0841, 0x0841, 
  0x0841, 0x0841, 0x0841, 0x0841, 0x0841, 0x0841, 0x0841, 0x0841, 0x0841, 0x0841, 0x0841, 0x0841, 0x0841, 0x0841, 0x0841, 0x0841, 
  0x0841, 0x0841, 0x0841, 0x0841, 0x0841, 0x0841, 0x0841, 0x0841, 0x0841, 0x0841, 0x0841, 0x0841, 0x0841, 0x0061, 0x11C8, 0x1A2B, 
  0x0905, 0x0841, 0x0882, 0x0862, 0x0862, 0x0882, 0x0862, 0x0882, 0x0862, 0x0882, 0x0862, 0x0862, 0x0862, 0x0862, 0x0862, 0x0861, 
  0x0862, 0x0861, 0x0861, 0x0861, 0x0841, 0x0861, 0x0861, 0x0862, 0x0862, 0x0862, 0x0862, 0x0862, 0x0862, 0x0862, 0x0882, 0x0862, 
  0x0882, 0x0062, 0x11A8, 0x122B, 0x0946, 0x0820, 0x0841, 0x0841, 0x0841, 0x0841, 0x0841, 0x0841, 0x0841, 0x0841, 0x0841, 0x0841, 
  0x0841, 0x0841, 0x0841, 0x0841, 0x0841, 0x0841, 0x0841, 0x0841, 0x0841, 0x0841, 0x0841, 0x0841, 0x0841, 0x0841, 0x0841, 0x0841, 
  0x0841, 0x0841, 0x0841, 0x0841, 0x0841, 0x0841, 0x0841, 0x0841, 0x0841, 0x0841, 0x0841, 0x0841, 0x0841, 0x0841, 0x0841, 0x0841, 
  0x0841, 0x0841, 0x0841, 0x0841, 0x0841, 0x0841, 0x0841, 0x0841, 0x0841, 0x0841, 0x0841, 0x0841, 0x0841, 0x0841, 0x0841, 0x0841, 
  0x0841, 0x0841, 0x0841, 0x0841, 0x0841, 0x0841, 0x0841, 0x0841, 0x0841, 0x0841, 0x0841, 0x0841, 0x0841, 0x0841, 0x0841, 0x0841, 
  0x0841, 0x0841, 0x0841, 0x0841, 0x0841, 0x0841, 0x0841, 0x0841, 0x0841, 0x0841, 0x0841, 0x0841, 0x0841, 0x0841, 0x0841, 0x0841, 
  0x0841, 0x0841, 0x0841, 0x0841, 0x0841, 0x0841, 0x0841, 0x0841, 0x0841, 0x0841, 0x0841, 0x0841, 0x0841, 0x0841, 0x0841, 0x0841, 
  0x0841, 0x0841, 0x0841, 0x0841, 0x0841, 0x0841, 0x0841, 0x0841, 0x0841, 0x0841, 0x0841, 0x0841, 0x0841, 0x0841, 0x0841, 0x0841, 
  0x0841, 0x0841, 0x0841, 0x0841, 0x0841, 0x0841, 0x0841, 0x0841, 0x0841, 0x0841, 0x0841, 0x0841, 0x0841, 0x0841, 0x0841, 0x0020, 
  0x0020, 0x0841, 0x0841, 0x0841, 0x0841, 0x0841, 0x0841, 0x0841, 0x0841, 0x0841, 0x0841, 0x0841, 0x0841, 0x0841, 0x0841, 0x0841, 
  0x0841, 0x0841, 0x0841, 0x0841, 0x0841, 0x0841, 0x0841, 0x0841, 0x0841, 0x0841, 0x0841, 0x0841, 0x0841, 0x0841, 0x0841, 0x0841, 
  0x0841, 0x0841, 0x0841, 0x0841, 0x0841, 0x0841, 0x0841, 0x0841, 0x0841, 0x0841, 0x0841, 0x0841, 0x0841, 0x0841, 0x0841, 0x0841, 
  0x0841, 0x0841, 0x0841, 0x0841, 0x0841, 0x0841, 0x0841, 0x0841, 0x0841, 0x0841, 0x0841, 0x0841, 0x0841, 0x0841, 0x0841, 0x0841, 
  0x0841, 0x0841, 0x0841, 0x0841, 0x0841, 0x0841, 0x0841, 0x0841, 0x0841, 0x0841, 0x0841, 0x0841, 0x0020, 0x0841, 0x0861, 0x1082, 
  0x10A2, 0x10A2, 0x1082, 0x1082, 0x10A2, 0x10A2, 0x10A2, 0x10A2, 0x1082, 0x1082, 0x0861, 0x0841, 0x0020, 0x0841, 0x0841, 0x0020, 
  0x0841, 0x0841, 0x0841, 0x0841, 0x0841, 0x0841, 0x0841, 0x0841, 0x0841, 0x0841, 0x0841, 0x0841, 0x0841, 0x0841, 0x0841, 0x0841, 
  0x0841, 0x0841, 0x0841, 0x0841, 0x0841, 0x0841, 0x0841, 0x0841, 0x0841, 0x0841, 0x0841, 0x0841, 0x0841, 0x0841, 0x0841, 0x0841, 
  0x0841, 0x0841, 0x0841, 0x0841, 0x0841, 0x0841, 0x0841, 0x0841, 0x0841, 0x0841, 0x0841, 0x0841, 0x0840, 0x0882, 0x11C8, 0x120A, 
  0x0946, 0x0062, 0x08A3, 0x0883, 0x0883, 0x08A3, 0x0883, 0x0883, 0x0883, 0x08A3, 0x0882, 0x0882, 0x0882, 0x0862, 0x0862, 0x0862, 
  0x0862, 0x0861, 0x0841, 0x0861, 0x0841, 0x0861, 0x0862, 0x0862, 0x0863, 0x0883, 0x0883, 0x0883, 0x0883, 0x0883, 0x08A3, 0x0883, 
  0x0882, 0x0882, 0x11C9, 0x11EA, 0x0966, 0x0820, 0x0841, 0x0841, 0x0841, 0x0841, 0x0841, 0x0841, 0x0841, 0x0841, 0x0841, 0x0841, 
  0x0841, 0x0841, 0x0841, 0x0841, 0x0841, 0x0841, 0x0841, 0x0841, 0x0841, 0x0841, 0x0841, 0x0841, 0x0841, 0x0841, 0x0841, 0x0841, 
  0x0841, 0x0841, 0x0841, 0x0841, 0x0841, 0x0841, 0x0841, 0x0841, 0x0841, 0x0841, 0x0841, 0x0841, 0x0841, 0x0841, 0x0841, 0x0841, 
  0x0841, 0x0841, 0x0841, 0x0841, 0x0841, 0x0841, 0x0841, 0x0841, 0x0841, 0x0841, 0x0841, 0x0841, 0x0841, 0x0841, 0x0841, 0x0841, 
  0x0841, 0x0841, 0x0841, 0x0841, 0x0841, 0x0841, 0x0841, 0x0841, 0x0841, 0x0841, 0x0841, 0x0841, 0x0841, 0x0841, 0x0841, 0x0841, 
  0x0841, 0x0841, 0x0841, 0x0841, 0x0841, 0x0841, 0x0841, 0x0841, 0x0841, 0x0841, 0x0841, 0x0841, 0x0841, 0x0841, 0x0841, 0x0841, 
  0x0841, 0x0841, 0x0841, 0x0841, 0x0841, 0x0841, 0x0841, 0x0841, 0x0841, 0x0841, 0x0841, 0x0841, 0x0841, 0x0841, 0x0841, 0x0841, 
  0x0841, 0x0841, 0x0841, 0x0841, 0x0841, 0x0841, 0x0841, 0x0841, 0x0841, 0x0841, 0x0841, 0x0841, 0x0841, 0x0841, 0x0841, 0x0841, 
  0x0841, 0x0841, 0x0841, 0x0841, 0x0841, 0x0841, 0x0841, 0x0841, 0x0841, 0x0841, 0x0841, 0x0841, 0x0841, 0x0841, 0x0841, 0x0020, 
  0x0020, 0x0841, 0x0841, 0x0841, 0x0841, 0x0841, 0x0841, 0x0841, 0x0841, 0x0841, 0x0841, 0x0841, 0x0841, 0x0841, 0x0841, 0x0841, 
  0x0841, 0x0841, 0x0841, 0x0841, 0x0841, 0x0841, 0x0841, 0x0841, 0x0841, 0x0841, 0x0841, 0x0841, 0x0841, 0x0841, 0x0841, 0x0841, 
  0x0841, 0x0841, 0x0841, 0x0841, 0x0841, 0x0841, 0x0841, 0x0841, 0x0841, 0x0841, 0x0841, 0x0841, 0x0841, 0x0841, 0x0841, 0x0841, 
  0x0841, 0x0841, 0x0841, 0x0841, 0x0841, 0x0841, 0x0841, 0x0841, 0x0841, 0x0841, 0x0841, 0x0841, 0x0841, 0x0841, 0x0841, 0x0841, 
  0x0841, 0x0841, 0x0841, 0x0841, 0x0841, 0x0841, 0x0841, 0x0841, 0x0841, 0x0841, 0x0020, 0x0861, 0x1082, 0x10A2, 0x1082, 0x0861, 
  0x0841, 0x0841, 0x0841, 0x0841, 0x0020, 0x0841, 0x0841, 0x0841, 0x0841, 0x0861, 0x1082, 0x10A2, 0x10A2, 0x0861, 0x0020, 0x1082, 
  0x0841, 0x0841, 0x0841, 0x0841, 0x0841, 0x0841, 0x0841, 0x0841, 0x0841, 0x0020, 0x0841, 0x0841, 0x0020, 0x0861, 0x0841, 0x0841, 
  0x0841, 0x0841, 0x0841, 0x0841, 0x0841, 0x0841, 0x0841, 0x0841, 0x0841, 0x0841, 0x0841, 0x0841, 0x0841, 0x0841, 0x0841, 0x0841, 
  0x0841, 0x0841, 0x0841, 0x0841, 0x0841, 0x0841, 0x0841, 0x0841, 0x0841, 0x0841, 0x0841, 0x0841, 0x0820, 0x0882, 0x11C8, 0x120A, 
  0x0967, 0x0862, 0x08A3, 0x0883, 0x08A4, 0x08A4, 0x08A3, 0x08A3, 0x0883, 0x08A3, 0x0883, 0x0883, 0x0882, 0x0862, 0x0862, 0x0861, 
  0x0862, 0x0861, 0x0841, 0x0861, 0x0862, 0x0882, 0x0882, 0x0883, 0x0883, 0x0883, 0x0883, 0x08A4, 0x08A4, 0x08A3, 0x08A3, 0x0883, 
  0x0883, 0x0883, 0x11E9, 0x11E9, 0x1167, 0x0821, 0x0841, 0x0841, 0x0841, 0x0841, 0x0841, 0x0841, 0x0841, 0x0841, 0x0841, 0x0841, 
  0x0841, 0x0841, 0x0841, 0x0841, 0x0841, 0x0841, 0x0841, 0x0841, 0x0841, 0x0841, 0x0841, 0x0841, 0x0841, 0x0841, 0x0841, 0x0841, 
  0x0841, 0x0841, 0x0841, 0x0841, 0x0841, 0x0841, 0x0841, 0x0841, 0x0841, 0x0841, 0x0841, 0x0841, 0x0841, 0x0841, 0x0841, 0x0841, 
  0x0841, 0x0841, 0x0841, 0x0841, 0x0841, 0x0841, 0x0841, 0x0841, 0x0841, 0x0841, 0x0841, 0x0841, 0x0841, 0x0841, 0x0841, 0x0841, 
  0x0841, 0x0841, 0x0841, 0x0841, 0x0841, 0x0841, 0x0841, 0x0841, 0x0841, 0x0841, 0x0841, 0x0841, 0x0841, 0x0841, 0x0841, 0x0841, 
  0x0841, 0x0841, 0x0841, 0x0841, 0x0841, 0x0841, 0x0841, 0x0841, 0x0841, 0x0841, 0x0841, 0x0841, 0x0841, 0x0841, 0x0841, 0x0841, 
  0x0841, 0x0841, 0x0841, 0x0841, 0x0841, 0x0841, 0x0841, 0x0841, 0x0841, 0x0841, 0x0841, 0x0841, 0x0841, 0x0841, 0x0841, 0x0841, 
  0x0841, 0x0841, 0x0841, 0x0841, 0x0841, 0x0841, 0x0841, 0x0841, 0x0841, 0x0841, 0x0841, 0x0841, 0x0841, 0x0841, 0x0841, 0x0841, 
  0x0841, 0x0841, 0x0841, 0x0841, 0x0841, 0x0841, 0x0841, 0x0841, 0x0841, 0x0841, 0x0841, 0x0841, 0x0841, 0x0841, 0x0841, 0x0020, 
  0x0020, 0x0841, 0x0841, 0x0841, 0x0841, 0x0841, 0x0841, 0x0841, 0x0841, 0x0841, 0x0841, 0x0841, 0x0841, 0x0841, 0x0841, 0x0841, 
  0x0841, 0x0841, 0x0841, 0x0841, 0x0841, 0x0841, 0x0841, 0x0841, 0x0841, 0x0841, 0x0841, 0x0841, 0x0841, 0x0841, 0x0841, 0x0841, 
  0x0841, 0x0841, 0x0841, 0x0841, 0x0841, 0x0841, 0x0841, 0x0841, 0x0841, 0x0841, 0x0841, 0x0841, 0x0841, 0x0841, 0x0841, 0x0841, 
  0x0841, 0x0841, 0x0841, 0x0841, 0x0841, 0x0841, 0x0841, 0x0841, 0x0841, 0x0841, 0x0841, 0x0841, 0x0841, 0x0841, 0x0841, 0x0841, 
  0x0841, 0x0841, 0x0841, 0x0841, 0x0841, 0x0841, 0x0841, 0x0841, 0x0841, 0x0861, 0x10A2, 0x10A2, 0x0861, 0x0841, 0x0020, 0x0841, 
  0x0841, 0x0841, 0x0841, 0x0841, 0x0841, 0x0841, 0x0841, 0x0841, 0x0841, 0x0841, 0x0020, 0x0841, 0x0861, 0x1082, 0x3186, 0x2104, 
  0x0020, 0x0841, 0x0841, 0x0841, 0x0841, 0x0841, 0x0841, 0x0841, 0x0841, 0x18E3, 0x1082, 0x2124, 0x0861, 0x2104, 0x0861, 0x0841, 
  0x0841, 0x0841, 0x0841, 0x0841, 0x0841, 0x0841, 0x0841, 0x0841, 0x0841, 0x0841, 0x0841, 0x0841, 0x0841, 0x0841, 0x0841, 0x0841, 
  0x0841, 0x0841, 0x0841, 0x0841, 0x0841, 0x0841, 0x0841, 0x0841, 0x0841, 0x0841, 0x0841, 0x0841, 0x0820, 0x0882, 0x11C9, 0x1A0A, 
  0x1188, 0x0883, 0x08A4, 0x08A4, 0x08C4, 0x08C4, 0x08C4, 0x08C4, 0x08C4, 0x08A4, 0x08A4, 0x08A3, 0x0883, 0x0883, 0x0883, 0x0882, 
  0x0882, 0x0862, 0x0862, 0x0862, 0x0862, 0x0883, 0x0883, 0x08A3, 0x08A3, 0x08A4, 0x08A4, 0x08C4, 0x08C4, 0x08C4, 0x08C4, 0x08A4, 
  0x08A4, 0x08A4, 0x120A, 0x11C8, 0x1187, 0x0841, 0x0841, 0x0841, 0x0841, 0x0841, 0x0841, 0x0841, 0x0841, 0x0841, 0x0841, 0x0841, 
  0x0841, 0x0841, 0x0841, 0x0841, 0x0841, 0x0841, 0x0841, 0x0841, 0x0841, 0x0841, 0x0841, 0x0841, 0x0841, 0x0841, 0x0841, 0x0841, 
  0x0841, 0x0841, 0x0841, 0x0841, 0x0841, 0x0841, 0x0841, 0x0841, 0x0841, 0x0841, 0x0841, 0x0841, 0x0841, 0x0841, 0x0841, 0x0841, 
  0x0841, 0x0841, 0x0841, 0x0841, 0x0841, 0x0841, 0x0841, 0x0841, 0x0841, 0x0841, 0x0841, 0x0841, 0x0841, 0x0841, 0x0841, 0x0841, 
  0x0841, 0x0841, 0x0841, 0x0841, 0x0841, 0x0841, 0x0841, 0x0841, 0x0841, 0x0841, 0x0841, 0x0841, 0x0841, 0x0841, 0x0841, 0x0841, 
  0x0841, 0x0841, 0x0841, 0x0841, 0x0841, 0x0841, 0x0841, 0x0841, 0x0841, 0x0841, 0x0841, 0x0841, 0x0841, 0x0841, 0x0841, 0x0841, 
  0x0841, 0x0841, 0x0841, 0x0841, 0x0841, 0x0841, 0x0841, 0x0841, 0x0841, 0x0841, 0x0841, 0x0841, 0x0841, 0x0841, 0x0841, 0x0841, 
  0x0841, 0x0841, 0x0841, 0x0841, 0x0841, 0x0841, 0x0841, 0x0841, 0x0841, 0x0841, 0x0841, 0x0841, 0x0841, 0x0841, 0x0841, 0x0841, 
  0x0841, 0x0841, 0x0841, 0x0841, 0x0841, 0x0841, 0x0841, 0x0841, 0x0841, 0x0841, 0x0841, 0x0841, 0x0841, 0x0841, 0x0841, 0x0020, 
  0x0020, 0x0841, 0x0841, 0x0841, 0x0841, 0x0841, 0x0841, 0x0841, 0x0841, 0x0841, 0x0841, 0x0841, 0x0841, 0x0841, 0x0841, 0x0841, 
  0x0841, 0x0841, 0x0841, 0x0841, 0x0841, 0x0841, 0x0841, 0x0841, 0x0841, 0x0841, 0x0841, 0x0841, 0x0841, 0x0841, 0x0841, 0x0841, 
  0x0841, 0x0841, 0x0841, 0x0841, 0x0841, 0x0841, 0x0841, 0x0841, 0x0841, 0x0841, 0x0841, 0x0841, 0x0841, 0x0841, 0x0841, 0x0841, 
  0x0841, 0x0841, 0x0841, 0x0841, 0x0841, 0x0841, 0x0841, 0x0841, 0x0841, 0x0841, 0x0841, 0x0841, 0x0841, 0x0841, 0x0841, 0x0841, 
  0x0841, 0x0841, 0x0841, 0x0841, 0x0841, 0x0841, 0x0020, 0x0020, 0x0861, 0x10A2, 0x0861, 0x0020, 0x0841, 0x0841, 0x0841, 0x0841, 
  0x0841, 0x0841, 0x0841, 0x0841, 0x0841, 0x0841, 0x0841, 0x0841, 0x0841, 0x0841, 0x0841, 0x0841, 0x0841, 0x0020, 0x2104, 0x0841, 
  0x0841, 0x0841, 0x0841, 0x0841, 0x0841, 0x0841, 0x0841, 0x0841, 0x0841, 0x2945, 0x1082, 0x2124, 0x10A2, 0x31A6, 0x0841, 0x0841, 
  0x0841, 0x0841, 0x0841, 0x0841, 0x0841, 0x0841, 0x0841, 0x0841, 0x0841, 0x0841, 0x0841, 0x0841, 0x0841, 0x0841, 0x0841, 0x0841, 
  0x0841, 0x0841, 0x0841, 0x0841, 0x0841, 0x0841, 0x0841, 0x0841, 0x0841, 0x0841, 0x0841, 0x0841, 0x0820, 0x0882, 0x11A8, 0x1A4B, 
  0x0947, 0x0883, 0x08C4, 0x08C4, 0x08C4, 0x08C5, 0x08C5, 0x08C5, 0x08C4, 0x08C4, 0x08A4, 0x08A3, 0x0883, 0x0883, 0x0883, 0x0862, 
  0x0862, 0x0862, 0x0862, 0x0862, 0x0883, 0x0883, 0x08A3, 0x08A3, 0x08C4, 0x08C4, 0x08C4, 0x08C5, 0x08C5, 0x08C5, 0x08C5, 0x08C4, 
  0x08C4, 0x0883, 0x120A, 0x09A8, 0x1146, 0x0821, 0x0841, 0x0841, 0x0841, 0x0841, 0x0841, 0x0841, 0x0841, 0x0841, 0x0841, 0x0841, 
  0x0841, 0x0841, 0x0841, 0x0841, 0x0841, 0x0841, 0x0841, 0x0841, 0x0841, 0x0841, 0x0841, 0x0841, 0x0841, 0x0841, 0x0841, 0x0841, 
  0x0841, 0x0841, 0x0841, 0x0841, 0x0841, 0x0841, 0x0841, 0x0841, 0x0841, 0x0841, 0x0841, 0x0841, 0x0841, 0x0841, 0x0841, 0x0841, 
  0x0841, 0x0841, 0x0841, 0x0841, 0x0841, 0x0841, 0x0841, 0x0841, 0x0841, 0x0841, 0x0841, 0x0841, 0x0841, 0x0841, 0x0841, 0x0841, 
  0x0841, 0x0841, 0x0841, 0x0841, 0x0841, 0x0841, 0x0841, 0x0841, 0x0841, 0x0841, 0x0841, 0x0841, 0x0841, 0x0841, 0x0841, 0x0841, 
  0x0841, 0x0841, 0x0841, 0x0841, 0x0841, 0x0841, 0x0841, 0x0841, 0x0841, 0x0841, 0x0841, 0x0841, 0x0841, 0x0841, 0x0841, 0x0841, 
  0x0841, 0x0841, 0x0841, 0x0841, 0x0841, 0x0841, 0x0841, 0x0841, 0x0841, 0x0841, 0x0841, 0x0841, 0x0841, 0x0841, 0x0841, 0x0841, 
  0x0841, 0x0841, 0x0841, 0x0841, 0x0841, 0x0841, 0x0841, 0x0841, 0x0841, 0x0841, 0x0841, 0x0841, 0x0841, 0x0841, 0x0841, 0x0841, 
  0x0841, 0x0841, 0x0841, 0x0841, 0x0841, 0x0841, 0x0841, 0x0841, 0x0841, 0x0841, 0x0841, 0x0841, 0x0841, 0x0841, 0x0841, 0x0020, 
  0x0020, 0x0841, 0x0841, 0x0841, 0x0841, 0x0841, 0x0841, 0x0841, 0x0841, 0x0841, 0x0841, 0x0841, 0x0841, 0x0841, 0x0841, 0x0841, 
  0x0841, 0x0841, 0x0841, 0x0841, 0x0841, 0x0841, 0x0841, 0x0841, 0x0841, 0x0841, 0x0841, 0x0841, 0x0841, 0x0841, 0x0841, 0x0841, 
  0x0841, 0x0841, 0x0841, 0x0841, 0x0841, 0x0841, 0x0841, 0x0841, 0x0841, 0x0841, 0x0841, 0x0841, 0x0841, 0x0841, 0x0841, 0x0841, 
  0x0841, 0x0841, 0x0841, 0x0841, 0x0841, 0x0841, 0x0841, 0x0841, 0x0841, 0x0841, 0x0841, 0x0841, 0x0841, 0x0841, 0x0841, 0x0841, 
  0x0841, 0x0841, 0x0841, 0x0841, 0x0841, 0x0841, 0x2124, 0x3186, 0x10A2, 0x0020, 0x0841, 0x0841, 0x0841, 0x0841, 0x0841, 0x0841, 
  0x0841, 0x0841, 0x0841, 0x0841, 0x0861, 0x0841, 0x0841, 0x0841, 0x0841, 0x0841, 0x0841, 0x0841, 0x0020, 0x10A2, 0x10A2, 0x0020, 
  0x0841, 0x0841, 0x0841, 0x0841, 0x0841, 0x0841, 0x0841, 0x0841, 0x0841, 0x0020, 0x0020, 0x1082, 0x0020, 0x0861, 0x0841, 0x0841, 
  0x0841, 0x0841, 0x0841, 0x0841, 0x0841, 0x0841, 0x0841, 0x0841, 0x0841, 0x0841, 0x0841, 0x0841, 0x0841, 0x0841, 0x0841, 0x0841, 
  0x0841, 0x0841, 0x0841, 0x0841, 0x0841, 0x0841, 0x0841, 0x0841, 0x0841, 0x0841, 0x0841, 0x0841, 0x0020, 0x08E4, 0x11E9, 0x12AC, 
  0x0946, 0x0063, 0x00A4, 0x00A4, 0x08C4, 0x08E5, 0x08E5, 0x0905, 0x0905, 0x0905, 0x08E5, 0x08C4, 0x08A4, 0x08A3, 0x0883, 0x0883, 
  0x0882, 0x0862, 0x0862, 0x0883, 0x0883, 0x08A3, 0x08C4, 0x08C4, 0x08E5, 0x08E5, 0x08E5, 0x0905, 0x08E5, 0x08C5, 0x00A4, 0x00A4, 
  0x00A4, 0x0063, 0x122B, 0x09E9, 0x1209, 0x0882, 0x0821, 0x0841, 0x0841, 0x0841, 0x0841, 0x0841, 0x0841, 0x0841, 0x0841, 0x0841, 
  0x0841, 0x0841, 0x0841, 0x0841, 0x0841, 0x0841, 0x0841, 0x0841, 0x0841, 0x0841, 0x0841, 0x0841, 0x0841, 0x0841, 0x0841, 0x0841, 
  0x0841, 0x0841, 0x0841, 0x0841, 0x0841, 0x0841, 0x0841, 0x0841, 0x0841, 0x0841, 0x0841, 0x0841, 0x0841, 0x0841, 0x0841, 0x0841, 
  0x0841, 0x0841, 0x0841, 0x0841, 0x0841, 0x0841, 0x0841, 0x0841, 0x0841, 0x0841, 0x0020, 0x0841, 0x0020, 0x0841, 0x0841, 0x0841, 
  0x0841, 0x0841, 0x0841, 0x0841, 0x0841, 0x0841, 0x0841, 0x0841, 0x0841, 0x0841, 0x0841, 0x0841, 0x0841, 0x0841, 0x0841, 0x0841, 
  0x0841, 0x0841, 0x0841, 0x0841, 0x0020, 0x0020, 0x0020, 0x0841, 0x0841, 0x0841, 0x0841, 0x0841, 0x0841, 0x0841, 0x0841, 0x0841, 
  0x0841, 0x0841, 0x0020, 0x0841, 0x0841, 0x0841, 0x0841, 0x0841, 0x0841, 0x0841, 0x0841, 0x0841, 0x0841, 0x0841, 0x0841, 0x0841, 
  0x0841, 0x0841, 0x0841, 0x0841, 0x0841, 0x0841, 0x0841, 0x0841, 0x0841, 0x0841, 0x0841, 0x0841, 0x0841, 0x0841, 0x0841, 0x0841, 
  0x0841, 0x0841, 0x0841, 0x0841, 0x0841, 0x0841, 0x0841, 0x0841, 0x0841, 0x0841, 0x0841, 0x0841, 0x0841, 0x0841, 0x0841, 0x0020, 
  0x0020, 0x0841, 0x0841, 0x0841, 0x0841, 0x0841, 0x0841, 0x0841, 0x0841, 0x0841, 0x0841, 0x0841, 0x0841, 0x0841, 0x0841, 0x0841, 
  0x0841, 0x0841, 0x0841, 0x0841, 0x0841, 0x0841, 0x0841, 0x0841, 0x0841, 0x0841, 0x0841, 0x0841, 0x0841, 0x0841, 0x0841, 0x0841, 
  0x0841, 0x0841, 0x0841, 0x0841, 0x0841, 0x0841, 0x0841, 0x0841, 0x0841, 0x0841, 0x0841, 0x0841, 0x0841, 0x0841, 0x0841, 0x0841, 
  0x0841, 0x0841, 0x0841, 0x0841, 0x0841, 0x0841, 0x0841, 0x0841, 0x0841, 0x0841, 0x0841, 0x0841, 0x0841, 0x0841, 0x0841, 0x0841, 
  0x0841, 0x0841, 0x0841, 0x0841, 0x0841, 0x0861, 0x18C3, 0x10A2, 0x0841, 0x0841, 0x0841, 0x0841, 0x0841, 0x0841, 0x0841, 0x0841, 
  0x0841, 0x0841, 0x0841, 0x0841, 0x18E3, 0x0841, 0x0841, 0x0841, 0x0841, 0x0841, 0x0841, 0x0841, 0x0861, 0x18E3, 0x0020, 0x0841, 
  0x0841, 0x0841, 0x0841, 0x0841, 0x0841, 0x0841, 0x0841, 0x0841, 0x0861, 0x0861, 0x0841, 0x18C3, 0x0841, 0x18E3, 0x0861, 0x0841, 
  0x0841, 0x0841, 0x0841, 0x0841, 0x0841, 0x0841, 0x0841, 0x0841, 0x0841, 0x0841, 0x0841, 0x0841, 0x0841, 0x0841, 0x0841, 0x0841, 
  0x0841, 0x0841, 0x0841, 0x0841, 0x0841, 0x0841, 0x0841, 0x0841, 0x0841, 0x0841, 0x0841, 0x0841, 0x0000, 0x0987, 0x120A, 0x1A8B, 
  0x00C5, 0x43B0, 0x3C32, 0x234F, 0x126B, 0x01A8, 0x0127, 0x0106, 0x00C5, 0x00C5, 0x00A4, 0x0084, 0x0884, 0x0883, 0x0883, 0x0862, 
  0x0882, 0x0862, 0x0862, 0x0883, 0x0883, 0x0883, 0x0083, 0x0084, 0x00A4, 0x00C5, 0x00E5, 0x0127, 0x0188, 0x124B, 0x234F, 0x33F1, 
  0x4CB4, 0x19E9, 0x11E9, 0x122A, 0x124B, 0x0905, 0x0020, 0x0841, 0x0841, 0x0841, 0x0841, 0x0841, 0x0841, 0x0841, 0x0841, 0x0841, 
  0x0841, 0x0841, 0x0841, 0x0841, 0x0841, 0x0841, 0x0841, 0x0841, 0x0841, 0x0841, 0x0841, 0x0841, 0x0841, 0x0841, 0x0841, 0x0841, 
  0x0841, 0x0841, 0x0841, 0x0841, 0x0841, 0x0841, 0x0841, 0x0841, 0x0841, 0x0841, 0x0841, 0x0841, 0x0841, 0x0841, 0x0841, 0x0841, 
  0x0841, 0x0841, 0x0841, 0x0841, 0x0841, 0x0841, 0x0020, 0x0000, 0x0000, 0x0861, 0x0861, 0x0861, 0x1082, 0x0841, 0x0020, 0x0841, 
  0x0020, 0x0841, 0x0841, 0x0841, 0x0841, 0x0841, 0x0841, 0x0841, 0x0841, 0x0841, 0x0841, 0x0841, 0x0841, 0x0841, 0x0841, 0x0841, 
  0x0841, 0x0841, 0x0841, 0x0861, 0x10A2, 0x1082, 0x1082, 0x0861, 0x0841, 0x0841, 0x0841, 0x0841, 0x0841, 0x0841, 0x0841, 0x0841, 
  0x0841, 0x0841, 0x0861, 0x18C3, 0x18C3, 0x1082, 0x0841, 0x0841, 0x0841, 0x0841, 0x0841, 0x0841, 0x0841, 0x0841, 0x0841, 0x0841, 
  0x0841, 0x0841, 0x0841, 0x1082, 0x1082, 0x0841, 0x1082, 0x0861, 0x0841, 0x0841, 0x0841, 0x0841, 0x0841, 0x0841, 0x0841, 0x0841, 
  0x0841, 0x0841, 0x0841, 0x0841, 0x0841, 0x0841, 0x0841, 0x0841, 0x0841, 0x0841, 0x0841, 0x0841, 0x0841, 0x0841, 0x0841, 0x0020, 
  0x0020, 0x0841, 0x0841, 0x0841, 0x0841, 0x0841, 0x0841, 0x0841, 0x0841, 0x0841, 0x0841, 0x0841, 0x0841, 0x0841, 0x0841, 0x0841, 
  0x0841, 0x0841, 0x0841, 0x0841, 0x0841, 0x0841, 0x0841, 0x0841, 0x0841, 0x0841, 0x0841, 0x0841, 0x0841, 0x0841, 0x0841, 0x0841, 
  0x0841, 0x0841, 0x0841, 0x0841, 0x0841, 0x0841, 0x0841, 0x0841, 0x0841, 0x0841, 0x0841, 0x0841, 0x0841, 0x0841, 0x0841, 0x0841, 
  0x0841, 0x0841, 0x0841, 0x0841, 0x0841, 0x0841, 0x0841, 0x0841, 0x0841, 0x0841, 0x0841, 0x0841, 0x0841, 0x0841, 0x0841, 0x0841, 
  0x0841, 0x0841, 0x0841, 0x0841, 0x0861, 0x1082, 0x0020, 0x0020, 0x0841, 0x0841, 0x0841, 0x0841, 0x0841, 0x0841, 0x0841, 0x0841, 
  0x0841, 0x0841, 0x0841, 0x0841, 0x18C3, 0x0841, 0x0841, 0x0020, 0x0841, 0x0841, 0x0841, 0x0020, 0x18E3, 0x1082, 0x0020, 0x0841, 
  0x0841, 0x0841, 0x0841, 0x0841, 0x0841, 0x0841, 0x0841, 0x0020, 0x1082, 0x1082, 0x0020, 0x10A2, 0x0000, 0x2124, 0x0861, 0x0841, 
  0x0841, 0x0861, 0x0841, 0x0841, 0x0841, 0x0841, 0x0841, 0x0841, 0x0841, 0x0841, 0x0841, 0x0841, 0x0841, 0x0841, 0x0841, 0x0841, 
  0x0841, 0x0841, 0x0841, 0x0841, 0x0841, 0x0841, 0x0841, 0x0841, 0x0841, 0x0841, 0x0841, 0x0841, 0x0020, 0x1188, 0x11A9, 0x1AAC, 
  0x11E9, 0x6515, 0x4D77, 0x8F3D, 0x8E7B, 0x7619, 0x5D57, 0x4CD5, 0x3C32, 0x3390, 0x22CD, 0x1A4B, 0x11A8, 0x0946, 0x0905, 0x08C4, 
  0x08A3, 0x00A3, 0x08C4, 0x08E4, 0x0905, 0x1147, 0x1A09, 0x22CD, 0x234F, 0x33B1, 0x3C53, 0x5556, 0x75F9, 0x8E7B, 0x96FC, 0x76BB, 
  0x5598, 0x438F, 0x126B, 0x1209, 0x120A, 0x08E4, 0x0820, 0x0841, 0x0841, 0x0841, 0x0841, 0x0841, 0x0841, 0x0841, 0x0841, 0x0841, 
  0x0841, 0x0841, 0x0841, 0x0841, 0x0841, 0x0841, 0x0841, 0x0841, 0x0841, 0x0841, 0x0841, 0x0841, 0x0841, 0x0841, 0x0841, 0x0841, 
  0x0841, 0x0841, 0x0841, 0x0841, 0x0841, 0x0841, 0x0841, 0x0841, 0x0841, 0x0841, 0x0841, 0x0841, 0x0841, 0x0841, 0x0841, 0x0841, 
  0x0841, 0x0841, 0x0020, 0x0020, 0x0841, 0x0861, 0x18C3, 0x39E7, 0x39E7, 0x2104, 0x18C3, 0x4228, 0x738E, 0x528A, 0x18C3, 0x0861, 
  0x1082, 0x0841, 0x0020, 0x0841, 0x0841, 0x0841, 0x0841, 0x0841, 0x0841, 0x0841, 0x0841, 0x0841, 0x0841, 0x0841, 0x0841, 0x0841, 
  0x0841, 0x0841, 0x0841, 0x10A2, 0x2104, 0x2124, 0x18E3, 0x1082, 0x0841, 0x0841, 0x0841, 0x0841, 0x0841, 0x0841, 0x0841, 0x0841, 
  0x0020, 0x18C3, 0x2965, 0x0841, 0x0861, 0x0861, 0x0841, 0x0841, 0x0841, 0x0841, 0x0841, 0x0841, 0x0841, 0x0841, 0x0841, 0x0841, 
  0x0841, 0x0841, 0x0841, 0x1082, 0x0861, 0x0861, 0x0861, 0x1082, 0x0841, 0x0841, 0x0841, 0x0841, 0x0841, 0x0841, 0x0841, 0x0841, 
  0x0841, 0x0841, 0x0841, 0x0841, 0x0841, 0x0841, 0x0841, 0x0841, 0x0841, 0x0841, 0x0841, 0x0841, 0x0841, 0x0841, 0x0841, 0x0020, 
  0x0020, 0x0841, 0x0841, 0x0841, 0x0841, 0x0841, 0x0841, 0x0841, 0x0841, 0x0841, 0x0841, 0x0841, 0x0841, 0x0841, 0x0841, 0x0841, 
  0x0841, 0x0841, 0x0841, 0x0841, 0x0841, 0x0841, 0x0841, 0x0841, 0x0841, 0x0841, 0x0841, 0x0841, 0x0841, 0x0841, 0x0841, 0x0841, 
  0x0841, 0x0841, 0x0841, 0x0841, 0x0841, 0x0841, 0x0841, 0x0841, 0x0841, 0x0841, 0x0841, 0x0841, 0x0841, 0x0841, 0x0841, 0x0841, 
  0x0841, 0x0841, 0x0841, 0x0841, 0x0841, 0x0841, 0x0841, 0x0841, 0x0841, 0x0841, 0x0841, 0x0841, 0x0841, 0x0841, 0x0841, 0x0841, 
  0x0841, 0x0841, 0x0841, 0x0861, 0x1082, 0x0841, 0x0841, 0x0841, 0x0841, 0x0841, 0x0841, 0x0841, 0x0841, 0x0841, 0x0841, 0x0020, 
  0x0000, 0x0841, 0x0841, 0x0841, 0x18E3, 0x0841, 0x0861, 0x18C3, 0x0000, 0x0020, 0x0020, 0x1082, 0x18C3, 0x0020, 0x0841, 0x0841, 
  0x0861, 0x0861, 0x0841, 0x0841, 0x0841, 0x0841, 0x0841, 0x0020, 0x10A2, 0x2104, 0x1082, 0x2124, 0x0861, 0x2945, 0x0861, 0x0841, 
  0x0841, 0x0841, 0x0841, 0x0841, 0x0841, 0x0841, 0x0841, 0x0841, 0x0841, 0x0841, 0x0841, 0x0841, 0x0841, 0x0841, 0x0841, 0x0841, 
  0x0841, 0x0841, 0x0841, 0x0841, 0x0841, 0x0841, 0x0841, 0x0841, 0x0841, 0x0841, 0x0841, 0x0841, 0x0020, 0x11A8, 0x1A2A, 0x11E9, 
  0x3390, 0x6D77, 0x4D97, 0x7EBB, 0x9E1A, 0xA65A, 0xA67B, 0xA69B, 0x969B, 0x86BC, 0x76DC, 0x669B, 0x5556, 0x1B2F, 0x1AED, 0x1ACC, 
  0x1AAC, 0x128C, 0x128C, 0x1AAC, 0x1AED, 0x3412, 0x5E59, 0x6EFD, 0x76FD, 0x86DC, 0x969C, 0xA67B, 0xAE3A, 0xA61A, 0x963A, 0x669A, 
  0x5597, 0x5D56, 0x124B, 0x11C9, 0x126C, 0x08E4, 0x0820, 0x0841, 0x0841, 0x0841, 0x0841, 0x0841, 0x0841, 0x0841, 0x0841, 0x0841, 
  0x0841, 0x0841, 0x0841, 0x0841, 0x0841, 0x0841, 0x0841, 0x0841, 0x0841, 0x0841, 0x0841, 0x0841, 0x0841, 0x0841, 0x0841, 0x0841, 
  0x0841, 0x0841, 0x0841, 0x0841, 0x0841, 0x0841, 0x0841, 0x0841, 0x0841, 0x0841, 0x0841, 0x0841, 0x0841, 0x0841, 0x0841, 0x0841, 
  0x0841, 0x0020, 0x10A2, 0x2104, 0x18C3, 0x4208, 0x6B4D, 0x52AA, 0x2965, 0x2124, 0x31A6, 0x31A6, 0x4208, 0x8410, 0x39E7, 0x4208, 
  0x4A49, 0x528A, 0x1082, 0x0020, 0x0841, 0x0841, 0x0841, 0x0841, 0x0841, 0x0841, 0x0841, 0x0841, 0x0841, 0x0841, 0x0841, 0x0841, 
  0x0841, 0x0841, 0x0861, 0x18E3, 0x0020, 0x0020, 0x0020, 0x18C3, 0x0841, 0x0841, 0x0841, 0x0841, 0x0841, 0x0841, 0x0841, 0x0841, 
  0x0861, 0x2104, 0x18C3, 0x0861, 0x2104, 0x2104, 0x1082, 0x0861, 0x0841, 0x0841, 0x0841, 0x0841, 0x0841, 0x0841, 0x0841, 0x0841, 
  0x0841, 0x0841, 0x0861, 0x18C3, 0x0841, 0x0841, 0x1082, 0x1082, 0x0841, 0x0841, 0x0841, 0x0841, 0x0841, 0x0841, 0x0841, 0x0841, 
  0x0841, 0x0841, 0x0841, 0x0841, 0x0841, 0x0841, 0x0841, 0x0841, 0x0841, 0x0841, 0x0841, 0x0841, 0x0841, 0x0841, 0x0841, 0x0020, 
  0x0020, 0x0841, 0x0841, 0x0841, 0x0841, 0x0841, 0x0841, 0x0841, 0x0841, 0x0841, 0x0841, 0x0841, 0x0841, 0x0841, 0x0841, 0x0841, 
  0x0841, 0x0841, 0x0841, 0x0841, 0x0841, 0x0841, 0x0841, 0x0841, 0x0841, 0x0841, 0x0841, 0x0841, 0x0841, 0x0841, 0x0841, 0x0841, 
  0x0841, 0x0841, 0x0841, 0x0841, 0x0841, 0x0841, 0x0841, 0x0841, 0x0841, 0x0841, 0x0841, 0x0841, 0x0841, 0x0841, 0x0841, 0x0841, 
  0x0841, 0x0841, 0x0841, 0x0841, 0x0841, 0x0841, 0x0841, 0x0841, 0x0841, 0x0841, 0x0841, 0x0841, 0x0841, 0x0841, 0x0841, 0x0841, 
  0x0841, 0x0841, 0x0841, 0x1082, 0x0841, 0x0841, 0x0841, 0x0861, 0x0841, 0x0841, 0x0841, 0x0841, 0x0841, 0x0841, 0x0861, 0x18C3, 
  0x39E7, 0x5ACB, 0x2965, 0x10A2, 0x2945, 0x1082, 0x3186, 0x5ACB, 0x4A49, 0x2945, 0x0861, 0x2945, 0x0861, 0x0841, 0x0861, 0x0841, 
  0x0841, 0x0841, 0x0841, 0x0841, 0x0841, 0x0841, 0x0841, 0x0020, 0x18C3, 0x6B6D, 0x6B6D, 0x7BCF, 0x738E, 0x5AEB, 0x0841, 0x0841, 
  0x0841, 0x0841, 0x0841, 0x0841, 0x0841, 0x0841, 0x0841, 0x0841, 0x0841, 0x0841, 0x0841, 0x0841, 0x0841, 0x0841, 0x0841, 0x0841, 
  0x0841, 0x0841, 0x0841, 0x0841, 0x0841, 0x0841, 0x0841, 0x0841, 0x0841, 0x0841, 0x0841, 0x0841, 0x0020, 0x1187, 0x1A6B, 0x1188, 
  0x00C5, 0x32ED, 0x6D76, 0x6F7D, 0x67BF, 0x679E, 0x6F7E, 0x7F7E, 0x7F9E, 0x879E, 0x8F9E, 0x871C, 0x32CC, 0x0063, 0x0883, 0x0083, 
  0x0883, 0x0063, 0x0083, 0x0083, 0x0083, 0x08E5, 0x5D55, 0x8F7E, 0x8FBF, 0x87BF, 0x877E, 0x775D, 0x6F5E, 0x5F7E, 0x677E, 0x76DB, 
  0x5CD4, 0x11C9, 0x00C4, 0x11E9, 0x126C, 0x08E4, 0x0820, 0x0841, 0x0841, 0x0841, 0x0841, 0x0841, 0x0841, 0x0841, 0x0841, 0x0841, 
  0x0841, 0x0841, 0x0841, 0x0841, 0x0841, 0x0841, 0x0841, 0x0841, 0x0841, 0x0841, 0x0841, 0x0841, 0x0841, 0x0841, 0x0841, 0x0841, 
  0x0841, 0x0841, 0x0841, 0x0841, 0x0841, 0x0841, 0x0841, 0x0841, 0x0841, 0x0841, 0x0841, 0x0841, 0x0841, 0x0841, 0x0841, 0x0841, 
  0x0861, 0x18C3, 0x39C7, 0x39C7, 0x39E7, 0x4228, 0x5ACB, 0x4A49, 0x4A69, 0x31A6, 0x52AA, 0x39C7, 0x0861, 0x4228, 0x52AA, 0x5ACB, 
  0x632C, 0x94B2, 0x73AE, 0x10A2, 0x0020, 0x0841, 0x0841, 0x0841, 0x0841, 0x0841, 0x0841, 0x0841, 0x0841, 0x0841, 0x0841, 0x0841, 
  0x0841, 0x0841, 0x0841, 0x31A6, 0x18C3, 0x10A2, 0x18E3, 0x2945, 0x0020, 0x0841, 0x0841, 0x0841, 0x0841, 0x0841, 0x0841, 0x0841, 
  0x1082, 0x2104, 0x0841, 0x18E3, 0x18E3, 0x18C3, 0x18E3, 0x1082, 0x0020, 0x0841, 0x0841, 0x0841, 0x0841, 0x0841, 0x0841, 0x0841, 
  0x0841, 0x0841, 0x0861, 0x1082, 0x1082, 0x2104, 0x1082, 0x10A2, 0x0841, 0x0841, 0x0841, 0x0841, 0x0841, 0x0841, 0x0841, 0x0841, 
  0x0841, 0x0841, 0x0841, 0x0841, 0x0841, 0x0841, 0x0841, 0x0841, 0x0841, 0x0841, 0x0841, 0x0841, 0x0841, 0x0841, 0x0841, 0x0020, 
  0x0020, 0x0841, 0x0841, 0x0841, 0x0841, 0x0841, 0x0841, 0x0841, 0x0841, 0x0841, 0x0841, 0x0841, 0x0841, 0x0841, 0x0841, 0x0841, 
  0x0841, 0x0841, 0x0841, 0x0841, 0x0841, 0x0841, 0x0841, 0x0841, 0x0841, 0x0841, 0x0841, 0x0841, 0x0841, 0x0841, 0x0841, 0x0841, 
  0x0841, 0x0841, 0x0841, 0x0841, 0x0841, 0x0841, 0x0841, 0x0841, 0x0841, 0x0841, 0x0841, 0x0841, 0x0841, 0x0841, 0x0841, 0x0841, 
  0x0841, 0x0841, 0x0841, 0x0841, 0x0841, 0x0841, 0x0841, 0x0841, 0x0841, 0x0841, 0x0841, 0x0841, 0x0841, 0x0841, 0x0841, 0x0841, 
  0x0841, 0x0841, 0x1082, 0x0861, 0x0841, 0x0841, 0x0841, 0x0841, 0x0841, 0x0841, 0x0841, 0x0841, 0x0841, 0x0841, 0x2965, 0x39E7, 
  0x630C, 0x630C, 0x2124, 0x0841, 0x18C3, 0x0841, 0x3186, 0x39E7, 0x73AE, 0x632C, 0x528A, 0x2945, 0x0841, 0x18C3, 0x1082, 0x0861, 
  0x0861, 0x0841, 0x0841, 0x0841, 0x0841, 0x0841, 0x0841, 0x0020, 0x10A2, 0x2945, 0x2104, 0x3186, 0x2104, 0x4208, 0x0861, 0x0841, 
  0x0841, 0x0841, 0x0841, 0x0841, 0x0841, 0x0841, 0x0841, 0x0841, 0x0841, 0x0841, 0x0841, 0x0841, 0x0841, 0x0841, 0x0841, 0x0841, 
  0x0841, 0x0841, 0x0841, 0x0841, 0x0841, 0x0841, 0x0841, 0x0841, 0x0841, 0x0841, 0x0841, 0x0841, 0x0020, 0x0946, 0x1A8C, 0x0947, 
  0x0883, 0x0084, 0x0947, 0x2B4F, 0x3C73, 0x4D56, 0x5597, 0x4D15, 0x4CB4, 0x3C52, 0x336F, 0x222A, 0x08C5, 0x08A4, 0x08A3, 0x0883, 
  0x0883, 0x0862, 0x0883, 0x0883, 0x08A3, 0x08A4, 0x1167, 0x2AED, 0x3BB1, 0x4473, 0x4CF5, 0x5577, 0x55B7, 0x4556, 0x4452, 0x226B, 
  0x00E5, 0x0884, 0x08A3, 0x11C9, 0x126C, 0x08C3, 0x0820, 0x0841, 0x0841, 0x0841, 0x0841, 0x0841, 0x0841, 0x0841, 0x0841, 0x0841, 
  0x0841, 0x0841, 0x0841, 0x0841, 0x0841, 0x0841, 0x0841, 0x0841, 0x0841, 0x0841, 0x0841, 0x0841, 0x0841, 0x0841, 0x0841, 0x0841, 
  0x0841, 0x0841, 0x0841, 0x0841, 0x0841, 0x0841, 0x0841, 0x0841, 0x0841, 0x0841, 0x0841, 0x0020, 0x0000, 0x0020, 0x0020, 0x0841, 
  0x0861, 0x39C7, 0x3186, 0x2124, 0x4A69, 0x52AA, 0x4A49, 0x0861, 0x4208, 0x5AEB, 0x4208, 0x31A6, 0x2124, 0x2945, 0x2945, 0x39C7, 
  0x630C, 0x9CD3, 0x6B4D, 0x10A2, 0x0020, 0x0841, 0x0841, 0x0841, 0x0841, 0x0841, 0x0841, 0x0841, 0x0841, 0x0841, 0x0841, 0x0841, 
  0x0841, 0x0841, 0x0841, 0x2104, 0x1082, 0x0861, 0x10A2, 0x10A2, 0x0841, 0x0841, 0x0841, 0x0841, 0x0841, 0x0841, 0x0841, 0x0841, 
  0x0861, 0x0861, 0x1082, 0x1082, 0x18C3, 0x10A2, 0x18C3, 0x0841, 0x0841, 0x0841, 0x0841, 0x0841, 0x0841, 0x0841, 0x0841, 0x0841, 
  0x0841, 0x0841, 0x0861, 0x18E3, 0x2124, 0x3186, 0x18E3, 0x18E3, 0x0841, 0x0841, 0x0841, 0x0841, 0x0841, 0x0841, 0x0841, 0x0841, 
  0x0841, 0x0841, 0x0841, 0x0841, 0x0841, 0x0841, 0x0841, 0x0841, 0x0841, 0x0841, 0x0841, 0x0841, 0x0841, 0x0841, 0x0841, 0x0020, 
  0x0020, 0x0841, 0x0020, 0x0841, 0x0841, 0x0841, 0x0841, 0x0841, 0x0841, 0x0841, 0x0841, 0x0841, 0x0841, 0x0841, 0x0841, 0x0841, 
  0x0841, 0x0841, 0x0841, 0x0841, 0x0841, 0x0841, 0x0841, 0x0841, 0x0841, 0x0841, 0x0841, 0x0841, 0x0841, 0x0841, 0x0841, 0x0841, 
  0x0841, 0x0841, 0x0841, 0x0841, 0x0841, 0x0841, 0x0841, 0x0841, 0x0841, 0x0841, 0x0841, 0x0841, 0x0841, 0x0841, 0x0841, 0x0841, 
  0x0841, 0x0841, 0x0841, 0x0841, 0x0841, 0x0841, 0x0841, 0x0841, 0x0841, 0x0841, 0x0841, 0x0841, 0x0841, 0x0841, 0x0841, 0x0841, 
  0x0020, 0x0861, 0x1082, 0x0020, 0x0841, 0x0020, 0x0861, 0x10A2, 0x0020, 0x0841, 0x0020, 0x0020, 0x10A2, 0x18E3, 0x10A2, 0x2945, 
  0x4A69, 0x528A, 0x3186, 0x1082, 0x1082, 0x18C3, 0x39C7, 0x4A49, 0x5ACB, 0x4228, 0x4208, 0x2124, 0x18C3, 0x0000, 0x0020, 0x0841, 
  0x0020, 0x0841, 0x0841, 0x0841, 0x0020, 0x0841, 0x0841, 0x0020, 0x1082, 0x18C3, 0x0020, 0x10A2, 0x0841, 0x4208, 0x0841, 0x0841, 
  0x0841, 0x0841, 0x0020, 0x0841, 0x0841, 0x0841, 0x0841, 0x0841, 0x0841, 0x0841, 0x0841, 0x0841, 0x0841, 0x0841, 0x0841, 0x0841, 
  0x0841, 0x0841, 0x0841, 0x0841, 0x0841, 0x0841, 0x0841, 0x0841, 0x0841, 0x0841, 0x0040, 0x0841, 0x0000, 0x0925, 0x12CE, 0x0905, 
  0x0883, 0x08C4, 0x08C4, 0x0084, 0x00A5, 0x00E6, 0x0106, 0x00E5, 0x00C5, 0x00A5, 0x0084, 0x0084, 0x08A4, 0x08A3, 0x0883, 0x0863, 
  0x0883, 0x0862, 0x0862, 0x0883, 0x0883, 0x08A3, 0x00A4, 0x0084, 0x00A4, 0x00A5, 0x00C5, 0x0907, 0x0107, 0x00E5, 0x00A4, 0x00A4, 
  0x08C4, 0x08A4, 0x0863, 0x11A8, 0x128D, 0x08C3, 0x0020, 0x0841, 0x0841, 0x0841, 0x0841, 0x0841, 0x0841, 0x0841, 0x0841, 0x0841, 
  0x0841, 0x0841, 0x0841, 0x0841, 0x0841, 0x0841, 0x0841, 0x0841, 0x0841, 0x0841, 0x0841, 0x0841, 0x0841, 0x0841, 0x0841, 0x0841, 
  0x0841, 0x0841, 0x0020, 0x0841, 0x0841, 0x0841, 0x0841, 0x0841, 0x0020, 0x0000, 0x0841, 0x18C3, 0x2104, 0x2104, 0x10A2, 0x0841, 
  0x10A2, 0x4208, 0x4A49, 0x4A49, 0x3186, 0x4A49, 0x4A69, 0x0861, 0x10A2, 0x4A49, 0x0841, 0x0020, 0x18C3, 0x2945, 0x39E7, 0x0000, 
  0x1082, 0x5ACB, 0x3186, 0x2124, 0x1082, 0x0020, 0x0841, 0x0841, 0x0841, 0x0841, 0x0841, 0x0841, 0x0841, 0x0841, 0x0841, 0x0841, 
  0x0841, 0x0841, 0x0841, 0x1082, 0x10A2, 0x0861, 0x1082, 0x1082, 0x0841, 0x0841, 0x0841, 0x0841, 0x0841, 0x0841, 0x0841, 0x0841, 
  0x0841, 0x10A2, 0x1082, 0x1082, 0x18E3, 0x2945, 0x2965, 0x18C3, 0x0020, 0x0841, 0x0841, 0x0841, 0x0841, 0x0841, 0x0841, 0x0841, 
  0x0841, 0x0020, 0x0861, 0x18E3, 0x1082, 0x1082, 0x18C3, 0x10A2, 0x0841, 0x0020, 0x0841, 0x0841, 0x0841, 0x0841, 0x0841, 0x0841, 
  0x0841, 0x0841, 0x0841, 0x0841, 0x0841, 0x0841, 0x0841, 0x0841, 0x0841, 0x0841, 0x0841, 0x0841, 0x0841, 0x0841, 0x0841, 0x0020, 
  0x0020, 0x0841, 0x0841, 0x0841, 0x0841, 0x0841, 0x0841, 0x0841, 0x0841, 0x0841, 0x0841, 0x0841, 0x0841, 0x0841, 0x0841, 0x0841, 
  0x0841, 0x0841, 0x0841, 0x0841, 0x0841, 0x0841, 0x0841, 0x0841, 0x0841, 0x0841, 0x0841, 0x0841, 0x0841, 0x0841, 0x0841, 0x0841, 
  0x0841, 0x0841, 0x0841, 0x0841, 0x0841, 0x0841, 0x0841, 0x0841, 0x0841, 0x0841, 0x0841, 0x0841, 0x0841, 0x0841, 0x0841, 0x0841, 
  0x0841, 0x0841, 0x0841, 0x0841, 0x0841, 0x0841, 0x0841, 0x0841, 0x0841, 0x0841, 0x0841, 0x0841, 0x0841, 0x0841, 0x0841, 0x0841, 
  0x0841, 0x1082, 0x0841, 0x0841, 0x0841, 0x0020, 0x2124, 0x2945, 0x1082, 0x0841, 0x0861, 0x2965, 0x10A2, 0x0841, 0x0020, 0x18E3, 
  0x4228, 0x5ACB, 0x4A49, 0x39C7, 0x2965, 0x31A6, 0x4A49, 0x738E, 0x52AA, 0x4228, 0x1082, 0x0841, 0x18E3, 0x2945, 0x2104, 0x0841, 
  0x1082, 0x10A2, 0x0841, 0x0841, 0x0841, 0x0841, 0x0841, 0x0020, 0x18C3, 0x3186, 0x18E3, 0x3186, 0x18E3, 0x4A69, 0x0861, 0x0841, 
  0x0841, 0x0841, 0x0841, 0x0841, 0x0841, 0x0841, 0x0841, 0x0841, 0x0841, 0x0841, 0x0841, 0x0841, 0x0841, 0x0841, 0x0841, 0x0841, 
  0x0841, 0x0841, 0x0841, 0x0841, 0x0841, 0x0841, 0x0841, 0x0841, 0x0841, 0x0841, 0x0841, 0x0841, 0x0020, 0x0946, 0x12CE, 0x08E5, 
  0x0883, 0x08A4, 0x08C4, 0x08C5, 0x08E5, 0x08E5, 0x08E5, 0x08E5, 0x08E5, 0x08E5, 0x08C4, 0x08C4, 0x08A3, 0x0883, 0x0883, 0x0882, 
  0x0882, 0x0862, 0x0862, 0x0882, 0x0883, 0x0883, 0x08A4, 0x08C4, 0x08C4, 0x08E5, 0x08C4, 0x1926, 0x1947, 0x08C5, 0x08E5, 0x08C4, 
  0x08A4, 0x08A4, 0x0862, 0x09C8, 0x12AC, 0x0882, 0x0820, 0x0841, 0x0841, 0x0841, 0x0841, 0x0841, 0x0841, 0x0841, 0x0841, 0x0841, 
  0x0841, 0x0841, 0x0841, 0x0841, 0x0841, 0x0841, 0x0841, 0x0841, 0x0841, 0x0841, 0x0841, 0x0841, 0x0841, 0x0841, 0x0841, 0x0841, 
  0x0841, 0x0841, 0x0841, 0x0841, 0x0841, 0x0841, 0x0841, 0x0000, 0x18C3, 0x4A49, 0x6B4D, 0x5AEB, 0x6B4D, 0x632C, 0x5ACB, 0x4A69, 
  0x4208, 0x2965, 0x3186, 0x2124, 0x1082, 0x2965, 0x4208, 0x4A69, 0x1082, 0x0841, 0x2104, 0x2104, 0x2124, 0x10A2, 0x0841, 0x10A2, 
  0x18E3, 0x39E7, 0x5ACB, 0x4A49, 0x4A69, 0x10A2, 0x0020, 0x0841, 0x0841, 0x0841, 0x0841, 0x0841, 0x0841, 0x0841, 0x0841, 0x0841, 
  0x0841, 0x0841, 0x0861, 0x10A2, 0x2104, 0x10A2, 0x18E3, 0x1082, 0x0841, 0x0861, 0x0841, 0x0841, 0x0841, 0x0841, 0x0841, 0x0841, 
  0x0841, 0x18C3, 0x1082, 0x18C3, 0x18E3, 0x18E3, 0x18C3, 0x10A2, 0x10A2, 0x0841, 0x0841, 0x0841, 0x0841, 0x0841, 0x0841, 0x0841, 
  0x0841, 0x10A2, 0x18C3, 0x10A2, 0x0861, 0x0841, 0x1082, 0x18E3, 0x18C3, 0x0861, 0x0841, 0x0841, 0x0841, 0x0841, 0x0841, 0x0841, 
  0x0841, 0x0841, 0x0841, 0x0841, 0x0841, 0x0841, 0x0841, 0x0841, 0x0841, 0x0841, 0x0841, 0x0841, 0x0841, 0x0841, 0x0841, 0x0020, 
  0x0020, 0x0841, 0x0841, 0x0841, 0x0841, 0x0841, 0x0841, 0x0841, 0x0841, 0x0841, 0x0841, 0x0841, 0x0841, 0x0841, 0x0841, 0x0841, 
  0x0841, 0x0841, 0x0841, 0x0841, 0x0841, 0x0841, 0x0841, 0x0841, 0x0841, 0x0841, 0x0841, 0x0841, 0x0841, 0x0841, 0x0841, 0x0841, 
  0x0841, 0x0841, 0x0841, 0x0841, 0x0841, 0x0841, 0x0841, 0x0841, 0x0841, 0x0841, 0x0841, 0x0841, 0x0841, 0x0841, 0x0841, 0x0841, 
  0x0841, 0x0841, 0x0841, 0x0841, 0x0841, 0x0841, 0x0841, 0x0841, 0x0841, 0x0841, 0x0841, 0x0841, 0x0841, 0x0841, 0x0841, 0x0841, 
  0x0861, 0x0861, 0x0841, 0x0841, 0x0020, 0x1082, 0x10A2, 0x0020, 0x0861, 0x2945, 0x6B4D, 0x4228, 0x1082, 0x0841, 0x0020, 0x2124, 
  0x4A49, 0x4A49, 0x39E7, 0x3186, 0x3186, 0x2965, 0x4208, 0x528A, 0x528A, 0x4228, 0x0000, 0x0841, 0x2965, 0x31A6, 0x6B6D, 0x2965, 
  0x0841, 0x0861, 0x0841, 0x0841, 0x0841, 0x0841, 0x0841, 0x0000, 0x2945, 0x9CD3, 0x9492, 0x9CD3, 0x8C71, 0x738E, 0x0841, 0x0841, 
  0x0841, 0x0841, 0x0841, 0x0841, 0x0841, 0x0841, 0x0841, 0x0841, 0x0841, 0x0841, 0x0841, 0x0841, 0x0841, 0x0841, 0x0841, 0x0841, 
  0x0841, 0x0841, 0x0841, 0x0841, 0x0841, 0x0841, 0x0841, 0x0841, 0x0841, 0x0841, 0x0841, 0x0841, 0x0020, 0x0925, 0x128D, 0x0905, 
  0x0862, 0x0883, 0x08A3, 0x08A3, 0x08A4, 0x08A4, 0x08A4, 0x08A4, 0x08A4, 0x08A4, 0x08A3, 0x0883, 0x0883, 0x0883, 0x0862, 0x0862, 
  0x0862, 0x0862, 0x0862, 0x0862, 0x0883, 0x0883, 0x0883, 0x08A3, 0x08A3, 0x08A4, 0x08C4, 0x08A4, 0x08A4, 0x08A4, 0x08A4, 0x08A3, 
  0x0883, 0x0883, 0x0862, 0x09C8, 0x122B, 0x0882, 0x0840, 0x0841, 0x0841, 0x0841, 0x0841, 0x0841, 0x0841, 0x0841, 0x0841, 0x0841, 
  0x0841, 0x0841, 0x0841, 0x0841, 0x0841, 0x0841, 0x0841, 0x0841, 0x0841, 0x0841, 0x0841, 0x0841, 0x0841, 0x0841, 0x0841, 0x0841, 
  0x0841, 0x0841, 0x0841, 0x0841, 0x0841, 0x0020, 0x0841, 0x39E7, 0x528A, 0x6B4D, 0x31A6, 0x18E3, 0x31A6, 0x4A69, 0x39E7, 0x31A6, 
  0x4A69, 0x39E7, 0x39C7, 0x0020, 0x1082, 0x0020, 0x31A6, 0x528A, 0x2124, 0x3186, 0x39E7, 0x4208, 0x1082, 0x528A, 0x2965, 0x10A2, 
  0x0861, 0x1082, 0x31A6, 0x39C7, 0x0861, 0x1082, 0x0020, 0x0841, 0x0841, 0x0841, 0x0841, 0x0841, 0x0841, 0x0841, 0x0841, 0x0841, 
  0x0020, 0x0020, 0x2965, 0x2104, 0x2945, 0x4A49, 0x18E3, 0x2124, 0x2945, 0x0020, 0x0841, 0x0841, 0x0841, 0x0841, 0x0841, 0x0841, 
  0x0841, 0x0841, 0x0841, 0x2124, 0x18C3, 0x0861, 0x18C3, 0x1082, 0x0841, 0x0861, 0x0841, 0x0841, 0x0841, 0x0861, 0x0861, 0x0861, 
  0x0841, 0x0861, 0x0841, 0x0841, 0x10A2, 0x10A2, 0x10A2, 0x0841, 0x0861, 0x0861, 0x0841, 0x0861, 0x0861, 0x0861, 0x0841, 0x0841, 
  0x0841, 0x0841, 0x0841, 0x0841, 0x0841, 0x0841, 0x0841, 0x0841, 0x0841, 0x0841, 0x0841, 0x0841, 0x0841, 0x0841, 0x0841, 0x0020, 
  0x0020, 0x0841, 0x0841, 0x0841, 0x0841, 0x0841, 0x0841, 0x0841, 0x0841, 0x0841, 0x0841, 0x0841, 0x0841, 0x0841, 0x0841, 0x0841, 
  0x0841, 0x0841, 0x0841, 0x0841, 0x0841, 0x0841, 0x0841, 0x0841, 0x0841, 0x0841, 0x0841, 0x0841, 0x0841, 0x0841, 0x0841, 0x0841, 
  0x0841, 0x0841, 0x0841, 0x0841, 0x0841, 0x0841, 0x0841, 0x0841, 0x0841, 0x0841, 0x0841, 0x0841, 0x0841, 0x0841, 0x0841, 0x0841, 
  0x0841, 0x0841, 0x0841, 0x0841, 0x0841, 0x0841, 0x0841, 0x0841, 0x0841, 0x0841, 0x0841, 0x0841, 0x0841, 0x0841, 0x0841, 0x0841, 
  0x1082, 0x0841, 0x0841, 0x0841, 0x0020, 0x10A2, 0x0841, 0x0841, 0x0020, 0x4228, 0x8430, 0x6B6D, 0x39E7, 0x18E3, 0x18E3, 0x2104, 
  0x39E7, 0x2124, 0x18E3, 0x0861, 0x18E3, 0x10A2, 0x10A2, 0x4A69, 0x630C, 0x3186, 0x2945, 0x2965, 0x39E7, 0x632C, 0x9492, 0x8410, 
  0x10A2, 0x0841, 0x0841, 0x0841, 0x0841, 0x0841, 0x0841, 0x0000, 0x3186, 0xB596, 0xAD55, 0xAD55, 0xAD75, 0x7BEF, 0x0020, 0x0841, 
  0x0841, 0x0841, 0x0841, 0x0841, 0x0841, 0x0841, 0x0841, 0x0841, 0x0841, 0x0841, 0x0841, 0x0841, 0x0841, 0x0841, 0x0841, 0x0841, 
  0x0841, 0x0841, 0x0841, 0x0841, 0x0841, 0x0841, 0x0841, 0x0841, 0x0841, 0x0841, 0x0841, 0x0841, 0x0020, 0x0925, 0x1A4B, 0x11A8, 
  0x0062, 0x0883, 0x0883, 0x0883, 0x0883, 0x08A3, 0x08A3, 0x08A3, 0x08A3, 0x0883, 0x0883, 0x0883, 0x0883, 0x0862, 0x0862, 0x0861, 
  0x0861, 0x0841, 0x0861, 0x0862, 0x0862, 0x0882, 0x0883, 0x0883, 0x0883, 0x08A3, 0x08A3, 0x08A3, 0x08A3, 0x0883, 0x0883, 0x0883, 
  0x0883, 0x0862, 0x08A4, 0x120A, 0x120A, 0x0882, 0x0840, 0x0841, 0x0841, 0x0841, 0x0841, 0x0841, 0x0841, 0x0841, 0x0841, 0x0841, 
  0x0841, 0x0841, 0x0841, 0x0841, 0x0841, 0x0841, 0x0841, 0x0841, 0x0841, 0x0841, 0x0841, 0x0841, 0x0841, 0x0841, 0x0841, 0x0841, 
  0x0841, 0x0841, 0x0841, 0x0841, 0x0020, 0x0861, 0x528A, 0x3186, 0x39C7, 0x2124, 0x3186, 0x39E7, 0x3186, 0x2104, 0x0861, 0x2965, 
  0x39C7, 0x4208, 0x73AE, 0x5ACB, 0x5AEB, 0x3186, 0x4228, 0x18E3, 0x31A6, 0x2945, 0x52AA, 0x52AA, 0x3186, 0x738E, 0x39E7, 0x2104, 
  0x2124, 0x0000, 0x0861, 0x39E7, 0x18C3, 0x3186, 0x0020, 0x0841, 0x0841, 0x0841, 0x0841, 0x0841, 0x0861, 0x10A2, 0x18C3, 0x1082, 
  0x2104, 0x39E7, 0x18E3, 0x2965, 0x5ACB, 0x9492, 0x528A, 0x2945, 0x2104, 0x39E7, 0x18E3, 0x10A2, 0x18E3, 0x18C3, 0x0841, 0x0841, 
  0x0841, 0x0020, 0x1082, 0x2945, 0x0861, 0x0861, 0x0861, 0x0861, 0x0861, 0x0841, 0x0841, 0x0841, 0x0841, 0x10A2, 0x0841, 0x10A2, 
  0x18C3, 0x10A2, 0x1082, 0x0020, 0x1082, 0x10A2, 0x0841, 0x0020, 0x1082, 0x1082, 0x2104, 0x1082, 0x0861, 0x1082, 0x0861, 0x0841, 
  0x0841, 0x0841, 0x0841, 0x0841, 0x0841, 0x0841, 0x0841, 0x0841, 0x0841, 0x0841, 0x0841, 0x0841, 0x0841, 0x0841, 0x0841, 0x0020, 
  0x0020, 0x0841, 0x0841, 0x0841, 0x0841, 0x0841, 0x0841, 0x0841, 0x0841, 0x0841, 0x0841, 0x0841, 0x0841, 0x0841, 0x0841, 0x0841, 
  0x0841, 0x0841, 0x0841, 0x0841, 0x0841, 0x0841, 0x0841, 0x0841, 0x0841, 0x0841, 0x0841, 0x0841, 0x0841, 0x0841, 0x0841, 0x0841, 
  0x0841, 0x0841, 0x0841, 0x0841, 0x0841, 0x0841, 0x0841, 0x0841, 0x0841, 0x0841, 0x0841, 0x0841, 0x0841, 0x0841, 0x0841, 0x0841, 
  0x0841, 0x0841, 0x0841, 0x0841, 0x0841, 0x0841, 0x0841, 0x0841, 0x0841, 0x0841, 0x0841, 0x0841, 0x0841, 0x0841, 0x0841, 0x0841, 
  0x0861, 0x0841, 0x0841, 0x0841, 0x18C3, 0x2104, 0x0841, 0x0020, 0x10A2, 0x39E7, 0x3186, 0x632C, 0x6B4D, 0x528A, 0x3186, 0x2965, 
  0x18E3, 0x10A2, 0x18E3, 0x18C3, 0x2965, 0x18C3, 0x2124, 0x4208, 0x528A, 0x4228, 0x4A49, 0x6B4D, 0x73AE, 0x8C51, 0x8430, 0x8C71, 
  0x4228, 0x0861, 0x0861, 0x0841, 0x0861, 0x0841, 0x0841, 0x0841, 0x39C7, 0x6B6D, 0x528A, 0x6B6D, 0x52AA, 0x5ACB, 0x1082, 0x0841, 
  0x0841, 0x0841, 0x0841, 0x0841, 0x0841, 0x0841, 0x0841, 0x0841, 0x0841, 0x0841, 0x0861, 0x0841, 0x0841, 0x0841, 0x0841, 0x0841, 
  0x0841, 0x0841, 0x0841, 0x0841, 0x0841, 0x0841, 0x0841, 0x0841, 0x0841, 0x0841, 0x0841, 0x0841, 0x0820, 0x0905, 0x11EA, 0x11C8, 
  0x08C3, 0x0861, 0x0882, 0x0883, 0x0883, 0x0883, 0x0883, 0x0883, 0x0883, 0x0883, 0x0882, 0x0882, 0x0862, 0x0862, 0x0861, 0x0861, 
  0x0841, 0x0841, 0x0841, 0x0862, 0x0861, 0x0862, 0x0862, 0x0882, 0x0882, 0x0883, 0x0883, 0x0883, 0x0883, 0x0883, 0x0882, 0x0882, 
  0x0862, 0x0041, 0x1147, 0x11A8, 0x120A, 0x0862, 0x0841, 0x0841, 0x0841, 0x0841, 0x0841, 0x0841, 0x0841, 0x0841, 0x0841, 0x0841, 
  0x0841, 0x0841, 0x0841, 0x0841, 0x0841, 0x0841, 0x0841, 0x0841, 0x0841, 0x0841, 0x0841, 0x0841, 0x0841, 0x0841, 0x0841, 0x0841, 
  0x0841, 0x0841, 0x0841, 0x0841, 0x0020, 0x528A, 0x2104, 0x2124, 0x2124, 0x18E3, 0x18E3, 0x0020, 0x0020, 0x0000, 0x18C3, 0x31A6, 
  0x2965, 0x528A, 0x9CD3, 0x6B4D, 0x18E3, 0x1082, 0x39E7, 0x1082, 0x2965, 0x4228, 0x7BEF, 0x6B6D, 0x2104, 0x18C3, 0x2124, 0x2945, 
  0x0841, 0x0841, 0x10A2, 0x4A49, 0x2965, 0x2104, 0x0020, 0x0841, 0x0841, 0x0841, 0x0841, 0x0841, 0x0861, 0x0861, 0x0020, 0x0861, 
  0x4208, 0x39C7, 0x1082, 0x0841, 0x3186, 0x6B6D, 0x2945, 0x0020, 0x10A2, 0x4208, 0x39E7, 0x0861, 0x0841, 0x0861, 0x0841, 0x0841, 
  0x0841, 0x0841, 0x0861, 0x2104, 0x10A2, 0x0841, 0x0841, 0x0861, 0x10A2, 0x0841, 0x0841, 0x0861, 0x0861, 0x0841, 0x0841, 0x1082, 
  0x0861, 0x0841, 0x1082, 0x1082, 0x1082, 0x0841, 0x18C3, 0x0861, 0x1082, 0x0841, 0x1082, 0x0861, 0x0841, 0x0861, 0x0861, 0x0841, 
  0x0841, 0x0841, 0x0841, 0x0841, 0x0841, 0x0841, 0x0841, 0x0841, 0x0841, 0x0841, 0x0841, 0x0841, 0x0841, 0x0841, 0x0841, 0x0020, 
  0x0020, 0x0841, 0x0841, 0x0841, 0x0841, 0x0841, 0x0841, 0x0841, 0x0841, 0x0841, 0x0841, 0x0841, 0x0841, 0x0841, 0x0841, 0x0841, 
  0x0841, 0x0841, 0x0841, 0x0841, 0x0841, 0x0841, 0x0841, 0x0841, 0x0841, 0x0841, 0x0841, 0x0841, 0x0841, 0x0841, 0x0841, 0x0841, 
  0x0841, 0x0841, 0x0841, 0x0841, 0x0841, 0x0841, 0x0841, 0x0841, 0x0841, 0x0841, 0x0841, 0x0841, 0x0841, 0x0841, 0x0841, 0x0841, 
  0x0841, 0x0841, 0x0841, 0x0841, 0x0841, 0x0841, 0x0841, 0x0841, 0x0841, 0x0841, 0x0841, 0x0841, 0x0841, 0x0841, 0x0841, 0x0861, 
  0x0841, 0x0841, 0x0841, 0x0861, 0x4228, 0x2945, 0x0841, 0x0020, 0x18C3, 0x10A2, 0x18E3, 0x3186, 0x5AEB, 0x632C, 0x3186, 0x18C3, 
  0x18E3, 0x2945, 0x2124, 0x2104, 0x31A6, 0x18E3, 0x4208, 0x52AA, 0x4A49, 0x2945, 0x31A6, 0x632C, 0x8C51, 0x9492, 0x73AE, 0x3186, 
  0x10A2, 0x0020, 0x0020, 0x0020, 0x0020, 0x0841, 0x0841, 0x0020, 0x2104, 0x31A6, 0x0000, 0x2104, 0x0020, 0x39E7, 0x0861, 0x1082, 
  0x0841, 0x0841, 0x0841, 0x0841, 0x0841, 0x0841, 0x0841, 0x0841, 0x0841, 0x0841, 0x0841, 0x0841, 0x0841, 0x0841, 0x0841, 0x0841, 
  0x0841, 0x0841, 0x0841, 0x0841, 0x0841, 0x0841, 0x0841, 0x0841, 0x0841, 0x0841, 0x0841, 0x0841, 0x0820, 0x08C3, 0x120A, 0x0926, 
  0x11C8, 0x0020, 0x0862, 0x0862, 0x0862, 0x0862, 0x0862, 0x0862, 0x0862, 0x0862, 0x0862, 0x0862, 0x0861, 0x0841, 0x0841, 0x0841, 
  0x0841, 0x0841, 0x0841, 0x0841, 0x0841, 0x0861, 0x0861, 0x0862, 0x0862, 0x0862, 0x0862, 0x0862, 0x0862, 0x0862, 0x0862, 0x0862, 
  0x0841, 0x08A3, 0x11A8, 0x0946, 0x11E9, 0x0041, 0x0841, 0x0841, 0x0841, 0x0841, 0x0841, 0x0841, 0x0841, 0x0841, 0x0841, 0x0841, 
  0x0841, 0x0841, 0x0841, 0x0841, 0x0841, 0x0841, 0x0841, 0x0841, 0x0841, 0x0841, 0x0841, 0x0841, 0x0841, 0x0841, 0x0841, 0x0841, 
  0x0841, 0x0841, 0x0841, 0x0000, 0x2965, 0x4208, 0x1082, 0x39C7, 0x1082, 0x0841, 0x0020, 0x0841, 0x0861, 0x0020, 0x2104, 0x31A6, 
  0x10A2, 0x630C, 0x8410, 0x5ACB, 0x0861, 0x10A2, 0x1082, 0x0841, 0x39C7, 0x630C, 0x5ACB, 0x73AE, 0x630C, 0x2104, 0x4208, 0x52AA, 
  0x2965, 0x3186, 0x4208, 0x2965, 0x18E3, 0x0841, 0x0841, 0x0841, 0x0841, 0x0841, 0x0020, 0x0861, 0x18C3, 0x0020, 0x18C3, 0x3186, 
  0x2945, 0x1082, 0x10A2, 0x0861, 0x0841, 0x2945, 0x0020, 0x0861, 0x10A2, 0x1082, 0x3186, 0x2965, 0x18C3, 0x0841, 0x18E3, 0x0861, 
  0x0861, 0x18E3, 0x0861, 0x18C3, 0x10A2, 0x0861, 0x0841, 0x1082, 0x18C3, 0x0861, 0x0841, 0x1082, 0x10A2, 0x18C3, 0x0861, 0x18E3, 
  0x18E3, 0x0841, 0x0841, 0x18C3, 0x18C3, 0x0020, 0x2124, 0x1082, 0x0861, 0x0841, 0x2124, 0x10A2, 0x18C3, 0x18C3, 0x1082, 0x0841, 
  0x0841, 0x0841, 0x0841, 0x0841, 0x0841, 0x0841, 0x0841, 0x0841, 0x0841, 0x0841, 0x0841, 0x0841, 0x0841, 0x0841, 0x0841, 0x0020, 
  0x0020, 0x0841, 0x0841, 0x0841, 0x0841, 0x0841, 0x0841, 0x0841, 0x0841, 0x0841, 0x0841, 0x0841, 0x0841, 0x0841, 0x0841, 0x0841, 
  0x0841, 0x0841, 0x0841, 0x0841, 0x0841, 0x0841, 0x0841, 0x0841, 0x0841, 0x0841, 0x0841, 0x0841, 0x0841, 0x0841, 0x0841, 0x0841, 
  0x0841, 0x0841, 0x0841, 0x0841, 0x0841, 0x0841, 0x0841, 0x0841, 0x0841, 0x0841, 0x0841, 0x0841, 0x0841, 0x0841, 0x0841, 0x0841, 
  0x0841, 0x0841, 0x0841, 0x0841, 0x0841, 0x0841, 0x0841, 0x0841, 0x0841, 0x0841, 0x0841, 0x0841, 0x0841, 0x0841, 0x0841, 0x0861, 
  0x0841, 0x0841, 0x0841, 0x0841, 0x10A2, 0x0020, 0x0020, 0x0861, 0x2104, 0x0020, 0x0020, 0x2124, 0x4228, 0x3186, 0x2104, 0x31A6, 
  0x2965, 0x18E3, 0x18E3, 0x2945, 0x4228, 0x39E7, 0x39E7, 0x528A, 0x4208, 0x2124, 0x18E3, 0x4208, 0x7BEF, 0x5ACB, 0x10A2, 0x0020, 
  0x2124, 0x0861, 0x10A2, 0x10A2, 0x39C7, 0x2124, 0x0000, 0x0020, 0x10A2, 0x3186, 0x1082, 0x2104, 0x1082, 0x4228, 0x0861, 0x2124, 
  0x0841, 0x0841, 0x0841, 0x0841, 0x0841, 0x0841, 0x0841, 0x0841, 0x0841, 0x0841, 0x0841, 0x0841, 0x0841, 0x0841, 0x0841, 0x0841, 
  0x0841, 0x0841, 0x0841, 0x0841, 0x0841, 0x0841, 0x0841, 0x0841, 0x0841, 0x0841, 0x0841, 0x0841, 0x0820, 0x0882, 0x124B, 0x00E5, 
  0x1AAC, 0x08A3, 0x0841, 0x0861, 0x0841, 0x0841, 0x0841, 0x0841, 0x0861, 0x0861, 0x0841, 0x0841, 0x0841, 0x0841, 0x0841, 0x0841, 
  0x0841, 0x0841, 0x0841, 0x0841, 0x0841, 0x0841, 0x0841, 0x0841, 0x0861, 0x0861, 0x0841, 0x0841, 0x0841, 0x0841, 0x0841, 0x0861, 
  0x0000, 0x11A7, 0x11C8, 0x0926, 0x120A, 0x0020, 0x0841, 0x0841, 0x0841, 0x0841, 0x0841, 0x0841, 0x0841, 0x0841, 0x0841, 0x0841, 
  0x0841, 0x0841, 0x0841, 0x0841, 0x0841, 0x0841, 0x0841, 0x0841, 0x0841, 0x0841, 0x0841, 0x0841, 0x0841, 0x0841, 0x0841, 0x0841, 
  0x0841, 0x0841, 0x0841, 0x0000, 0x4228, 0x18C3, 0x31A6, 0x2124, 0x0000, 0x0841, 0x0841, 0x0841, 0x0841, 0x0841, 0x0020, 0x2124, 
  0x3186, 0x5AEB, 0x10A2, 0x4228, 0x4A49, 0x4A49, 0x18E3, 0x10A2, 0x2124, 0x738E, 0x4228, 0x632C, 0x8410, 0x4A69, 0x738E, 0x4228, 
  0x31A6, 0x18E3, 0x0861, 0x39E7, 0x3186, 0x2104, 0x0020, 0x0841, 0x18C3, 0x18C3, 0x10A2, 0x10A2, 0x2104, 0x10A2, 0x52AA, 0x6B4D, 
  0x3186, 0x0861, 0x0841, 0x10A2, 0x18C3, 0x0861, 0x2104, 0x1082, 0x0861, 0x0861, 0x31A6, 0x6B4D, 0x4208, 0x0841, 0x18C3, 0x0841, 
  0x1082, 0x10A2, 0x18C3, 0x10A2, 0x18E3, 0x0861, 0x0841, 0x18E3, 0x18C3, 0x0841, 0x0861, 0x0841, 0x1082, 0x0861, 0x10A2, 0x2124, 
  0x18E3, 0x18C3, 0x0861, 0x10A2, 0x18E3, 0x0861, 0x2104, 0x0861, 0x1082, 0x18C3, 0x2104, 0x2124, 0x1082, 0x1082, 0x1082, 0x0841, 
  0x0841, 0x0841, 0x0841, 0x0841, 0x0841, 0x0841, 0x0841, 0x0841, 0x0841, 0x0841, 0x0841, 0x0841, 0x0841, 0x0841, 0x0841, 0x0020, 
  0x0020, 0x0841, 0x0841, 0x0841, 0x0841, 0x0841, 0x0841, 0x0841, 0x0841, 0x0841, 0x0841, 0x0841, 0x0841, 0x0841, 0x0841, 0x0841, 
  0x0841, 0x0841, 0x0841, 0x0841, 0x0841, 0x0841, 0x0841, 0x0841, 0x0841, 0x0841, 0x0841, 0x0841, 0x0841, 0x0841, 0x0841, 0x0841, 
  0x0841, 0x0841, 0x0841, 0x0841, 0x0841, 0x0841, 0x0841, 0x0841, 0x0841, 0x0841, 0x0841, 0x0841, 0x0841, 0x0841, 0x0841, 0x0841, 
  0x0841, 0x0841, 0x0841, 0x0841, 0x0841, 0x0841, 0x0841, 0x0841, 0x0841, 0x0841, 0x0841, 0x0841, 0x0841, 0x0841, 0x0841, 0x0861, 
  0x0841, 0x0841, 0x0841, 0x1082, 0x10A2, 0x0841, 0x0020, 0x10A2, 0x18C3, 0x0000, 0x0020, 0x18C3, 0x2945, 0x18E3, 0x1082, 0x4208, 
  0x39C7, 0x2945, 0x39C7, 0x4228, 0x4A49, 0x39E7, 0x6B4D, 0x39C7, 0x2965, 0x3186, 0x2124, 0x2945, 0x39E7, 0x39E7, 0x2124, 0x18C3, 
  0x2965, 0x2945, 0x18C3, 0x0841, 0x2124, 0x31A6, 0x0020, 0x0841, 0x0861, 0x2124, 0x10A2, 0x2104, 0x1082, 0x2945, 0x0020, 0x1082, 
  0x0020, 0x0020, 0x0020, 0x0841, 0x0841, 0x0841, 0x0841, 0x0841, 0x0841, 0x0841, 0x0841, 0x0841, 0x0841, 0x0841, 0x0841, 0x0841, 
  0x0841, 0x0841, 0x0841, 0x0841, 0x0841, 0x0841, 0x0841, 0x0841, 0x0841, 0x0841, 0x0841, 0x0841, 0x0841, 0x0020, 0x1A6B, 0x0946, 
  0x11A8, 0x11C8, 0x0041, 0x0841, 0x0841, 0x0861, 0x0861, 0x0861, 0x0841, 0x0841, 0x0841, 0x0841, 0x0841, 0x0841, 0x0841, 0x0841, 
  0x0841, 0x0841, 0x0841, 0x0841, 0x0841, 0x0841, 0x0841, 0x0841, 0x0841, 0x0861, 0x0841, 0x0861, 0x0841, 0x0841, 0x0861, 0x0821, 
  0x08C4, 0x1A2A, 0x0905, 0x11E9, 0x11C8, 0x0000, 0x0841, 0x0841, 0x0841, 0x0841, 0x0841, 0x0841, 0x0841, 0x0841, 0x0841, 0x0841, 
  0x0841, 0x0841, 0x0841, 0x0841, 0x0841, 0x0841, 0x0841, 0x0841, 0x0841, 0x0841, 0x0841, 0x0841, 0x0841, 0x0841, 0x0841, 0x0841, 
  0x0841, 0x0841, 0x0841, 0x0020, 0x4A49, 0x18C3, 0x18E3, 0x0861, 0x0841, 0x0841, 0x0841, 0x0841, 0x0841, 0x0841, 0x0841, 0x2945, 
  0x2124, 0x528A, 0x10A2, 0x18C3, 0x2965, 0x18C3, 0x10A2, 0x18C3, 0x18C3, 0x630C, 0x5AEB, 0x8410, 0x4A69, 0x4208, 0x6B4D, 0x4A69, 
  0x4208, 0x0020, 0x0000, 0x0861, 0x1082, 0x2104, 0x0020, 0x0841, 0x0841, 0x0861, 0x0861, 0x0861, 0x18C3, 0x2104, 0x2124, 0x4A69, 
  0x3186, 0x18E3, 0x2104, 0x3186, 0x3186, 0x2104, 0x2124, 0x18E3, 0x1082, 0x0861, 0x2945, 0x39E7, 0x10A2, 0x1082, 0x0841, 0x0841, 
  0x18C3, 0x10A2, 0x1082, 0x18C3, 0x10A2, 0x10A2, 0x0861, 0x1082, 0x18C3, 0x10A2, 0x0861, 0x0841, 0x0861, 0x0861, 0x0861, 0x18E3, 
  0x18E3, 0x10A2, 0x0841, 0x18C3, 0x18E3, 0x1082, 0x18E3, 0x0861, 0x0861, 0x18C3, 0x2104, 0x18C3, 0x0861, 0x1082, 0x0841, 0x0841, 
  0x0841, 0x0841, 0x0841, 0x0841, 0x0841, 0x0841, 0x0841, 0x0841, 0x0841, 0x0841, 0x0841, 0x0841, 0x0841, 0x0841, 0x0841, 0x0020, 
  0x0020, 0x0841, 0x0841, 0x0841, 0x0841, 0x0841, 0x0841, 0x0841, 0x0841, 0x0841, 0x0841, 0x0841, 0x0841, 0x0841, 0x0841, 0x0841, 
  0x0841, 0x0841, 0x0841, 0x0841, 0x0841, 0x0841, 0x0841, 0x0841, 0x0841, 0x0841, 0x0841, 0x0841, 0x0841, 0x0841, 0x0841, 0x0841, 
  0x0841, 0x0841, 0x0841, 0x0841, 0x0841, 0x0841, 0x0841, 0x0841, 0x0841, 0x0841, 0x0841, 0x0841, 0x0841, 0x0841, 0x0841, 0x0841, 
  0x0841, 0x0841, 0x0841, 0x0841, 0x0841, 0x0841, 0x0841, 0x0841, 0x0841, 0x0841, 0x0841, 0x0841, 0x0841, 0x0841, 0x0841, 0x0861, 
  0x0841, 0x0841, 0x0020, 0x1082, 0x0861, 0x0841, 0x0020, 0x4A49, 0x39C7, 0x2124, 0x2945, 0x4208, 0x3186, 0x18C3, 0x2965, 0x2104, 
  0x2104, 0x4A69, 0x3186, 0x0020, 0x1082, 0x2124, 0x4A69, 0x5AEB, 0x2945, 0x3186, 0x39C7, 0x31A6, 0x52AA, 0x73AE, 0x4A49, 0x2945, 
  0x2945, 0x3186, 0x0020, 0x0020, 0x18C3, 0x4A49, 0x0841, 0x0841, 0x1082, 0x2945, 0x0861, 0x2104, 0x18E3, 0x39E7, 0x2124, 0x18E3, 
  0x10A2, 0x18C3, 0x18C3, 0x0841, 0x0841, 0x0841, 0x0841, 0x0841, 0x0841, 0x0841, 0x0841, 0x0841, 0x0841, 0x0841, 0x0841, 0x0841, 
  0x0841, 0x0841, 0x0841, 0x0841, 0x0841, 0x0841, 0x0841, 0x0841, 0x0841, 0x0841, 0x0841, 0x0841, 0x0841, 0x0020, 0x0925, 0x0966, 
  0x0926, 0x0925, 0x1A4A, 0x0000, 0x0861, 0x0841, 0x0841, 0x0841, 0x0841, 0x0841, 0x0841, 0x0841, 0x0841, 0x0841, 0x0841, 0x0841, 
  0x0841, 0x0841, 0x0841, 0x0841, 0x0841, 0x0841, 0x0841, 0x0841, 0x0841, 0x0841, 0x0841, 0x0841, 0x0841, 0x0861, 0x0820, 0x08A3, 
  0x1A4A, 0x08E4, 0x0946, 0x1187, 0x0882, 0x0841, 0x0841, 0x0841, 0x0841, 0x0841, 0x0841, 0x0841, 0x0841, 0x0841, 0x0841, 0x0841, 
  0x0841, 0x0841, 0x0841, 0x0841, 0x0841, 0x0841, 0x0841, 0x0841, 0x0841, 0x0841, 0x0841, 0x0841, 0x0841, 0x0841, 0x0841, 0x0841, 
  0x0841, 0x0841, 0x0841, 0x0020, 0x3186, 0x2965, 0x2965, 0x0020, 0x0841, 0x0841, 0x0841, 0x0841, 0x0841, 0x0841, 0x0020, 0x10A2, 
  0x3186, 0x52AA, 0x4228, 0x2965, 0x2965, 0x4A49, 0x2124, 0x0000, 0x10A2, 0x3186, 0x4208, 0x4A49, 0x4A69, 0x738E, 0x2965, 0x31A6, 
  0x39E7, 0x18C3, 0x2945, 0x2104, 0x18E3, 0x10A2, 0x0020, 0x0841, 0x0841, 0x0841, 0x0841, 0x0020, 0x0861, 0x1082, 0x0861, 0x10A2, 
  0x10A2, 0x0841, 0x2945, 0x18C3, 0x0861, 0x2124, 0x0861, 0x18C3, 0x2965, 0x10A2, 0x1082, 0x10A2, 0x0841, 0x18C3, 0x0861, 0x1082, 
  0x2104, 0x10A2, 0x18C3, 0x18E3, 0x0861, 0x0841, 0x0841, 0x10A2, 0x10A2, 0x1082, 0x0841, 0x0841, 0x0861, 0x18C3, 0x0861, 0x18E3, 
  0x1082, 0x0861, 0x0020, 0x1082, 0x0861, 0x0841, 0x1082, 0x0841, 0x0861, 0x0861, 0x10A2, 0x18C3, 0x10A2, 0x18C3, 0x0861, 0x0841, 
  0x0841, 0x0841, 0x0841, 0x0841, 0x0841, 0x0841, 0x0841, 0x0841, 0x0841, 0x0841, 0x0841, 0x0841, 0x0841, 0x0841, 0x0841, 0x0020, 
  0x0020, 0x0841, 0x0841, 0x0841, 0x0841, 0x0841, 0x0841, 0x0841, 0x0841, 0x0841, 0x0841, 0x0841, 0x0841, 0x0841, 0x0841, 0x0841, 
  0x0841, 0x0841, 0x0841, 0x0841, 0x0841, 0x0841, 0x0841, 0x0841, 0x0841, 0x0841, 0x0841, 0x0841, 0x0841, 0x0841, 0x0841, 0x0841, 
  0x0841, 0x0841, 0x0841, 0x0841, 0x0841, 0x0841, 0x0841, 0x0841, 0x0841, 0x0841, 0x0841, 0x0841, 0x0841, 0x0841, 0x0841, 0x0841, 
  0x0841, 0x0841, 0x0841, 0x0841, 0x0841, 0x0841, 0x0841, 0x0841, 0x0841, 0x0841, 0x0841, 0x0861, 0x0861, 0x0841, 0x10A2, 0x3186, 
  0x0020, 0x0861, 0x0020, 0x2124, 0x18C3, 0x0841, 0x0841, 0x5ACB, 0x52AA, 0x528A, 0x5AEB, 0x632C, 0x4208, 0x2965, 0x4228, 0x3186, 
  0x4A49, 0x39C7, 0x1082, 0x2104, 0x4228, 0x39E7, 0x18C3, 0x738E, 0x52AA, 0x39C7, 0x4228, 0x2945, 0x4208, 0x8430, 0x8C71, 0x8C51, 
  0x738E, 0x738E, 0x0841, 0x0020, 0x1082, 0x39C7, 0x0020, 0x0020, 0x2124, 0x8430, 0x6B6D, 0x7BEF, 0x7BEF, 0x7BEF, 0x18E3, 0x18E3, 
  0x0861, 0x3186, 0x2965, 0x0020, 0x0841, 0x0841, 0x0841, 0x0841, 0x0841, 0x0841, 0x0841, 0x0841, 0x0841, 0x0841, 0x0841, 0x0841, 
  0x0841, 0x0841, 0x0841, 0x0841, 0x0841, 0x0841, 0x0841, 0x0841, 0x0841, 0x0841, 0x0841, 0x0841, 0x0841, 0x0820, 0x08C3, 0x1167, 
  0x1187, 0x0041, 0x1AAC, 0x0946, 0x0820, 0x0841, 0x0841, 0x0841, 0x0841, 0x0841, 0x0841, 0x0841, 0x0841, 0x0841, 0x0841, 0x0841, 
  0x0841, 0x0841, 0x0841, 0x0841, 0x0841, 0x0841, 0x0841, 0x0841, 0x0841, 0x0841, 0x0841, 0x0841, 0x0841, 0x0841, 0x0041, 0x1A4B, 
  0x0967, 0x0862, 0x11A8, 0x1166, 0x0041, 0x0841, 0x0841, 0x0841, 0x0841, 0x0841, 0x0841, 0x0841, 0x0841, 0x0841, 0x0841, 0x0841, 
  0x0841, 0x0841, 0x0841, 0x0841, 0x0841, 0x0841, 0x0841, 0x0841, 0x0841, 0x0841, 0x0841, 0x0841, 0x0841, 0x0841, 0x0841, 0x0841, 
  0x0841, 0x0841, 0x0841, 0x0020, 0x2945, 0x4A49, 0x2945, 0x0020, 0x0841, 0x0841, 0x0841, 0x0841, 0x0841, 0x0841, 0x0841, 0x0841, 
  0x18E3, 0x4228, 0x6B6D, 0x4208, 0x5AEB, 0x8C51, 0x2104, 0x1082, 0x18E3, 0x2104, 0x18E3, 0x3186, 0x4A49, 0x2945, 0x18E3, 0x39C7, 
  0x2945, 0x4228, 0x4228, 0x4228, 0x4228, 0x1082, 0x0020, 0x0841, 0x0841, 0x0841, 0x0841, 0x0841, 0x18C3, 0x10A2, 0x0861, 0x18C3, 
  0x1082, 0x0841, 0x18C3, 0x1082, 0x0020, 0x0841, 0x0020, 0x0861, 0x1082, 0x0020, 0x18C3, 0x2124, 0x0841, 0x18C3, 0x18C3, 0x0861, 
  0x1082, 0x18C3, 0x0861, 0x10A2, 0x10A2, 0x0861, 0x10A2, 0x18E3, 0x0861, 0x1082, 0x0841, 0x0861, 0x1082, 0x0841, 0x0841, 0x2945, 
  0x1082, 0x0861, 0x0841, 0x1082, 0x2104, 0x0861, 0x2104, 0x0841, 0x1082, 0x1082, 0x18C3, 0x2124, 0x0020, 0x0861, 0x0861, 0x0841, 
  0x0841, 0x0841, 0x0841, 0x0841, 0x0841, 0x0841, 0x0841, 0x0841, 0x0841, 0x0841, 0x0841, 0x0841, 0x0841, 0x0841, 0x0841, 0x0020, 
  0x0020, 0x0841, 0x0841, 0x0841, 0x0841, 0x0841, 0x0841, 0x0841, 0x0841, 0x0841, 0x0841, 0x0841, 0x0841, 0x0841, 0x0841, 0x0841, 
  0x0841, 0x0841, 0x0841, 0x0841, 0x0841, 0x0841, 0x0841, 0x0841, 0x0841, 0x0841, 0x0841, 0x0841, 0x0841, 0x0841, 0x0841, 0x0841, 
  0x0841, 0x0841, 0x0841, 0x0841, 0x0841, 0x0841, 0x0841, 0x0841, 0x0841, 0x0841, 0x0841, 0x0841, 0x0841, 0x0841, 0x0841, 0x0841, 
  0x0841, 0x0841, 0x0841, 0x0841, 0x0841, 0x0841, 0x0841, 0x0841, 0x0841, 0x0841, 0x0861, 0x1082, 0x10A2, 0x1082, 0x10A2, 0x18C3, 
  0x1082, 0x18C3, 0x10A2, 0x2124, 0x18C3, 0x10A2, 0x1082, 0x6B6D, 0x6B6D, 0x630C, 0x738E, 0x632C, 0x4208, 0x4A69, 0x6B6D, 0x630C, 
  0x73AE, 0x39E7, 0x10A2, 0x39E7, 0x6B6D, 0x4208, 0x2104, 0x6B4D, 0x7BEF, 0x4208, 0x52AA, 0x5ACB, 0x73AE, 0x8C71, 0x8C71, 0x8C71, 
  0x94B2, 0x7BCF, 0x18C3, 0x18C3, 0x2104, 0x39E7, 0x18E3, 0x10A2, 0x39E7, 0xA534, 0xAD55, 0xAD75, 0xAD75, 0x8430, 0x18C3, 0x2104, 
  0x0000, 0x2124, 0x2945, 0x0000, 0x0841, 0x0841, 0x0841, 0x0841, 0x0841, 0x0841, 0x0841, 0x0841, 0x0841, 0x0841, 0x0841, 0x0841, 
  0x0841, 0x0841, 0x0841, 0x0841, 0x0841, 0x0841, 0x0841, 0x0841, 0x0841, 0x0841, 0x0841, 0x0841, 0x0841, 0x0821, 0x0882, 0x11A8, 
  0x1187, 0x0041, 0x08E5, 0x1A4B, 0x0862, 0x0841, 0x0841, 0x0841, 0x0841, 0x0841, 0x0841, 0x0841, 0x0841, 0x0841, 0x0841, 0x0841, 
  0x0841, 0x0841, 0x0841, 0x0841, 0x0841, 0x0841, 0x0841, 0x0841, 0x0841, 0x0841, 0x0841, 0x0841, 0x0841, 0x0020, 0x1146, 0x1A4B, 
  0x0042, 0x08A3, 0x11C9, 0x0966, 0x0821, 0x0841, 0x0841, 0x0841, 0x0841, 0x0841, 0x0841, 0x0841, 0x0841, 0x0841, 0x0841, 0x0841, 
  0x0841, 0x0841, 0x0841, 0x0841, 0x0841, 0x0841, 0x0841, 0x0841, 0x0841, 0x0841, 0x0841, 0x0841, 0x0841, 0x0841, 0x0841, 0x0841, 
  0x0841, 0x0841, 0x0841, 0x0020, 0x2965, 0x2965, 0x0861, 0x0841, 0x0841, 0x0841, 0x0841, 0x0841, 0x0841, 0x0841, 0x0841, 0x0841, 
  0x0020, 0x2945, 0x632C, 0x632C, 0x7BCF, 0x9492, 0x4228, 0x2124, 0x3186, 0x0841, 0x3186, 0x4A49, 0x4A69, 0x31A6, 0x2965, 0x18C3, 
  0x0020, 0x2124, 0x39E7, 0x18C3, 0x0841, 0x0841, 0x0841, 0x0841, 0x0841, 0x0841, 0x0841, 0x0841, 0x18C3, 0x18C3, 0x18C3, 0x10A2, 
  0x18C3, 0x10A2, 0x0861, 0x10A2, 0x0861, 0x0861, 0x1082, 0x18C3, 0x1082, 0x18C3, 0x1082, 0x2945, 0x18C3, 0x18E3, 0x10A2, 0x0841, 
  0x10A2, 0x1082, 0x0841, 0x0861, 0x18E3, 0x10A2, 0x18C3, 0x10A2, 0x18E3, 0x1082, 0x0841, 0x0861, 0x1082, 0x0861, 0x0861, 0x0861, 
  0x0861, 0x18C3, 0x0841, 0x10A2, 0x18C3, 0x0841, 0x2124, 0x0861, 0x0861, 0x10A2, 0x0861, 0x1082, 0x0861, 0x0861, 0x1082, 0x0841, 
  0x0841, 0x0841, 0x0841, 0x0841, 0x0841, 0x0841, 0x0841, 0x0841, 0x0841, 0x0841, 0x0841, 0x0841, 0x0841, 0x0841, 0x0841, 0x0020, 
  0x0020, 0x0841, 0x0841, 0x0841, 0x0841, 0x0841, 0x0841, 0x0841, 0x0841, 0x0841, 0x0841, 0x0841, 0x0841, 0x0841, 0x0841, 0x0841, 
  0x0841, 0x0841, 0x0841, 0x0841, 0x0841, 0x0841, 0x0841, 0x0841, 0x0841, 0x0841, 0x0841, 0x0841, 0x0841, 0x0841, 0x0841, 0x0841, 
  0x0841, 0x0841, 0x0841, 0x0841, 0x0841, 0x0841, 0x0841, 0x0841, 0x0841, 0x0841, 0x0841, 0x0841, 0x0841, 0x0841, 0x0841, 0x0841, 
  0x0841, 0x0841, 0x0841, 0x0841, 0x0841, 0x0841, 0x0841, 0x0841, 0x0841, 0x0841, 0x0841, 0x0020, 0x0020, 0x0841, 0x0020, 0x0020, 
  0x0841, 0x0020, 0x0841, 0x0020, 0x0020, 0x0841, 0x0841, 0x4208, 0x3186, 0x2104, 0x2965, 0x4208, 0x4228, 0x31A6, 0x39C7, 0x2124, 
  0x4228, 0x2965, 0x0000, 0x0841, 0x18E3, 0x0861, 0x0000, 0x630C, 0x8410, 0x39C7, 0x39E7, 0x18C3, 0x4A69, 0x8410, 0x6B4D, 0x5ACB, 
  0x630C, 0x5ACB, 0x0841, 0x0841, 0x0841, 0x0020, 0x0841, 0x0020, 0x2945, 0x94B2, 0x8C71, 0x8C51, 0x8430, 0x738E, 0x10A2, 0x18E3, 
  0x1082, 0x2965, 0x2124, 0x0020, 0x0841, 0x0841, 0x0841, 0x0841, 0x0841, 0x0841, 0x0841, 0x0841, 0x0841, 0x0841, 0x0841, 0x0841, 
  0x0841, 0x0841, 0x0841, 0x0841, 0x0841, 0x0841, 0x0841, 0x0841, 0x0841, 0x0841, 0x0841, 0x0841, 0x0841, 0x0841, 0x0062, 0x11A8, 
  0x11A8, 0x0041, 0x0862, 0x1A6B, 0x1A8C, 0x0000, 0x0841, 0x0861, 0x0841, 0x0841, 0x0841, 0x0861, 0x0841, 0x0841, 0x0841, 0x0841, 
  0x0841, 0x0841, 0x0841, 0x0841, 0x0841, 0x0841, 0x0841, 0x0841, 0x0841, 0x0841, 0x0841, 0x0861, 0x0820, 0x08C3, 0x232F, 0x1187, 
  0x0021, 0x08C3, 0x1A0A, 0x0925, 0x0820, 0x0841, 0x0841, 0x0841, 0x0841, 0x0841, 0x0841, 0x0841, 0x0841, 0x0841, 0x0841, 0x0841, 
  0x0841, 0x0841, 0x0841, 0x0841, 0x0841, 0x0841, 0x0841, 0x0841, 0x0841, 0x0841, 0x0841, 0x0841, 0x0841, 0x0841, 0x0841, 0x0841, 
  0x0841, 0x0841, 0x0841, 0x0020, 0x2124, 0x2965, 0x0020, 0x0841, 0x0841, 0x0841, 0x0841, 0x0841, 0x0841, 0x0841, 0x0841, 0x0841, 
  0x0841, 0x0020, 0x4208, 0x738E, 0x4A69, 0x8410, 0x5AEB, 0x4228, 0x2124, 0x0841, 0x0841, 0x1082, 0x2104, 0x2104, 0x0841, 0x0020, 
  0x0000, 0x18C3, 0x4208, 0x2104, 0x0020, 0x0841, 0x0841, 0x0841, 0x0841, 0x0841, 0x0841, 0x0861, 0x2104, 0x10A2, 0x0861, 0x0841, 
  0x1082, 0x10A2, 0x10A2, 0x2124, 0x10A2, 0x1082, 0x10A2, 0x2104, 0x0861, 0x1082, 0x0841, 0x10A2, 0x10A2, 0x1082, 0x2104, 0x0841, 
  0x1082, 0x10A2, 0x1082, 0x0861, 0x2124, 0x10A2, 0x18C3, 0x18E3, 0x0861, 0x0841, 0x0841, 0x0841, 0x0861, 0x1082, 0x0861, 0x0841, 
  0x10A2, 0x18C3, 0x1082, 0x0861, 0x1082, 0x1082, 0x1082, 0x0861, 0x18C3, 0x18C3, 0x1082, 0x0841, 0x10A2, 0x1082, 0x0861, 0x0841, 
  0x0841, 0x0841, 0x0841, 0x0841, 0x0841, 0x0841, 0x0841, 0x0841, 0x0841, 0x0841, 0x0841, 0x0841, 0x0841, 0x0841, 0x0841, 0x0020, 
  0x0020, 0x0841, 0x0841, 0x0841, 0x0841, 0x0841, 0x0841, 0x0841, 0x0841, 0x0841, 0x0841, 0x0841, 0x0841, 0x0841, 0x0841, 0x0841, 
  0x0841, 0x0841, 0x0841, 0x0841, 0x0841, 0x0841, 0x0841, 0x0841, 0x0841, 0x0841, 0x0841, 0x0841, 0x0841, 0x0841, 0x0841, 0x0841, 
  0x0841, 0x0841, 0x0841, 0x0841, 0x0841, 0x0841, 0x0841, 0x0841, 0x0841, 0x0841, 0x0841, 0x0841, 0x0841, 0x0841, 0x0841, 0x0841, 
  0x0841, 0x0841, 0x0841, 0x0841, 0x0841, 0x0841, 0x0841, 0x0841, 0x0841, 0x0841, 0x0841, 0x0841, 0x0841, 0x0841, 0x0841, 0x0841, 
  0x0841, 0x0841, 0x0841, 0x0841, 0x0841, 0x0841, 0x0841, 0x18E3, 0x0861, 0x0020, 0x0861, 0x2124, 0x39E7, 0x2945, 0x2965, 0x2965, 
  0x2965, 0x4A49, 0x2965, 0x0000, 0x10A2, 0x0020, 0x39C7, 0x6B4D, 0x5AEB, 0x4208, 0x2124, 0x18C3, 0x2945, 0x3186, 0x1082, 0x0841, 
  0x10A2, 0x3186, 0x0861, 0x0020, 0x0841, 0x0841, 0x0020, 0x0841, 0x0841, 0x31A6, 0x18E3, 0x2124, 0x10A2, 0x2965, 0x1082, 0x1082, 
  0x10A2, 0x18C3, 0x1082, 0x0841, 0x0841, 0x0841, 0x0841, 0x0841, 0x0841, 0x0841, 0x0841, 0x0841, 0x0841, 0x0841, 0x0841, 0x0841, 
  0x0841, 0x0841, 0x0841, 0x0841, 0x0841, 0x0841, 0x0841, 0x0841, 0x0841, 0x0841, 0x0841, 0x0841, 0x0841, 0x0840, 0x0020, 0x11A8, 
  0x11E9, 0x0841, 0x0821, 0x09A8, 0x1B2F, 0x08E4, 0x0841, 0x0862, 0x0861, 0x0862, 0x0861, 0x0862, 0x0862, 0x0862, 0x0862, 0x0861, 
  0x0861, 0x0841, 0x0040, 0x0841, 0x0841, 0x0841, 0x0841, 0x0841, 0x0841, 0x0841, 0x0840, 0x0862, 0x0041, 0x11E9, 0x1B0E, 0x08C4, 
  0x0041, 0x08C4, 0x1A4B, 0x08C4, 0x0820, 0x0841, 0x0841, 0x0841, 0x0841, 0x0841, 0x0841, 0x0841, 0x0841, 0x0841, 0x0841, 0x0841, 
  0x0841, 0x0841, 0x0841, 0x0841, 0x0841, 0x0841, 0x0841, 0x0841, 0x0841, 0x0841, 0x0841, 0x0841, 0x0841, 0x0841, 0x0841, 0x0841, 
  0x0841, 0x0841, 0x0841, 0x0841, 0x0861, 0x2124, 0x18C3, 0x0020, 0x0841, 0x0841, 0x0020, 0x0841, 0x0841, 0x0841, 0x0841, 0x0841, 
  0x0841, 0x0020, 0x0020, 0x4228, 0x39C7, 0x10A2, 0x4A49, 0x4A49, 0x528A, 0x31A6, 0x0841, 0x0861, 0x0841, 0x2124, 0x3186, 0x5ACB, 
  0x4228, 0x0000, 0x2124, 0x2104, 0x0000, 0x0841, 0x0020, 0x0841, 0x0841, 0x0841, 0x0020, 0x2104, 0x3186, 0x2124, 0x10A2, 0x0020, 
  0x0841, 0x18C3, 0x10A2, 0x10A2, 0x0841, 0x0841, 0x0841, 0x10A2, 0x1082, 0x1082, 0x0841, 0x0841, 0x2945, 0x31A6, 0x4208, 0x10A2, 
  0x0841, 0x10A2, 0x18C3, 0x0861, 0x10A2, 0x0841, 0x1082, 0x18C3, 0x0861, 0x0020, 0x1082, 0x18E3, 0x0841, 0x0841, 0x1082, 0x0841, 
  0x0861, 0x1082, 0x0861, 0x18E3, 0x10A2, 0x1082, 0x18E3, 0x18C3, 0x1082, 0x1082, 0x0841, 0x0861, 0x1082, 0x0841, 0x0861, 0x18C3, 
  0x0841, 0x0841, 0x0841, 0x0841, 0x0841, 0x0841, 0x0841, 0x0841, 0x0841, 0x0841, 0x0841, 0x0841, 0x0841, 0x0841, 0x0841, 0x0020, 
  0x0020, 0x0841, 0x0841, 0x0841, 0x0841, 0x0841, 0x0841, 0x0841, 0x0841, 0x0841, 0x0841, 0x0841, 0x0841, 0x0841, 0x0841, 0x0841, 
  0x0841, 0x0841, 0x0841, 0x0841, 0x0841, 0x0841, 0x0841, 0x0841, 0x0841, 0x0841, 0x0841, 0x0841, 0x0841, 0x0841, 0x0841, 0x0841, 
  0x0841, 0x0841, 0x0841, 0x0841, 0x0841, 0x0841, 0x0841, 0x0841, 0x0841, 0x0841, 0x0841, 0x0841, 0x0841, 0x0841, 0x0841, 0x0841, 
  0x0841, 0x0841, 0x0841, 0x0841, 0x0841, 0x0841, 0x0841, 0x0841, 0x0841, 0x0841, 0x0841, 0x0841, 0x0841, 0x0841, 0x0841, 0x0841, 
  0x0841, 0x0841, 0x0841, 0x0841, 0x0841, 0x0841, 0x0861, 0x18E3, 0x10A2, 0x0841, 0x0841, 0x2104, 0x3186, 0x2124, 0x18E3, 0x39C7, 
  0x39C7, 0x2965, 0x4208, 0x4A69, 0x528A, 0x5AEB, 0x6B4D, 0x31A6, 0x39E7, 0x3186, 0x10A2, 0x2124, 0x2124, 0x18C3, 0x0020, 0x0841, 
  0x18C3, 0x18E3, 0x0861, 0x0861, 0x0841, 0x0841, 0x0841, 0x0841, 0x0861, 0x2945, 0x0861, 0x10A2, 0x1082, 0x2945, 0x0020, 0x1082, 
  0x0020, 0x0020, 0x0020, 0x0841, 0x0841, 0x0841, 0x0841, 0x0841, 0x0841, 0x0841, 0x0841, 0x0841, 0x0841, 0x0841, 0x0841, 0x0841, 
  0x0841, 0x0841, 0x0841, 0x0841, 0x0841, 0x0841, 0x0841, 0x0841, 0x0841, 0x0841, 0x0841, 0x0841, 0x0841, 0x0841, 0x0800, 0x0966, 
  0x120A, 0x0820, 0x0841, 0x08A3, 0x1AAD, 0x120A, 0x0020, 0x0862, 0x0841, 0x0861, 0x0841, 0x0841, 0x0841, 0x0841, 0x0861, 0x0841, 
  0x0861, 0x0841, 0x0841, 0x0841, 0x0841, 0x0841, 0x0841, 0x0841, 0x0841, 0x0841, 0x0841, 0x0841, 0x1125, 0x1AAD, 0x11C9, 0x0041, 
  0x0841, 0x00A3, 0x126B, 0x0882, 0x0820, 0x0841, 0x0841, 0x0841, 0x0841, 0x0841, 0x0841, 0x0841, 0x0841, 0x0841, 0x0841, 0x0841, 
  0x0841, 0x0841, 0x0841, 0x0841, 0x0841, 0x0841, 0x0841, 0x0841, 0x0841, 0x0841, 0x0841, 0x0841, 0x0841, 0x0841, 0x0841, 0x0841, 
  0x0841, 0x0841, 0x0841, 0x0841, 0x1082, 0x2104, 0x4228, 0x1082, 0x0020, 0x0841, 0x0841, 0x0841, 0x0841, 0x0841, 0x0841, 0x0841, 
  0x0841, 0x0841, 0x0841, 0x0000, 0x2945, 0x4208, 0x528A, 0x632C, 0x8410, 0x7BEF, 0x31A6, 0x18E3, 0x2124, 0x18E3, 0x5AEB, 0x4A69, 
  0x39C7, 0x2945, 0x10A2, 0x0020, 0x0841, 0x0841, 0x0841, 0x0841, 0x0841, 0x0841, 0x0861, 0x18C3, 0x2104, 0x2124, 0x10A2, 0x0020, 
  0x0841, 0x0861, 0x0861, 0x18E3, 0x1082, 0x0841, 0x18C3, 0x18C3, 0x0861, 0x1082, 0x0841, 0x0020, 0x2124, 0x2124, 0x2104, 0x10A2, 
  0x0861, 0x0861, 0x0861, 0x18C3, 0x10A2, 0x0841, 0x1082, 0x10A2, 0x0020, 0x0841, 0x10A2, 0x1082, 0x0861, 0x1082, 0x1082, 0x0841, 
  0x0841, 0x1082, 0x0861, 0x0841, 0x0861, 0x0861, 0x1082, 0x0841, 0x1082, 0x1082, 0x0841, 0x0841, 0x0861, 0x0861, 0x1082, 0x10A2, 
  0x0861, 0x0841, 0x0841, 0x0841, 0x0841, 0x0841, 0x0841, 0x0841, 0x0841, 0x0841, 0x0841, 0x0841, 0x0841, 0x0841, 0x0841, 0x0020, 
  0x0020, 0x0841, 0x0841, 0x0841, 0x0841, 0x0841, 0x0841, 0x0841, 0x0841, 0x0841, 0x0841, 0x0841, 0x0841, 0x0841, 0x0841, 0x0841, 
  0x0841, 0x0841, 0x0841, 0x0841, 0x0841, 0x0841, 0x0841, 0x0841, 0x0841, 0x0841, 0x0841, 0x0841, 0x0841, 0x0841, 0x0841, 0x0841, 
  0x0841, 0x0841, 0x0841, 0x0841, 0x0841, 0x0841, 0x0841, 0x0841, 0x0841, 0x0841, 0x0841, 0x0841, 0x0841, 0x0841, 0x0841, 0x0841, 
  0x0841, 0x0841, 0x0841, 0x0841, 0x0841, 0x0841, 0x0841, 0x0841, 0x0841, 0x0841, 0x0841, 0x0841, 0x0841, 0x0841, 0x0841, 0x0841, 
  0x0841, 0x0841, 0x0841, 0x0841, 0x0841, 0x0841, 0x0861, 0x10A2, 0x18C3, 0x0841, 0x0841, 0x2945, 0x630C, 0x2965, 0x10A2, 0x18E3, 
  0x31A6, 0x2104, 0x18C3, 0x2104, 0x31A6, 0x3186, 0x2965, 0x39C7, 0x528A, 0x1082, 0x0861, 0x39C7, 0x6B4D, 0x2124, 0x0020, 0x0861, 
  0x18C3, 0x18C3, 0x0861, 0x0861, 0x0861, 0x0861, 0x0861, 0x0861, 0x18C3, 0x31A6, 0x1082, 0x18E3, 0x10A2, 0x4208, 0x0841, 0x10A2, 
  0x0841, 0x0841, 0x0841, 0x0841, 0x0841, 0x0841, 0x0841, 0x0841, 0x0841, 0x0841, 0x0841, 0x0841, 0x0841, 0x0841, 0x0841, 0x0841, 
  0x0841, 0x0841, 0x0841, 0x0841, 0x0841, 0x0841, 0x0841, 0x0841, 0x0841, 0x0841, 0x0841, 0x0841, 0x0841, 0x0841, 0x0800, 0x0925, 
  0x124B, 0x0021, 0x0882, 0x0021, 0x11C8, 0x232E, 0x08A3, 0x0861, 0x0861, 0x0862, 0x0841, 0x0862, 0x0862, 0x0862, 0x0862, 0x0861, 
  0x0862, 0x0841, 0x0841, 0x0841, 0x0841, 0x0841, 0x0841, 0x0841, 0x0841, 0x0841, 0x0841, 0x0041, 0x11E9, 0x1B0E, 0x08A3, 0x0842, 
  0x0862, 0x08A3, 0x128B, 0x0061, 0x0841, 0x0841, 0x0841, 0x0841, 0x0841, 0x0841, 0x0841, 0x0841, 0x0841, 0x0841, 0x0841, 0x0841, 
  0x0841, 0x0841, 0x0841, 0x0841, 0x0841, 0x0841, 0x0841, 0x0841, 0x0841, 0x0841, 0x0841, 0x0841, 0x0841, 0x0841, 0x0841, 0x0841, 
  0x0841, 0x0841, 0x0841, 0x0841, 0x1082, 0x3186, 0x3186, 0x4A49, 0x10A2, 0x0020, 0x0841, 0x0841, 0x0841, 0x0841, 0x0841, 0x0841, 
  0x0841, 0x0841, 0x0841, 0x0841, 0x0861, 0x2965, 0x4208, 0x5AEB, 0x9CF3, 0x6B6D, 0x4A49, 0x3186, 0x4A69, 0x1082, 0x39E7, 0x18C3, 
  0x18E3, 0x2104, 0x0020, 0x0841, 0x0841, 0x0841, 0x0841, 0x0841, 0x0841, 0x0841, 0x1082, 0x0861, 0x1082, 0x1082, 0x0020, 0x0841, 
  0x0841, 0x18C3, 0x0861, 0x10A2, 0x0861, 0x0841, 0x0861, 0x10A2, 0x1082, 0x1082, 0x0841, 0x0841, 0x0841, 0x1082, 0x0861, 0x10A2, 
  0x1082, 0x0861, 0x10A2, 0x0861, 0x0861, 0x0861, 0x1082, 0x10A2, 0x18C3, 0x0020, 0x1082, 0x0861, 0x0861, 0x0861, 0x0841, 0x0841, 
  0x0841, 0x0861, 0x1082, 0x0861, 0x10A2, 0x0861, 0x10A2, 0x0861, 0x1082, 0x0861, 0x0841, 0x0841, 0x0861, 0x0861, 0x0861, 0x0861, 
  0x0841, 0x0841, 0x0841, 0x0841, 0x0841, 0x0841, 0x0841, 0x0841, 0x0841, 0x0841, 0x0841, 0x0841, 0x0841, 0x0841, 0x0841, 0x0020, 
  0x0020, 0x0841, 0x0841, 0x0841, 0x0841, 0x0841, 0x0841, 0x0841, 0x0841, 0x0841, 0x0841, 0x0841, 0x0841, 0x0841, 0x0841, 0x0841, 
  0x0841, 0x0841, 0x0841, 0x0841, 0x0841, 0x0841, 0x0841, 0x0841, 0x0841, 0x0841, 0x0841, 0x0841, 0x0841, 0x0841, 0x0841, 0x0841, 
  0x0841, 0x0841, 0x0841, 0x0841, 0x0841, 0x0841, 0x0841, 0x0841, 0x0841, 0x0841, 0x0841, 0x0841, 0x0841, 0x0841, 0x0841, 0x0841, 
  0x0841, 0x0841, 0x0841, 0x0841, 0x0841, 0x0841, 0x0841, 0x0841, 0x0841, 0x0841, 0x0841, 0x0841, 0x0841, 0x0841, 0x0841, 0x0841, 
  0x0841, 0x0841, 0x0841, 0x0841, 0x0841, 0x0841, 0x0861, 0x1082, 0x10A2, 0x18E3, 0x2965, 0x5ACB, 0x8410, 0x6B4D, 0x2124, 0x18E3, 
  0x2104, 0x2104, 0x2124, 0x2104, 0x2124, 0x10A2, 0x39C7, 0x52AA, 0x52AA, 0x18E3, 0x4208, 0x632C, 0x73AE, 0x4A69, 0x2945, 0x18C3, 
  0x0861, 0x10A2, 0x0841, 0x0841, 0x0841, 0x0841, 0x0841, 0x0020, 0x1082, 0x2124, 0x0861, 0x10A2, 0x1082, 0x39E7, 0x1082, 0x0841, 
  0x0841, 0x0841, 0x0841, 0x0841, 0x0841, 0x0841, 0x0841, 0x0841, 0x0841, 0x0841, 0x0841, 0x0841, 0x0841, 0x0841, 0x0841, 0x0841, 
  0x0841, 0x0841, 0x0841, 0x0841, 0x0841, 0x0841, 0x0841, 0x0841, 0x0841, 0x0841, 0x0841, 0x0841, 0x0841, 0x0841, 0x0020, 0x08E4, 
  0x1A8C, 0x0021, 0x0862, 0x0841, 0x0021, 0x1AED, 0x0925, 0x0841, 0x0841, 0x0862, 0x0821, 0x0820, 0x0020, 0x0021, 0x0841, 0x0800, 
  0x0800, 0x0020, 0x0000, 0x0000, 0x0020, 0x0800, 0x0800, 0x0800, 0x0841, 0x0841, 0x0841, 0x0821, 0x124B, 0x09C8, 0x0000, 0x0841, 
  0x0841, 0x08E4, 0x1A8B, 0x0020, 0x0841, 0x0841, 0x0841, 0x0841, 0x0841, 0x0841, 0x0841, 0x0841, 0x0841, 0x0841, 0x0841, 0x0841, 
  0x0841, 0x0841, 0x0841, 0x0841, 0x0841, 0x0841, 0x0841, 0x0841, 0x0841, 0x0841, 0x0841, 0x0841, 0x0841, 0x0841, 0x0841, 0x0841, 
  0x0841, 0x0841, 0x0841, 0x0841, 0x0861, 0x2965, 0x39C7, 0x4208, 0x2945, 0x0020, 0x0841, 0x0841, 0x0841, 0x0841, 0x0841, 0x0841, 
  0x0841, 0x0841, 0x0841, 0x0841, 0x0841, 0x0020, 0x0861, 0x2945, 0x6B4D, 0x5ACB, 0x4228, 0x4208, 0x6B4D, 0x18C3, 0x3186, 0x10A2, 
  0x0000, 0x0020, 0x0841, 0x0841, 0x0841, 0x0841, 0x0841, 0x0841, 0x0841, 0x0841, 0x1082, 0x1082, 0x0841, 0x1082, 0x0861, 0x0841, 
  0x0841, 0x2124, 0x10A2, 0x18C3, 0x10A2, 0x0861, 0x18C3, 0x10A2, 0x10A2, 0x18C3, 0x0841, 0x0841, 0x0841, 0x1082, 0x0841, 0x10A2, 
  0x0861, 0x0861, 0x10A2, 0x2104, 0x1082, 0x0020, 0x18C3, 0x1082, 0x18C3, 0x0841, 0x1082, 0x0861, 0x0841, 0x10A2, 0x0861, 0x0841, 
  0x0841, 0x0861, 0x1082, 0x0841, 0x1082, 0x1082, 0x0861, 0x0841, 0x10A2, 0x0861, 0x0841, 0x0841, 0x18C3, 0x1082, 0x0841, 0x1082, 
  0x1082, 0x0841, 0x0841, 0x0841, 0x0841, 0x0841, 0x0841, 0x0841, 0x0841, 0x0841, 0x0841, 0x0841, 0x0841, 0x0841, 0x0841, 0x0020, 
  0x0020, 0x0841, 0x0841, 0x0841, 0x0841, 0x0841, 0x0841, 0x0841, 0x0841, 0x0841, 0x0841, 0x0841, 0x0841, 0x0841, 0x0841, 0x0841, 
  0x0841, 0x0841, 0x0841, 0x0841, 0x0841, 0x0841, 0x0841, 0x0841, 0x0841, 0x0841, 0x0841, 0x0841, 0x0841, 0x0841, 0x0841, 0x0841, 
  0x0841, 0x0841, 0x0841, 0x0841, 0x0841, 0x0841, 0x0841, 0x0841, 0x0841, 0x0841, 0x0841, 0x0841, 0x0841, 0x0841, 0x0841, 0x0841, 
  0x0841, 0x0841, 0x0841, 0x0841, 0x0841, 0x0841, 0x0841, 0x0841, 0x0841, 0x0841, 0x0841, 0x0841, 0x0841, 0x0841, 0x0841, 0x0841, 
  0x0841, 0x0841, 0x0841, 0x0841, 0x0841, 0x0841, 0x1082, 0x10A2, 0x1082, 0x528A, 0x6B4D, 0x7BEF, 0x6B6D, 0x528A, 0x2965, 0x2124, 
  0x31A6, 0x1082, 0x10A2, 0x18E3, 0x2965, 0x10A2, 0x2124, 0x632C, 0x632C, 0x3186, 0x5AEB, 0x632C, 0x6B6D, 0x73AE, 0x5ACB, 0x4208, 
  0x10A2, 0x18E3, 0x0861, 0x0841, 0x0841, 0x0841, 0x0841, 0x0020, 0x10A2, 0x2104, 0x18E3, 0x2945, 0x18C3, 0x39C7, 0x0841, 0x0841, 
  0x0841, 0x0841, 0x0841, 0x0841, 0x0841, 0x0841, 0x0841, 0x0841, 0x0841, 0x0841, 0x0841, 0x0841, 0x0841, 0x0841, 0x0841, 0x0841, 
  0x0841, 0x0841, 0x0841, 0x0841, 0x0841, 0x0841, 0x0841, 0x0841, 0x0841, 0x0841, 0x0841, 0x0841, 0x0841, 0x0841, 0x0820, 0x0082, 
  0x1A4A, 0x0841, 0x0862, 0x0861, 0x0020, 0x1A09, 0x1146, 0x0821, 0x0862, 0x0841, 0x0082, 0x0967, 0x0967, 0x0946, 0x0925, 0x09A7, 
  0x09C8, 0x1187, 0x09C8, 0x0967, 0x0946, 0x0987, 0x0966, 0x0925, 0x0041, 0x0841, 0x0861, 0x0041, 0x1A6B, 0x08E4, 0x0841, 0x0862, 
  0x0841, 0x08E4, 0x11A7, 0x0020, 0x0841, 0x0841, 0x0841, 0x0841, 0x0841, 0x0841, 0x0841, 0x0841, 0x0841, 0x0841, 0x0841, 0x0841, 
  0x0841, 0x0841, 0x0841, 0x0841, 0x0841, 0x0841, 0x0841, 0x0841, 0x0841, 0x0841, 0x0841, 0x0841, 0x0841, 0x0841, 0x0841, 0x0841, 
  0x0841, 0x0841, 0x0841, 0x0841, 0x1082, 0x39E7, 0x632C, 0x4228, 0x2965, 0x0020, 0x0841, 0x0841, 0x0841, 0x0841, 0x0841, 0x0841, 
  0x0841, 0x0841, 0x0841, 0x0841, 0x0841, 0x0841, 0x0841, 0x0020, 0x0020, 0x0841, 0x0020, 0x18E3, 0x31A6, 0x10A2, 0x0861, 0x0841, 
  0x0841, 0x0841, 0x0841, 0x0841, 0x0841, 0x0841, 0x0841, 0x0841, 0x0841, 0x0841, 0x0861, 0x0841, 0x0861, 0x10A2, 0x0861, 0x0841, 
  0x0861, 0x18C3, 0x10A2, 0x18C3, 0x0861, 0x0841, 0x1082, 0x18C3, 0x18C3, 0x10A2, 0x0841, 0x0841, 0x0861, 0x0861, 0x0841, 0x0861, 
  0x1082, 0x10A2, 0x1082, 0x1082, 0x0841, 0x1082, 0x18E3, 0x0841, 0x18C3, 0x10A2, 0x1082, 0x0861, 0x0020, 0x1082, 0x0861, 0x0841, 
  0x10A2, 0x1082, 0x1082, 0x1082, 0x1082, 0x0861, 0x1082, 0x1082, 0x1082, 0x1082, 0x10A2, 0x0020, 0x10A2, 0x1082, 0x0020, 0x1082, 
  0x1082, 0x0841, 0x0841, 0x0841, 0x0841, 0x0841, 0x0841, 0x0841, 0x0841, 0x0841, 0x0841, 0x0841, 0x0841, 0x0841, 0x0841, 0x0020, 
  0x0020, 0x0841, 0x0841, 0x0841, 0x0841, 0x0841, 0x0841, 0x0841, 0x0841, 0x0841, 0x0841, 0x0841, 0x0841, 0x0841, 0x0841, 0x0841, 
  0x0841, 0x0841, 0x0841, 0x0841, 0x0841, 0x0841, 0x0841, 0x0841, 0x0841, 0x0841, 0x0841, 0x0841, 0x0841, 0x0841, 0x0841, 0x0841, 
  0x0841, 0x0841, 0x0841, 0x0841, 0x0841, 0x0841, 0x0841, 0x0841, 0x0841, 0x0841, 0x0841, 0x0841, 0x0841, 0x0841, 0x0841, 0x0841, 
  0x0841, 0x0841, 0x0841, 0x0841, 0x0841, 0x0841, 0x0841, 0x0841, 0x0841, 0x0841, 0x0841, 0x0841, 0x0841, 0x0841, 0x0841, 0x0841, 
  0x0841, 0x0841, 0x0841, 0x0841, 0x0841, 0x0841, 0x1082, 0x18C3, 0x0000, 0x4208, 0x8430, 0x5AEB, 0x2104, 0x0841, 0x10A2, 0x2124, 
  0x4A49, 0x18E3, 0x2965, 0x10A2, 0x3186, 0x10A2, 0x18E3, 0x528A, 0x4A49, 0x2124, 0x2965, 0x2104, 0x5ACB, 0x738E, 0x7BCF, 0x4228, 
  0x0841, 0x10A2, 0x0841, 0x0841, 0x0841, 0x0841, 0x0841, 0x0020, 0x2124, 0x73AE, 0x632C, 0x6B6D, 0x632C, 0x5ACB, 0x0020, 0x0841, 
  0x0841, 0x0841, 0x0841, 0x0841, 0x0841, 0x0841, 0x0841, 0x0841, 0x0841, 0x0841, 0x0841, 0x0841, 0x0841, 0x0841, 0x0841, 0x0841, 
  0x0841, 0x0841, 0x0841, 0x0841, 0x0841, 0x0841, 0x0841, 0x0841, 0x0841, 0x0841, 0x0841, 0x0841, 0x0841, 0x0841, 0x0841, 0x0041, 
  0x11C8, 0x0882, 0x0861, 0x0861, 0x0841, 0x08E4, 0x1A8B, 0x0041, 0x0841, 0x0082, 0x1B4F, 0x1C12, 0x1C33, 0x1AEE, 0x1AAD, 0x2412, 
  0x2432, 0x1AED, 0x2433, 0x236F, 0x126B, 0x1C12, 0x13F2, 0x2412, 0x0967, 0x0020, 0x0000, 0x0945, 0x1A4B, 0x0041, 0x0862, 0x0861, 
  0x0841, 0x1146, 0x0925, 0x0820, 0x0841, 0x0841, 0x0841, 0x0841, 0x0841, 0x0841, 0x0841, 0x0841, 0x0841, 0x0841, 0x0841, 0x0841, 
  0x0841, 0x0841, 0x0841, 0x0841, 0x0841, 0x0841, 0x0841, 0x0841, 0x0841, 0x0841, 0x0841, 0x0841, 0x0841, 0x0841, 0x0841, 0x0841, 
  0x0841, 0x0841, 0x0841, 0x0841, 0x0841, 0x18E3, 0x52AA, 0x4A49, 0x10A2, 0x0841, 0x0841, 0x0841, 0x0841, 0x0841, 0x0841, 0x0841, 
  0x0841, 0x0841, 0x0841, 0x0841, 0x0841, 0x0841, 0x0841, 0x0841, 0x0841, 0x0841, 0x0841, 0x0020, 0x0000, 0x0020, 0x0841, 0x0841, 
  0x0841, 0x0841, 0x0841, 0x0841, 0x0841, 0x0841, 0x0841, 0x0841, 0x0841, 0x0841, 0x0861, 0x0841, 0x0841, 0x0861, 0x0841, 0x0841, 
  0x1082, 0x10A2, 0x0861, 0x10A2, 0x0861, 0x0861, 0x1082, 0x1082, 0x0861, 0x18C3, 0x10A2, 0x0841, 0x0841, 0x10A2, 0x0841, 0x0841, 
  0x0861, 0x0020, 0x1082, 0x18C3, 0x0841, 0x10A2, 0x1082, 0x0861, 0x10A2, 0x10A2, 0x10A2, 0x0861, 0x0841, 0x0861, 0x0841, 0x0861, 
  0x10A2, 0x0861, 0x0841, 0x0861, 0x1082, 0x1082, 0x1082, 0x0841, 0x0841, 0x1082, 0x1082, 0x0841, 0x0861, 0x10A2, 0x0020, 0x1082, 
  0x1082, 0x0841, 0x0841, 0x0841, 0x0841, 0x0841, 0x0841, 0x0841, 0x0841, 0x0841, 0x0841, 0x0841, 0x0841, 0x0841, 0x0841, 0x0020, 
  0x0020, 0x0841, 0x0841, 0x0841, 0x0841, 0x0841, 0x0841, 0x0841, 0x0841, 0x0841, 0x0841, 0x0841, 0x0841, 0x0841, 0x0841, 0x0841, 
  0x0841, 0x0841, 0x0841, 0x0841, 0x0841, 0x0841, 0x0841, 0x0841, 0x0841, 0x0841, 0x0841, 0x0841, 0x0841, 0x0841, 0x0841, 0x0841, 
  0x0841, 0x0841, 0x0841, 0x0841, 0x0841, 0x0841, 0x0841, 0x0841, 0x0841, 0x0841, 0x0841, 0x0841, 0x0841, 0x0841, 0x0841, 0x0841, 
  0x0841, 0x0841, 0x0841, 0x0841, 0x0841, 0x0841, 0x0841, 0x0841, 0x0841, 0x0841, 0x0841, 0x0841, 0x0841, 0x0841, 0x0841, 0x0841, 
  0x0841, 0x0841, 0x0841, 0x0841, 0x0841, 0x0020, 0x0861, 0x10A2, 0x0020, 0x0020, 0x39E7, 0x2945, 0x0000, 0x0841, 0x0841, 0x3186, 
  0x738E, 0x6B6D, 0x4228, 0x2945, 0x31A6, 0x2945, 0x528A, 0x6B4D, 0x6B6D, 0x18E3, 0x0000, 0x0020, 0x18E3, 0x6B4D, 0x632C, 0x0861, 
  0x0020, 0x10A2, 0x0841, 0x0841, 0x0841, 0x0841, 0x0841, 0x0020, 0x18E3, 0x7BEF, 0x7BEF, 0x8430, 0x8430, 0x632C, 0x0000, 0x0841, 
  0x0841, 0x0841, 0x0841, 0x0841, 0x0841, 0x0841, 0x0841, 0x0841, 0x0841, 0x0841, 0x0841, 0x0841, 0x0841, 0x0841, 0x0841, 0x0841, 
  0x0841, 0x0841, 0x0841, 0x0841, 0x0841, 0x0841, 0x0841, 0x0841, 0x0841, 0x0841, 0x0841, 0x0841, 0x0841, 0x0820, 0x0000, 0x0020, 
  0x1A6B, 0x08E4, 0x0841, 0x0841, 0x0021, 0x0925, 0x1A8B, 0x1A8B, 0x0041, 0x1209, 0x1AED, 0x0083, 0x0062, 0x0882, 0x0082, 0x0062, 
  0x0062, 0x0061, 0x0041, 0x0062, 0x0082, 0x0062, 0x0041, 0x0987, 0x1B2E, 0x0062, 0x0946, 0x230E, 0x1209, 0x0883, 0x0841, 0x0841, 
  0x0020, 0x120A, 0x0946, 0x0000, 0x0020, 0x0820, 0x0841, 0x0841, 0x0841, 0x0841, 0x0841, 0x0841, 0x0841, 0x0841, 0x0841, 0x0841, 
  0x0841, 0x0841, 0x0841, 0x0841, 0x0841, 0x0841, 0x0841, 0x0841, 0x0841, 0x0841, 0x0841, 0x0841, 0x0841, 0x0841, 0x0841, 0x0841, 
  0x0841, 0x0841, 0x0841, 0x0841, 0x0841, 0x0020, 0x0841, 0x0861, 0x0020, 0x0841, 0x0841, 0x0841, 0x0841, 0x0841, 0x0841, 0x0841, 
  0x0841, 0x0841, 0x0841, 0x0841, 0x0841, 0x0841, 0x0841, 0x0841, 0x0841, 0x0841, 0x0841, 0x0841, 0x0841, 0x0841, 0x0841, 0x0841, 
  0x0841, 0x0841, 0x0841, 0x0841, 0x0841, 0x0841, 0x0841, 0x0841, 0x0841, 0x0020, 0x1082, 0x18C3, 0x10A2, 0x0841, 0x0841, 0x0841, 
  0x2104, 0x0861, 0x1082, 0x18E3, 0x0841, 0x0020, 0x1082, 0x18E3, 0x0861, 0x1082, 0x18E3, 0x0020, 0x0841, 0x0861, 0x18C3, 0x18E3, 
  0x0841, 0x1082, 0x10A2, 0x0861, 0x1082, 0x0861, 0x0861, 0x18C3, 0x10A2, 0x0841, 0x2124, 0x18C3, 0x0861, 0x0841, 0x0841, 0x0841, 
  0x10A2, 0x0861, 0x0020, 0x0020, 0x0861, 0x18C3, 0x0841, 0x0841, 0x0020, 0x1082, 0x0861, 0x0841, 0x0020, 0x1082, 0x1082, 0x18E3, 
  0x18C3, 0x0020, 0x0841, 0x0841, 0x0841, 0x0841, 0x0841, 0x0841, 0x0841, 0x0841, 0x0841, 0x0841, 0x0841, 0x0841, 0x0841, 0x0020, 
  0x0020, 0x0841, 0x0841, 0x0841, 0x0841, 0x0841, 0x0841, 0x0841, 0x0841, 0x0841, 0x0841, 0x0841, 0x0841, 0x0841, 0x0841, 0x0841, 
  0x0841, 0x0841, 0x0841, 0x0841, 0x0841, 0x0841, 0x0841, 0x0841, 0x0841, 0x0841, 0x0841, 0x0841, 0x0841, 0x0841, 0x0841, 0x0841, 
  0x0841, 0x0841, 0x0841, 0x0841, 0x0841, 0x0841, 0x0841, 0x0841, 0x0841, 0x0841, 0x0841, 0x0841, 0x0841, 0x0841, 0x0841, 0x0841, 
  0x0841, 0x0841, 0x0841, 0x0841, 0x0841, 0x0841, 0x0841, 0x0841, 0x0841, 0x0841, 0x0841, 0x0841, 0x0841, 0x0841, 0x0841, 0x0841, 
  0x0841, 0x0841, 0x0841, 0x0841, 0x0841, 0x0020, 0x0861, 0x10A2, 0x0020, 0x0841, 0x0000, 0x10A2, 0x18E3, 0x0841, 0x0861, 0x31A6, 
  0x7BEF, 0x7BCF, 0x39C7, 0x18E3, 0x2945, 0x18C3, 0x6B4D, 0x9492, 0x8410, 0x2104, 0x0000, 0x1082, 0x18E3, 0x2945, 0x18E3, 0x0020, 
  0x0841, 0x18C3, 0x0861, 0x0841, 0x0841, 0x0841, 0x0841, 0x0841, 0x18E3, 0x31A6, 0x2104, 0x31A6, 0x2124, 0x4208, 0x0861, 0x0841, 
  0x0841, 0x0861, 0x0841, 0x0841, 0x0841, 0x0841, 0x0841, 0x0841, 0x0841, 0x0841, 0x0841, 0x0841, 0x0841, 0x0841, 0x0841, 0x0841, 
  0x0841, 0x0841, 0x0841, 0x0841, 0x0841, 0x0841, 0x0841, 0x0841, 0x0841, 0x0841, 0x0020, 0x0000, 0x0020, 0x08A3, 0x1146, 0x19E9, 
  0x1A4B, 0x0946, 0x0841, 0x0861, 0x0041, 0x11A8, 0x0041, 0x1187, 0x1AAD, 0x126C, 0x0062, 0x0861, 0x0841, 0x0841, 0x0861, 0x0841, 
  0x0861, 0x0820, 0x0820, 0x0820, 0x0820, 0x0840, 0x0840, 0x0000, 0x11A8, 0x1AAD, 0x126B, 0x0082, 0x0925, 0x0926, 0x0841, 0x0841, 
  0x0882, 0x120A, 0x226B, 0x1987, 0x1104, 0x0861, 0x0020, 0x0820, 0x0040, 0x0841, 0x0841, 0x0841, 0x0841, 0x0841, 0x0841, 0x0841, 
  0x0841, 0x0841, 0x0841, 0x0841, 0x0841, 0x0841, 0x0841, 0x0841, 0x0841, 0x0841, 0x0841, 0x0841, 0x0841, 0x0841, 0x0841, 0x0841, 
  0x0841, 0x0841, 0x0841, 0x0841, 0x0841, 0x0841, 0x0841, 0x0841, 0x0841, 0x0841, 0x0841, 0x0841, 0x0841, 0x0841, 0x0841, 0x0841, 
  0x0841, 0x0841, 0x0841, 0x0841, 0x0841, 0x0841, 0x0841, 0x0841, 0x0841, 0x0841, 0x0841, 0x0841, 0x0841, 0x0841, 0x0841, 0x0841, 
  0x0841, 0x0841, 0x0841, 0x0841, 0x0841, 0x0841, 0x0841, 0x0841, 0x0841, 0x0841, 0x0861, 0x18C3, 0x0861, 0x0020, 0x0841, 0x0841, 
  0x18E3, 0x0861, 0x0841, 0x1082, 0x10A2, 0x0861, 0x18C3, 0x0861, 0x0841, 0x10A2, 0x18C3, 0x0841, 0x0841, 0x0020, 0x1082, 0x18E3, 
  0x0841, 0x10A2, 0x10A2, 0x0841, 0x18C3, 0x10A2, 0x0841, 0x0861, 0x1082, 0x10A2, 0x0861, 0x2965, 0x2945, 0x0020, 0x0841, 0x0861, 
  0x18C3, 0x10A2, 0x0861, 0x0020, 0x0841, 0x18C3, 0x0020, 0x0841, 0x0841, 0x1082, 0x10A2, 0x0841, 0x0841, 0x0020, 0x31A6, 0x18E3, 
  0x0841, 0x0841, 0x0841, 0x0841, 0x0841, 0x0841, 0x0841, 0x0841, 0x0841, 0x0841, 0x0841, 0x0841, 0x0841, 0x0841, 0x0841, 0x0020, 
  0x0020, 0x0841, 0x0841, 0x0841, 0x0841, 0x0841, 0x0841, 0x0841, 0x0841, 0x0841, 0x0841, 0x0841, 0x0841, 0x0841, 0x0841, 0x0841, 
  0x0841, 0x0841, 0x0841, 0x0841, 0x0841, 0x0841, 0x0841, 0x0841, 0x0841, 0x0841, 0x0841, 0x0841, 0x0841, 0x0841, 0x0841, 0x0841, 
  0x0841, 0x0841, 0x0841, 0x0841, 0x0841, 0x0841, 0x0841, 0x0841, 0x0841, 0x0841, 0x0841, 0x0841, 0x0841, 0x0841, 0x0841, 0x0841, 
  0x0841, 0x0841, 0x0841, 0x0841, 0x0841, 0x0841, 0x0841, 0x0841, 0x0841, 0x0841, 0x0841, 0x0841, 0x0841, 0x0841, 0x0841, 0x0841, 
  0x0841, 0x0841, 0x0841, 0x0841, 0x0841, 0x0841, 0x0861, 0x10A2, 0x0020, 0x0841, 0x0841, 0x0020, 0x1082, 0x18E3, 0x2124, 0x52AA, 
  0x8C51, 0x5ACB, 0x10A2, 0x0020, 0x18C3, 0x0020, 0x4228, 0x9492, 0x7BEF, 0x31A6, 0x2104, 0x2104, 0x0861, 0x0020, 0x0020, 0x0841, 
  0x0020, 0x1082, 0x0841, 0x0841, 0x0841, 0x0841, 0x0841, 0x0020, 0x10A2, 0x2124, 0x0020, 0x10A2, 0x0861, 0x39C7, 0x0841, 0x0841, 
  0x0841, 0x0841, 0x0841, 0x0841, 0x0841, 0x0841, 0x0841, 0x0841, 0x0841, 0x0841, 0x0841, 0x0841, 0x0841, 0x0841, 0x0841, 0x0841, 
  0x0841, 0x0841, 0x0841, 0x0841, 0x0841, 0x0841, 0x0841, 0x0020, 0x0020, 0x0020, 0x08C3, 0x1966, 0x19A8, 0x19C8, 0x1105, 0x0905, 
  0x0967, 0x11A7, 0x0862, 0x0841, 0x0082, 0x11A8, 0x0862, 0x0820, 0x0925, 0x08C4, 0x0820, 0x0861, 0x0841, 0x0861, 0x0041, 0x0061, 
  0x0882, 0x0862, 0x0062, 0x0041, 0x0820, 0x0840, 0x0841, 0x0841, 0x0861, 0x11A8, 0x0883, 0x0820, 0x0905, 0x1167, 0x0821, 0x0820, 
  0x08E4, 0x11A8, 0x1187, 0x08C4, 0x1167, 0x19C8, 0x1187, 0x1104, 0x0882, 0x0020, 0x0020, 0x0820, 0x0841, 0x0841, 0x0841, 0x0841, 
  0x0841, 0x0841, 0x0841, 0x0841, 0x0841, 0x0841, 0x0841, 0x0841, 0x0841, 0x0841, 0x0841, 0x0841, 0x0841, 0x0841, 0x0841, 0x0841, 
  0x0841, 0x0841, 0x0841, 0x0841, 0x0841, 0x0841, 0x0841, 0x0841, 0x0841, 0x0841, 0x0841, 0x0841, 0x0841, 0x0841, 0x0841, 0x0841, 
  0x0841, 0x0841, 0x0841, 0x0841, 0x0841, 0x0841, 0x0841, 0x0841, 0x0841, 0x0841, 0x0841, 0x0841, 0x0841, 0x0841, 0x0841, 0x0841, 
  0x0841, 0x0841, 0x0841, 0x0841, 0x0841, 0x0841, 0x0841, 0x0841, 0x0841, 0x0861, 0x0020, 0x4A49, 0x2965, 0x0841, 0x0841, 0x0861, 
  0x10A2, 0x10A2, 0x0841, 0x1082, 0x10A2, 0x1082, 0x10A2, 0x0861, 0x0861, 0x10A2, 0x18C3, 0x0861, 0x0841, 0x0861, 0x4228, 0x39C7, 
  0x0861, 0x2104, 0x10A2, 0x0861, 0x10A2, 0x10A2, 0x0841, 0x0841, 0x0861, 0x10A2, 0x0020, 0x528A, 0x5ACB, 0x0020, 0x0841, 0x0861, 
  0x10A2, 0x1082, 0x1082, 0x1082, 0x0861, 0x1082, 0x1082, 0x1082, 0x1082, 0x0861, 0x1082, 0x0841, 0x0841, 0x1082, 0x738E, 0x2965, 
  0x0841, 0x0861, 0x0841, 0x0841, 0x0841, 0x0841, 0x0841, 0x0841, 0x0841, 0x0841, 0x0841, 0x0841, 0x0841, 0x0841, 0x0841, 0x0020, 
  0x0020, 0x0841, 0x0841, 0x0841, 0x0841, 0x0841, 0x0841, 0x0841, 0x0841, 0x0841, 0x0841, 0x0841, 0x0841, 0x0841, 0x0841, 0x0841, 
  0x0841, 0x0841, 0x0841, 0x0841, 0x0841, 0x0841, 0x0841, 0x0841, 0x0841, 0x0841, 0x0841, 0x0841, 0x0841, 0x0841, 0x0841, 0x0841, 
  0x0841, 0x0841, 0x0841, 0x0841, 0x0841, 0x0841, 0x0841, 0x0841, 0x0841, 0x0841, 0x0841, 0x0841, 0x0841, 0x0841, 0x0841, 0x0841, 
  0x0841, 0x0841, 0x0841, 0x0841, 0x0841, 0x0841, 0x0841, 0x0841, 0x0841, 0x0841, 0x0841, 0x0841, 0x0841, 0x0841, 0x0841, 0x0841, 
  0x0841, 0x0841, 0x0841, 0x0841, 0x0841, 0x0841, 0x1082, 0x10A2, 0x0020, 0x0841, 0x0841, 0x0841, 0x0841, 0x0020, 0x4228, 0x8410, 
  0x9492, 0x4208, 0x10A2, 0x0861, 0x18E3, 0x0861, 0x31A6, 0x9492, 0x94B2, 0x52AA, 0x2124, 0x10A2, 0x1082, 0x10A2, 0x1082, 0x0861, 
  0x0861, 0x18C3, 0x0841, 0x0841, 0x0841, 0x0841, 0x0841, 0x0841, 0x18C3, 0x3186, 0x2124, 0x3186, 0x2104, 0x4208, 0x0861, 0x0841, 
  0x0841, 0x0841, 0x0841, 0x0841, 0x0841, 0x0841, 0x0841, 0x0841, 0x0841, 0x0841, 0x0841, 0x0841, 0x0841, 0x0841, 0x0841, 0x0841, 
  0x0841, 0x0841, 0x0841, 0x0841, 0x0840, 0x0020, 0x0841, 0x08E4, 0x1146, 0x19E9, 0x19C7, 0x1125, 0x0882, 0x0041, 0x10E4, 0x2A2A, 
  0x1105, 0x0946, 0x1125, 0x0000, 0x08E4, 0x1167, 0x0021, 0x0882, 0x0021, 0x0861, 0x0041, 0x0061, 0x0882, 0x0882, 0x1146, 0x19E9, 
  0x11A8, 0x1187, 0x11A8, 0x11A8, 0x0882, 0x0862, 0x0041, 0x0820, 0x0841, 0x0020, 0x0041, 0x0861, 0x0062, 0x1187, 0x0862, 0x0041, 
  0x11A7, 0x00A3, 0x2A6B, 0x21A8, 0x08C4, 0x0062, 0x08C4, 0x1166, 0x19A7, 0x1987, 0x1145, 0x08A3, 0x0841, 0x0020, 0x0841, 0x0841, 
  0x0841, 0x0841, 0x0841, 0x0841, 0x0841, 0x0841, 0x0841, 0x0841, 0x0841, 0x0841, 0x0841, 0x0841, 0x0841, 0x0841, 0x0841, 0x0841, 
  0x0841, 0x0841, 0x0841, 0x0841, 0x0841, 0x0841, 0x0841, 0x0841, 0x0841, 0x0841, 0x0841, 0x0841, 0x0841, 0x0841, 0x0841, 0x0841, 
  0x0841, 0x0841, 0x0841, 0x0841, 0x0841, 0x0841, 0x0841, 0x0841, 0x0841, 0x0841, 0x0841, 0x0841, 0x0841, 0x0841, 0x0841, 0x0841, 
  0x0841, 0x0841, 0x0841, 0x0841, 0x0841, 0x0841, 0x0841, 0x0841, 0x0841, 0x0841, 0x10A2, 0x4228, 0x18C3, 0x1082, 0x0841, 0x0861, 
  0x10A2, 0x0020, 0x0841, 0x0861, 0x18C3, 0x18C3, 0x18E3, 0x0841, 0x0841, 0x0841, 0x10A2, 0x0841, 0x0841, 0x1082, 0x2124, 0x39E7, 
  0x18E3, 0x10A2, 0x2104, 0x0861, 0x18C3, 0x1082, 0x0841, 0x10A2, 0x0861, 0x0841, 0x18E3, 0x31A6, 0x18C3, 0x0861, 0x0841, 0x0861, 
  0x1082, 0x0861, 0x0841, 0x18C3, 0x10A2, 0x0841, 0x18E3, 0x10A2, 0x0841, 0x0861, 0x18C3, 0x0861, 0x0861, 0x1082, 0x2945, 0x2965, 
  0x0861, 0x0841, 0x0841, 0x0841, 0x0841, 0x0841, 0x0841, 0x0841, 0x0841, 0x0841, 0x0841, 0x0841, 0x0841, 0x0841, 0x0841, 0x0020, 
  0x0020, 0x0841, 0x0841, 0x0841, 0x0841, 0x0841, 0x0841, 0x0841, 0x0841, 0x0841, 0x0841, 0x0841, 0x0841, 0x0841, 0x0841, 0x0841, 
  0x0841, 0x0841, 0x0841, 0x0841, 0x0841, 0x0841, 0x0841, 0x0841, 0x0841, 0x0841, 0x0841, 0x0841, 0x0841, 0x0841, 0x0841, 0x0841, 
  0x0841, 0x0841, 0x0841, 0x0841, 0x0841, 0x0841, 0x0841, 0x0841, 0x0841, 0x0841, 0x0841, 0x0841, 0x0841, 0x0841, 0x0841, 0x0841, 
  0x0841, 0x0841, 0x0841, 0x0841, 0x0841, 0x0841, 0x0841, 0x0841, 0x0841, 0x0841, 0x0841, 0x0841, 0x0841, 0x0841, 0x0841, 0x0841, 
  0x0841, 0x0841, 0x0841, 0x0841, 0x0841, 0x0841, 0x1082, 0x10A2, 0x0020, 0x0841, 0x0841, 0x0841, 0x0841, 0x0841, 0x0841, 0x18C3, 
  0x4A69, 0x2965, 0x10A2, 0x18C3, 0x2945, 0x10A2, 0x39C7, 0x73AE, 0x632C, 0x2965, 0x18C3, 0x1082, 0x10A2, 0x1082, 0x0861, 0x0861, 
  0x0861, 0x18C3, 0x0841, 0x0841, 0x0841, 0x0841, 0x0861, 0x0020, 0x2945, 0x8C51, 0x8410, 0x8410, 0x7BCF, 0x6B4D, 0x0841, 0x0841, 
  0x0841, 0x0841, 0x0841, 0x0841, 0x0841, 0x0841, 0x0841, 0x0841, 0x0841, 0x0841, 0x0841, 0x0841, 0x0841, 0x0841, 0x0841, 0x0841, 
  0x0841, 0x0841, 0x0841, 0x0020, 0x0882, 0x1166, 0x19A8, 0x1187, 0x08E4, 0x1947, 0x0882, 0x0862, 0x0841, 0x08C3, 0x31EA, 0x328C, 
  0x08E4, 0x0041, 0x19E9, 0x0841, 0x08A3, 0x19E9, 0x0041, 0x0841, 0x0861, 0x0021, 0x08C4, 0x11A8, 0x1187, 0x1187, 0x1187, 0x0862, 
  0x0861, 0x0841, 0x0041, 0x0905, 0x11A7, 0x1187, 0x11A8, 0x1167, 0x0041, 0x0841, 0x0861, 0x0020, 0x1146, 0x222A, 0x0000, 0x1125, 
  0x1187, 0x0000, 0x222A, 0x39EA, 0x3A0A, 0x0041, 0x0820, 0x0021, 0x0041, 0x08A3, 0x1146, 0x19A8, 0x19A8, 0x0905, 0x0861, 0x0820, 
  0x0841, 0x0841, 0x0841, 0x0841, 0x0841, 0x0841, 0x0841, 0x0841, 0x0841, 0x0841, 0x0841, 0x0841, 0x0841, 0x0841, 0x0841, 0x0841, 
  0x0841, 0x0841, 0x0841, 0x0841, 0x0841, 0x0841, 0x0841, 0x0841, 0x0841, 0x0841, 0x0841, 0x0841, 0x0841, 0x0841, 0x0841, 0x0841, 
  0x0841, 0x0841, 0x0841, 0x0841, 0x0841, 0x0841, 0x0841, 0x0841, 0x0841, 0x0841, 0x0841, 0x0841, 0x0841, 0x0841, 0x0841, 0x0841, 
  0x0841, 0x0841, 0x0841, 0x0841, 0x0841, 0x0841, 0x0841, 0x0841, 0x0841, 0x0020, 0x18E3, 0x2965, 0x0020, 0x0841, 0x0841, 0x0861, 
  0x10A2, 0x0861, 0x0861, 0x0020, 0x18C3, 0x18E3, 0x0861, 0x0841, 0x0841, 0x0861, 0x18C3, 0x0861, 0x0841, 0x0020, 0x0861, 0x2965, 
  0x18C3, 0x18E3, 0x18C3, 0x2945, 0x2104, 0x18C3, 0x10A2, 0x10A2, 0x0861, 0x0020, 0x18C3, 0x18E3, 0x0000, 0x0841, 0x0020, 0x1082, 
  0x1082, 0x0861, 0x0841, 0x0841, 0x10A2, 0x1082, 0x0861, 0x0841, 0x0841, 0x0841, 0x10A2, 0x0861, 0x0841, 0x0841, 0x0020, 0x2104, 
  0x0861, 0x0841, 0x0841, 0x0841, 0x0841, 0x0841, 0x0841, 0x0841, 0x0841, 0x0841, 0x0841, 0x0841, 0x0841, 0x0841, 0x0841, 0x0020, 
  0x0020, 0x0841, 0x0841, 0x0841, 0x0841, 0x0841, 0x0841, 0x0841, 0x0841, 0x0841, 0x0841, 0x0841, 0x0841, 0x0841, 0x0841, 0x0841, 
  0x0841, 0x0841, 0x0841, 0x0841, 0x0841, 0x0841, 0x0841, 0x0841, 0x0841, 0x0841, 0x0841, 0x0841, 0x0841, 0x0841, 0x0841, 0x0841, 
  0x0841, 0x0841, 0x0841, 0x0841, 0x0841, 0x0841, 0x0841, 0x0841, 0x0841, 0x0841, 0x0841, 0x0841, 0x0841, 0x0841, 0x0841, 0x0841, 
  0x0841, 0x0841, 0x0841, 0x0841, 0x0841, 0x0841, 0x0841, 0x0841, 0x0841, 0x0841, 0x0841, 0x0841, 0x0841, 0x0841, 0x0841, 0x0841, 
  0x0841, 0x0841, 0x0841, 0x0841, 0x0841, 0x0841, 0x1082, 0x10A2, 0x0020, 0x0841, 0x0841, 0x0841, 0x0841, 0x0841, 0x0841, 0x0020, 
  0x10A2, 0x0020, 0x0020, 0x0841, 0x1082, 0x0020, 0x18E3, 0x3186, 0x39C7, 0x18E3, 0x39E7, 0x0020, 0x0841, 0x0841, 0x0841, 0x0841, 
  0x0841, 0x10A2, 0x0841, 0x0841, 0x0841, 0x0841, 0x0841, 0x0841, 0x0861, 0x2104, 0x18C3, 0x2124, 0x18C3, 0x18E3, 0x0020, 0x0841, 
  0x0841, 0x0841, 0x0841, 0x0841, 0x0841, 0x0841, 0x0841, 0x0841, 0x0841, 0x0841, 0x0841, 0x0841, 0x0841, 0x0841, 0x0841, 0x0841, 
  0x0841, 0x0841, 0x0021, 0x1126, 0x19C8, 0x1105, 0x0882, 0x0841, 0x0041, 0x10A3, 0x0862, 0x10A3, 0x0862, 0x08A3, 0x19C9, 0x224B, 
  0x0904, 0x0820, 0x10E4, 0x19E9, 0x0062, 0x1105, 0x19E9, 0x0862, 0x0021, 0x1146, 0x19C8, 0x08C3, 0x0062, 0x0861, 0x0841, 0x0861, 
  0x0862, 0x0841, 0x0841, 0x0020, 0x0020, 0x0841, 0x0861, 0x1126, 0x19C8, 0x0883, 0x0000, 0x0904, 0x222A, 0x08A2, 0x0905, 0x19E8, 
  0x0862, 0x0862, 0x09C8, 0x2A0A, 0x19A8, 0x0062, 0x0861, 0x0882, 0x0862, 0x0861, 0x0041, 0x0841, 0x0883, 0x1126, 0x19E9, 0x08E4, 
  0x0020, 0x0841, 0x0841, 0x0841, 0x0841, 0x0841, 0x0841, 0x0841, 0x0841, 0x0841, 0x0841, 0x0841, 0x0841, 0x0841, 0x0841, 0x0841, 
  0x0841, 0x0841, 0x0841, 0x0841, 0x0841, 0x0841, 0x0841, 0x0841, 0x0841, 0x0841, 0x0841, 0x0841, 0x0841, 0x0841, 0x0841, 0x0841, 
  0x0841, 0x0841, 0x0841, 0x0841, 0x0841, 0x0841, 0x0841, 0x0841, 0x0841, 0x0841, 0x0841, 0x0841, 0x0841, 0x0841, 0x0841, 0x0841, 
  0x0841, 0x0841, 0x0841, 0x0841, 0x0841, 0x0841, 0x0841, 0x0841, 0x0841, 0x0020, 0x18C3, 0x2104, 0x0841, 0x0841, 0x0020, 0x10A2, 
  0x18E3, 0x10A2, 0x1082, 0x10A2, 0x1082, 0x0841, 0x0841, 0x10A2, 0x0841, 0x18C3, 0x18C3, 0x0861, 0x0841, 0x0841, 0x0861, 0x2945, 
  0x18E3, 0x2104, 0x18C3, 0x18E3, 0x1082, 0x2104, 0x1082, 0x1082, 0x0841, 0x0841, 0x1082, 0x18E3, 0x0841, 0x0841, 0x0841, 0x1082, 
  0x1082, 0x0861, 0x0841, 0x0861, 0x1082, 0x0861, 0x1082, 0x0841, 0x0841, 0x0861, 0x1082, 0x0861, 0x0841, 0x0841, 0x1082, 0x2104, 
  0x0861, 0x0841, 0x0841, 0x0841, 0x0841, 0x0841, 0x0841, 0x0841, 0x0841, 0x0841, 0x0841, 0x0841, 0x0841, 0x0841, 0x0841, 0x0020, 
  0x0020, 0x0841, 0x0841, 0x0841, 0x0841, 0x0841, 0x0841, 0x0841, 0x0841, 0x0841, 0x0841, 0x0841, 0x0841, 0x0841, 0x0841, 0x0841, 
  0x0841, 0x0841, 0x0841, 0x0841, 0x0841, 0x0841, 0x0841, 0x0841, 0x0841, 0x0841, 0x0841, 0x0841, 0x0841, 0x0841, 0x0841, 0x0841, 
  0x0841, 0x0841, 0x0841, 0x0841, 0x0841, 0x0841, 0x0841, 0x0841, 0x0841, 0x0841, 0x0841, 0x0841, 0x0841, 0x0841, 0x0841, 0x0841, 
  0x0841, 0x0841, 0x0841, 0x0841, 0x0841, 0x0841, 0x0841, 0x0841, 0x0841, 0x0841, 0x0841, 0x0841, 0x0841, 0x0841, 0x0841, 0x0841, 
  0x0841, 0x0841, 0x0841, 0x0841, 0x0841, 0x0841, 0x0861, 0x0861, 0x0020, 0x0841, 0x0020, 0x0841, 0x0841, 0x0841, 0x0841, 0x0841, 
  0x18C3, 0x0020, 0x0841, 0x0841, 0x1082, 0x0020, 0x0861, 0x4A49, 0x5ACB, 0x10A2, 0x1082, 0x0841, 0x0020, 0x0020, 0x0020, 0x0841, 
  0x0000, 0x0861, 0x0841, 0x0841, 0x0841, 0x0841, 0x0841, 0x0841, 0x0841, 0x0841, 0x0841, 0x1082, 0x0841, 0x10A2, 0x0020, 0x0841, 
  0x0841, 0x0841, 0x0841, 0x0841, 0x0841, 0x0841, 0x0841, 0x0841, 0x0841, 0x0841, 0x0841, 0x0841, 0x0841, 0x0841, 0x0841, 0x0841, 
  0x0020, 0x0862, 0x19A8, 0x1146, 0x0041, 0x0020, 0x0841, 0x0861, 0x0841, 0x0841, 0x0840, 0x0861, 0x0840, 0x0083, 0x1A2B, 0x0905, 
  0x19A8, 0x0062, 0x0821, 0x08E4, 0x19E9, 0x0021, 0x08C4, 0x19C8, 0x1187, 0x1167, 0x0021, 0x0841, 0x0841, 0x0841, 0x0841, 0x0841, 
  0x0841, 0x0841, 0x0841, 0x0841, 0x0841, 0x0841, 0x0841, 0x0000, 0x08C4, 0x19C8, 0x1188, 0x19A8, 0x0000, 0x08E4, 0x19C8, 0x0061, 
  0x0020, 0x1146, 0x1146, 0x1167, 0x11A8, 0x0041, 0x0841, 0x0861, 0x0041, 0x0861, 0x0841, 0x0861, 0x0841, 0x0020, 0x0062, 0x1187, 
  0x1166, 0x0041, 0x0020, 0x0841, 0x0841, 0x0841, 0x0841, 0x0841, 0x0841, 0x0841, 0x0841, 0x0841, 0x0841, 0x0841, 0x0841, 0x0841, 
  0x0841, 0x0841, 0x0841, 0x0841, 0x0841, 0x0841, 0x0841, 0x0841, 0x0841, 0x0841, 0x0841, 0x0841, 0x0841, 0x0841, 0x0841, 0x0841, 
  0x0841, 0x0841, 0x0841, 0x0841, 0x0841, 0x0841, 0x0841, 0x0841, 0x0841, 0x0841, 0x0841, 0x0841, 0x0841, 0x0841, 0x0841, 0x0841, 
  0x0841, 0x0841, 0x0841, 0x0841, 0x0841, 0x0841, 0x0841, 0x0841, 0x0841, 0x0841, 0x0861, 0x1082, 0x0841, 0x0841, 0x0841, 0x0861, 
  0x10A2, 0x10A2, 0x0020, 0x10A2, 0x0841, 0x0841, 0x0861, 0x1082, 0x0020, 0x18C3, 0x0861, 0x0841, 0x0841, 0x0841, 0x0841, 0x18C3, 
  0x10A2, 0x1082, 0x0841, 0x10A2, 0x0861, 0x1082, 0x1082, 0x10A2, 0x0020, 0x0841, 0x0861, 0x1082, 0x0841, 0x0841, 0x0841, 0x0861, 
  0x10A2, 0x1082, 0x0020, 0x0841, 0x0861, 0x0861, 0x1082, 0x0841, 0x0841, 0x0861, 0x0861, 0x0841, 0x0841, 0x0841, 0x0861, 0x1082, 
  0x0841, 0x0841, 0x0841, 0x0841, 0x0841, 0x0841, 0x0841, 0x0841, 0x0841, 0x0841, 0x0841, 0x0841, 0x0841, 0x0841, 0x0841, 0x0020, 
  0x0020, 0x0841, 0x0841, 0x0841, 0x0841, 0x0841, 0x0841, 0x0841, 0x0841, 0x0841, 0x0841, 0x0841, 0x0841, 0x0841, 0x0841, 0x0841, 
  0x0841, 0x0841, 0x0841, 0x0841, 0x0841, 0x0841, 0x0841, 0x0841, 0x0841, 0x0841, 0x0841, 0x0841, 0x0841, 0x0841, 0x0841, 0x0841, 
  0x0841, 0x0841, 0x0841, 0x0841, 0x0841, 0x0841, 0x0841, 0x0841, 0x0841, 0x0841, 0x0841, 0x0841, 0x0841, 0x0841, 0x0841, 0x0841, 
  0x0841, 0x0841, 0x0841, 0x0841, 0x0841, 0x0841, 0x0841, 0x0841, 0x0841, 0x0841, 0x0841, 0x0841, 0x0841, 0x0841, 0x0841, 0x0841, 
  0x0841, 0x0841, 0x0841, 0x0841, 0x0841, 0x0841, 0x0861, 0x2965, 0x18C3, 0x0861, 0x0861, 0x0841, 0x0861, 0x0861, 0x0861, 0x10A2, 
  0x2124, 0x18C3, 0x18E3, 0x0861, 0x18E3, 0x0861, 0x0861, 0x18C3, 0x2124, 0x0841, 0x0861, 0x1082, 0x1082, 0x1082, 0x0861, 0x0861, 
  0x2104, 0x2965, 0x0020, 0x0841, 0x0841, 0x0841, 0x0841, 0x0841, 0x0841, 0x0861, 0x0841, 0x0841, 0x1082, 0x10A2, 0x0020, 0x0841, 
  0x0841, 0x0841, 0x0841, 0x0841, 0x0841, 0x0841, 0x0841, 0x0841, 0x0841, 0x0841, 0x0841, 0x0841, 0x0841, 0x0841, 0x0821, 0x0020, 
  0x08E4, 0x19E9, 0x08C4, 0x0021, 0x0862, 0x0862, 0x0841, 0x0862, 0x0841, 0x0862, 0x0841, 0x0862, 0x0841, 0x08A3, 0x2A8C, 0x08C3, 
  0x08E4, 0x11A8, 0x0062, 0x0021, 0x08E4, 0x19E9, 0x0883, 0x08A3, 0x1105, 0x0041, 0x0861, 0x0862, 0x0061, 0x0862, 0x0862, 0x0841, 
  0x0861, 0x0841, 0x0841, 0x0841, 0x0841, 0x0840, 0x0841, 0x0841, 0x0820, 0x0862, 0x1125, 0x0042, 0x1146, 0x19C8, 0x0062, 0x0021, 
  0x1125, 0x1167, 0x0041, 0x21E9, 0x21E9, 0x0041, 0x0841, 0x0862, 0x0841, 0x0862, 0x0841, 0x0862, 0x0861, 0x0861, 0x0862, 0x0021, 
  0x1145, 0x19C8, 0x0882, 0x0020, 0x0841, 0x0841, 0x0841, 0x0841, 0x0841, 0x0841, 0x0841, 0x0841, 0x0841, 0x0841, 0x0841, 0x0841, 
  0x0841, 0x0841, 0x0841, 0x0841, 0x0841, 0x0841, 0x0841, 0x0841, 0x0841, 0x0841, 0x0841, 0x0841, 0x0841, 0x0841, 0x0841, 0x0841, 
  0x0841, 0x0841, 0x0841, 0x0841, 0x0841, 0x0841, 0x0841, 0x0841, 0x0841, 0x0841, 0x0841, 0x0841, 0x0841, 0x0841, 0x0841, 0x0841, 
  0x0841, 0x0841, 0x0841, 0x0841, 0x0841, 0x0841, 0x0841, 0x0841, 0x0841, 0x0841, 0x0841, 0x0841, 0x0841, 0x0841, 0x0841, 0x0841, 
  0x1082, 0x1082, 0x0841, 0x0861, 0x0841, 0x0841, 0x0861, 0x0841, 0x0841, 0x10A2, 0x0841, 0x0841, 0x0841, 0x0841, 0x0841, 0x0841, 
  0x0841, 0x10A2, 0x0020, 0x0861, 0x0841, 0x0861, 0x1082, 0x1082, 0x0020, 0x0841, 0x0841, 0x0841, 0x0841, 0x0841, 0x0841, 0x0841, 
  0x18C3, 0x1082, 0x0841, 0x0861, 0x0841, 0x0841, 0x0861, 0x0861, 0x0841, 0x1082, 0x1082, 0x0841, 0x0020, 0x0841, 0x0020, 0x0841, 
  0x0841, 0x0841, 0x0841, 0x0841, 0x0841, 0x0841, 0x0841, 0x0841, 0x0841, 0x0841, 0x0841, 0x0841, 0x0841, 0x0841, 0x0841, 0x0020, 
  0x0020, 0x0841, 0x0841, 0x0841, 0x0841, 0x0841, 0x0841, 0x0841, 0x0841, 0x0841, 0x0841, 0x0841, 0x0841, 0x0841, 0x0841, 0x0841, 
  0x0841, 0x0841, 0x0841, 0x0841, 0x0841, 0x0841, 0x0841, 0x0841, 0x0841, 0x0841, 0x0841, 0x0841, 0x0841, 0x0841, 0x0841, 0x0841, 
  0x0841, 0x0841, 0x0841, 0x0841, 0x0841, 0x0841, 0x0841, 0x0841, 0x0841, 0x0841, 0x0841, 0x0841, 0x0841, 0x0841, 0x0841, 0x0841, 
  0x0841, 0x0841, 0x0841, 0x0841, 0x0841, 0x0841, 0x0841, 0x0841, 0x0841, 0x0841, 0x0841, 0x0841, 0x0841, 0x0841, 0x0841, 0x0841, 
  0x0841, 0x0841, 0x0841, 0x0841, 0x0841, 0x0841, 0x0861, 0x18C3, 0x0861, 0x0841, 0x0841, 0x0841, 0x0841, 0x0841, 0x0841, 0x0861, 
  0x2104, 0x0861, 0x0861, 0x0861, 0x10A2, 0x0841, 0x0841, 0x10A2, 0x18E3, 0x0020, 0x0861, 0x0861, 0x0861, 0x0861, 0x0861, 0x0841, 
  0x1082, 0x18E3, 0x0841, 0x0841, 0x0841, 0x0841, 0x0841, 0x0841, 0x0841, 0x0861, 0x0841, 0x0861, 0x0841, 0x0861, 0x0841, 0x0841, 
  0x0841, 0x0841, 0x0841, 0x0841, 0x0841, 0x0841, 0x0841, 0x0841, 0x0841, 0x0841, 0x0841, 0x0841, 0x0841, 0x0020, 0x0061, 0x1187, 
  0x1187, 0x08A3, 0x10A3, 0x0841, 0x0841, 0x0861, 0x0841, 0x0861, 0x0841, 0x0861, 0x0841, 0x0861, 0x0841, 0x0882, 0x122B, 0x08E4, 
  0x0000, 0x08E4, 0x19A8, 0x08A3, 0x0020, 0x08A3, 0x19C8, 0x0925, 0x0000, 0x0861, 0x0841, 0x0861, 0x0841, 0x0841, 0x0841, 0x0841, 
  0x0841, 0x0841, 0x0841, 0x0841, 0x0840, 0x0841, 0x0841, 0x0841, 0x0841, 0x0020, 0x0041, 0x11A8, 0x1166, 0x0041, 0x0021, 0x1166, 
  0x1167, 0x0041, 0x0041, 0x11A8, 0x11A8, 0x0841, 0x0841, 0x0861, 0x0041, 0x0862, 0x0841, 0x0861, 0x0841, 0x0841, 0x0861, 0x0841, 
  0x0021, 0x08A3, 0x19C8, 0x1125, 0x0020, 0x0841, 0x0841, 0x0841, 0x0841, 0x0841, 0x0841, 0x0841, 0x0841, 0x0841, 0x0841, 0x0841, 
  0x0841, 0x0841, 0x0841, 0x0841, 0x0841, 0x0841, 0x0841, 0x0841, 0x0841, 0x0841, 0x0841, 0x0841, 0x0841, 0x0841, 0x0841, 0x0841, 
  0x0841, 0x0841, 0x0841, 0x0841, 0x0841, 0x0841, 0x0841, 0x0841, 0x0841, 0x0841, 0x0841, 0x0841, 0x0841, 0x0841, 0x0841, 0x0841, 
  0x0841, 0x0841, 0x0841, 0x0841, 0x0841, 0x0841, 0x0841, 0x0841, 0x0841, 0x0841, 0x0841, 0x0841, 0x0841, 0x0841, 0x0841, 0x0861, 
  0x18E3, 0x0841, 0x0841, 0x0841, 0x0841, 0x0841, 0x0841, 0x0841, 0x0841, 0x0861, 0x18C3, 0x0841, 0x0841, 0x0841, 0x0841, 0x0841, 
  0x0841, 0x0861, 0x1082, 0x0841, 0x0841, 0x0861, 0x0861, 0x1082, 0x0841, 0x0841, 0x0841, 0x0841, 0x0841, 0x0841, 0x0841, 0x0841, 
  0x0841, 0x0861, 0x1082, 0x0841, 0x0841, 0x0861, 0x0841, 0x0861, 0x1082, 0x0841, 0x0861, 0x0841, 0x0841, 0x0841, 0x0841, 0x0841, 
  0x0841, 0x0841, 0x0841, 0x0841, 0x0841, 0x0841, 0x0841, 0x0841, 0x0841, 0x0841, 0x0841, 0x0841, 0x0841, 0x0841, 0x0841, 0x0020, 
  0x0020, 0x0841, 0x0841, 0x0841, 0x0841, 0x0841, 0x0841, 0x0841, 0x0841, 0x0841, 0x0841, 0x0841, 0x0841, 0x0841, 0x0841, 0x0841, 
  0x0841, 0x0841, 0x0841, 0x0841, 0x0841, 0x0841, 0x0841, 0x0841, 0x0841, 0x0841, 0x0841, 0x0841, 0x0841, 0x0841, 0x0841, 0x0841, 
  0x0841, 0x0841, 0x0841, 0x0841, 0x0841, 0x0841, 0x0841, 0x0841, 0x0841, 0x0841, 0x0841, 0x0841, 0x0841, 0x0841, 0x0841, 0x0841, 
  0x0841, 0x0841, 0x0841, 0x0841, 0x0841, 0x0841, 0x0841, 0x0841, 0x0841, 0x0841, 0x0841, 0x0841, 0x0841, 0x0841, 0x0841, 0x0841, 
  0x0841, 0x0841, 0x0841, 0x0841, 0x0841, 0x0841, 0x0841, 0x0020, 0x0020, 0x0841, 0x0841, 0x0841, 0x0841, 0x0841, 0x0841, 0x0841, 
  0x18C3, 0x0020, 0x0841, 0x0861, 0x10A2, 0x0841, 0x0020, 0x1082, 0x18E3, 0x0020, 0x0841, 0x0841, 0x0841, 0x0841, 0x0841, 0x0841, 
  0x0020, 0x0020, 0x0841, 0x0841, 0x0841, 0x0841, 0x0841, 0x0841, 0x0841, 0x10A2, 0x0861, 0x2124, 0x10A2, 0x0861, 0x0841, 0x0841, 
  0x0841, 0x0841, 0x0841, 0x0841, 0x0841, 0x0841, 0x0841, 0x0841, 0x0841, 0x0841, 0x0841, 0x0840, 0x0020, 0x08E4, 0x19C8, 0x1105, 
  0x0021, 0x10A3, 0x1926, 0x0041, 0x0862, 0x0862, 0x0861, 0x0862, 0x0861, 0x0862, 0x0861, 0x0862, 0x0841, 0x08A3, 0x1A6B, 0x0863, 
  0x0862, 0x0041, 0x08C4, 0x19E9, 0x08C4, 0x0821, 0x0041, 0x1187, 0x11A7, 0x0082, 0x0862, 0x0882, 0x0882, 0x0882, 0x0882, 0x0882, 
  0x0883, 0x0882, 0x0882, 0x0062, 0x0062, 0x0882, 0x0862, 0x0862, 0x0062, 0x08E4, 0x19E9, 0x10E4, 0x0021, 0x0041, 0x11A8, 0x1167, 
  0x0841, 0x0861, 0x0841, 0x1146, 0x1A2A, 0x0021, 0x0861, 0x0862, 0x0861, 0x0862, 0x0841, 0x0862, 0x0862, 0x0861, 0x0862, 0x0861, 
  0x0862, 0x0841, 0x0061, 0x1187, 0x19A8, 0x0882, 0x0020, 0x0841, 0x0841, 0x0841, 0x0841, 0x0841, 0x0841, 0x0841, 0x0841, 0x0841, 
  0x0841, 0x0841, 0x0841, 0x0841, 0x0841, 0x0841, 0x0841, 0x0841, 0x0841, 0x0841, 0x0841, 0x0841, 0x0841, 0x0841, 0x0841, 0x0841, 
  0x0841, 0x0841, 0x0841, 0x0841, 0x0841, 0x0841, 0x0841, 0x0841, 0x0841, 0x0841, 0x0841, 0x0841, 0x0841, 0x0841, 0x0841, 0x0841, 
  0x0841, 0x0841, 0x0841, 0x0841, 0x0841, 0x0841, 0x0841, 0x0841, 0x0841, 0x0841, 0x0841, 0x0841, 0x0841, 0x0841, 0x0841, 0x0861, 
  0x1082, 0x0861, 0x0861, 0x10A2, 0x18C3, 0x0020, 0x18C3, 0x1082, 0x0861, 0x10A2, 0x1082, 0x0841, 0x0841, 0x0841, 0x0841, 0x0841, 
  0x0020, 0x10A2, 0x10A2, 0x0841, 0x0861, 0x1082, 0x1082, 0x0861, 0x0841, 0x0841, 0x0841, 0x0841, 0x0841, 0x0841, 0x0841, 0x0020, 
  0x2124, 0x5ACB, 0x4A49, 0x4A49, 0x18E3, 0x0841, 0x2965, 0x4A69, 0x4A69, 0x528A, 0x1082, 0x0841, 0x0841, 0x0841, 0x0841, 0x0841, 
  0x0841, 0x0841, 0x0841, 0x0841, 0x0841, 0x0841, 0x0841, 0x0841, 0x0841, 0x0841, 0x0841, 0x0841, 0x0841, 0x0841, 0x0841, 0x0020, 
  0x0020, 0x0841, 0x0841, 0x0841, 0x0841, 0x0841, 0x0841, 0x0841, 0x0841, 0x0841, 0x0841, 0x0841, 0x0841, 0x0841, 0x0841, 0x0841, 
  0x0841, 0x0841, 0x0841, 0x0841, 0x0841, 0x0841, 0x0841, 0x0841, 0x0841, 0x0841, 0x0841, 0x0841, 0x0841, 0x0841, 0x0841, 0x0841, 
  0x0841, 0x0841, 0x0841, 0x0841, 0x0841, 0x0841, 0x0841, 0x0841, 0x0841, 0x0841, 0x0841, 0x0841, 0x0841, 0x0841, 0x0841, 0x0841, 
  0x0841, 0x0841, 0x0841, 0x0841, 0x0841, 0x0841, 0x0841, 0x0841, 0x0841, 0x0841, 0x0841, 0x0841, 0x0841, 0x0841, 0x0841, 0x0841, 
  0x0841, 0x0841, 0x0841, 0x0841, 0x0841, 0x0841, 0x0841, 0x0841, 0x0841, 0x0841, 0x0841, 0x0841, 0x0841, 0x0841, 0x0841, 0x0841, 
  0x18C3, 0x0841, 0x0841, 0x0841, 0x1082, 0x0841, 0x0020, 0x1082, 0x18E3, 0x0020, 0x0841, 0x0841, 0x0841, 0x0841, 0x0841, 0x0841, 
  0x0841, 0x0841, 0x0841, 0x0841, 0x0841, 0x0841, 0x0841, 0x0841, 0x0020, 0x2945, 0x2104, 0x2945, 0x2124, 0x18C3, 0x0020, 0x0841, 
  0x0841, 0x0841, 0x0841, 0x0841, 0x0841, 0x0841, 0x0841, 0x0841, 0x0841, 0x0841, 0x0820, 0x0041, 0x1166, 0x19A8, 0x0882, 0x0820, 
  0x0862, 0x0861, 0x0862, 0x0841, 0x0861, 0x0861, 0x0841, 0x0861, 0x0841, 0x0861, 0x0841, 0x0862, 0x0841, 0x08A3, 0x19E9, 0x0821, 
  0x0862, 0x0861, 0x0840, 0x0082, 0x1A09, 0x0882, 0x0841, 0x0041, 0x0905, 0x11A8, 0x11E9, 0x1A4A, 0x0966, 0x11A8, 0x1188, 0x1188, 
  0x11A7, 0x1187, 0x1187, 0x0967, 0x11A8, 0x1187, 0x120A, 0x1A2A, 0x1167, 0x1187, 0x0862, 0x0841, 0x0821, 0x1188, 0x1146, 0x0020, 
  0x0862, 0x0861, 0x0821, 0x0925, 0x1A8C, 0x0020, 0x0861, 0x0862, 0x0841, 0x0862, 0x0841, 0x0861, 0x0841, 0x0861, 0x0862, 0x0841, 
  0x0861, 0x0841, 0x0862, 0x0021, 0x08E4, 0x19C8, 0x0905, 0x0020, 0x0841, 0x0841, 0x0841, 0x0841, 0x0841, 0x0841, 0x0841, 0x0841, 
  0x0841, 0x0841, 0x0841, 0x0841, 0x0841, 0x0841, 0x0841, 0x0841, 0x0841, 0x0841, 0x0841, 0x0841, 0x0841, 0x0841, 0x0841, 0x0841, 
  0x0841, 0x0841, 0x0841, 0x0841, 0x0841, 0x0841, 0x0841, 0x0841, 0x0841, 0x0841, 0x0841, 0x0841, 0x0841, 0x0841, 0x0841, 0x0841, 
  0x0841, 0x0841, 0x0841, 0x0841, 0x0841, 0x0841, 0x0841, 0x0841, 0x0841, 0x0841, 0x0841, 0x0841, 0x0841, 0x0841, 0x0841, 0x0841, 
  0x18E3, 0x10A2, 0x1082, 0x2945, 0x18E3, 0x0000, 0x2104, 0x2104, 0x0841, 0x2104, 0x18C3, 0x0020, 0x0841, 0x0841, 0x0841, 0x0841, 
  0x0020, 0x1082, 0x10A2, 0x0841, 0x10A2, 0x18C3, 0x10A2, 0x0841, 0x0841, 0x0841, 0x0841, 0x0841, 0x0841, 0x0841, 0x0841, 0x0020, 
  0x738E, 0xB596, 0xA534, 0xA514, 0x2104, 0x0000, 0x528A, 0xB596, 0xA514, 0xAD75, 0x4208, 0x0000, 0x0841, 0x0841, 0x0841, 0x0841, 
  0x0841, 0x0841, 0x0841, 0x0841, 0x0841, 0x0841, 0x0841, 0x0841, 0x0841, 0x0841, 0x0841, 0x0841, 0x0841, 0x0841, 0x0841, 0x0020, 
  0x0020, 0x0841, 0x0841, 0x0841, 0x0841, 0x0841, 0x0841, 0x0841, 0x0841, 0x0841, 0x0841, 0x0841, 0x0841, 0x0841, 0x0841, 0x0841, 
  0x0841, 0x0841, 0x0841, 0x0841, 0x0841, 0x0841, 0x0841, 0x0841, 0x0841, 0x0841, 0x0841, 0x0841, 0x0841, 0x0841, 0x0841, 0x0841, 
  0x0841, 0x0841, 0x0841, 0x0841, 0x0841, 0x0841, 0x0841, 0x0841, 0x0841, 0x0841, 0x0841, 0x0841, 0x0841, 0x0841, 0x0841, 0x0841, 
  0x0841, 0x0841, 0x0841, 0x0841, 0x0841, 0x0841, 0x0841, 0x0841, 0x0841, 0x0841, 0x0841, 0x0841, 0x0841, 0x0841, 0x0841, 0x0841, 
  0x0841, 0x0841, 0x0841, 0x0841, 0x0841, 0x0841, 0x0841, 0x0841, 0x0841, 0x0841, 0x0841, 0x0841, 0x0841, 0x0841, 0x0841, 0x0841, 
  0x18C3, 0x0841, 0x0841, 0x0841, 0x0020, 0x0841, 0x0020, 0x1082, 0x18E3, 0x0020, 0x0841, 0x0841, 0x0841, 0x0841, 0x0841, 0x0841, 
  0x0841, 0x0841, 0x0841, 0x0841, 0x0841, 0x0841, 0x0841, 0x0841, 0x0841, 0x0841, 0x0841, 0x1082, 0x0020, 0x0841, 0x0841, 0x0841, 
  0x0841, 0x0841, 0x0841, 0x0841, 0x0841, 0x0841, 0x0841, 0x0841, 0x0841, 0x0000, 0x08A3, 0x19C9, 0x1126, 0x0041, 0x0841, 0x0862, 
  0x0862, 0x0841, 0x0861, 0x0861, 0x0861, 0x0861, 0x0841, 0x0862, 0x0061, 0x0862, 0x0041, 0x0041, 0x0821, 0x0082, 0x1ACD, 0x00A3, 
  0x0841, 0x0841, 0x0862, 0x0841, 0x08E4, 0x19C8, 0x0041, 0x0862, 0x0821, 0x0062, 0x0041, 0x11A8, 0x08E4, 0x0020, 0x0821, 0x0021, 
  0x0021, 0x0000, 0x0000, 0x0020, 0x0000, 0x08A3, 0x11E8, 0x0082, 0x0020, 0x0020, 0x0841, 0x0041, 0x1126, 0x11A7, 0x0021, 0x0862, 
  0x0862, 0x0861, 0x0021, 0x11E8, 0x122A, 0x0020, 0x0841, 0x0841, 0x0841, 0x0862, 0x0861, 0x0862, 0x0861, 0x0861, 0x0862, 0x0861, 
  0x0862, 0x0841, 0x0862, 0x0862, 0x0841, 0x0082, 0x1187, 0x1188, 0x0862, 0x0020, 0x0841, 0x0841, 0x0841, 0x0841, 0x0841, 0x0841, 
  0x0841, 0x0841, 0x0841, 0x0841, 0x0841, 0x0841, 0x0841, 0x0841, 0x0841, 0x0841, 0x0841, 0x0841, 0x0841, 0x0841, 0x0841, 0x0841, 
  0x0841, 0x0841, 0x0841, 0x0841, 0x0841, 0x0841, 0x0841, 0x0841, 0x0841, 0x0841, 0x0841, 0x0841, 0x0841, 0x0841, 0x0841, 0x0841, 
  0x0841, 0x0841, 0x0841, 0x0841, 0x0841, 0x0841, 0x0841, 0x0841, 0x0841, 0x0841, 0x0841, 0x0841, 0x0841, 0x0841, 0x0841, 0x0841, 
  0x2104, 0x0841, 0x0841, 0x2104, 0x0861, 0x0020, 0x18C3, 0x18E3, 0x0020, 0x1082, 0x2104, 0x0020, 0x0841, 0x0841, 0x0841, 0x0841, 
  0x0841, 0x1082, 0x0861, 0x0861, 0x10A2, 0x10A2, 0x10A2, 0x0841, 0x0841, 0x0841, 0x0841, 0x0841, 0x0841, 0x0841, 0x0841, 0x0000, 
  0x4228, 0xA514, 0xA514, 0x7BEF, 0x0861, 0x0020, 0x2945, 0x9CD3, 0x9CF3, 0x9492, 0x18E3, 0x0020, 0x0841, 0x0841, 0x0841, 0x0841, 
  0x0841, 0x0841, 0x0841, 0x0841, 0x0841, 0x0841, 0x0841, 0x0841, 0x0841, 0x0841, 0x0841, 0x0841, 0x0841, 0x0841, 0x0841, 0x0020, 
  0x0020, 0x0841, 0x0841, 0x0841, 0x0841, 0x0841, 0x0841, 0x0841, 0x0841, 0x0841, 0x0841, 0x0841, 0x0841, 0x0841, 0x0841, 0x0841, 
  0x0841, 0x0841, 0x0841, 0x0841, 0x0841, 0x0841, 0x0841, 0x0841, 0x0841, 0x0841, 0x0841, 0x0841, 0x0841, 0x0841, 0x0841, 0x0841, 
  0x0841, 0x0841, 0x0841, 0x0841, 0x0841, 0x0841, 0x0841, 0x0841, 0x0841, 0x0841, 0x0841, 0x0841, 0x0841, 0x0841, 0x0841, 0x0841, 
  0x0841, 0x0841, 0x0841, 0x0841, 0x0841, 0x0841, 0x0841, 0x0841, 0x0841, 0x0841, 0x0841, 0x0841, 0x0841, 0x0841, 0x0841, 0x0841, 
  0x0841, 0x0841, 0x0841, 0x0841, 0x0841, 0x0841, 0x0841, 0x0841, 0x0841, 0x0841, 0x0841, 0x0841, 0x0841, 0x0841, 0x0841, 0x0841, 
  0x18C3, 0x0841, 0x0841, 0x0841, 0x1082, 0x0861, 0x0020, 0x0861, 0x18C3, 0x0020, 0x0841, 0x0841, 0x0841, 0x0841, 0x0841, 0x0841, 
  0x0841, 0x0841, 0x0841, 0x0841, 0x0841, 0x0841, 0x0841, 0x0841, 0x0841, 0x0841, 0x0841, 0x0020, 0x0841, 0x0841, 0x0841, 0x0841, 
  0x0841, 0x0841, 0x0841, 0x0841, 0x0841, 0x0841, 0x0841, 0x0820, 0x0021, 0x1125, 0x19A8, 0x08A3, 0x0020, 0x0862, 0x0862, 0x0841, 
  0x0862, 0x0841, 0x0862, 0x0841, 0x0861, 0x0861, 0x0861, 0x0861, 0x0041, 0x0062, 0x08C3, 0x1105, 0x1167, 0x19C8, 0x3A2A, 0x29C8, 
  0x0041, 0x1883, 0x1062, 0x0862, 0x0021, 0x1166, 0x1167, 0x0841, 0x0862, 0x0862, 0x0841, 0x0862, 0x11C8, 0x1187, 0x0926, 0x0905, 
  0x0905, 0x08E4, 0x0905, 0x1125, 0x1167, 0x19C8, 0x0882, 0x0020, 0x0841, 0x0861, 0x0040, 0x08C3, 0x19C8, 0x0041, 0x0862, 0x0862, 
  0x1083, 0x1062, 0x08E5, 0x41EA, 0x29C9, 0x11A8, 0x1146, 0x10E5, 0x0883, 0x0862, 0x0021, 0x0862, 0x0861, 0x0841, 0x0862, 0x0861, 
  0x0862, 0x0861, 0x0862, 0x0841, 0x0862, 0x0842, 0x0020, 0x08E4, 0x19C8, 0x08E4, 0x0020, 0x0840, 0x0841, 0x0841, 0x0841, 0x0841, 
  0x0841, 0x0841, 0x0841, 0x0841, 0x0841, 0x0841, 0x0841, 0x0841, 0x0841, 0x0841, 0x0841, 0x0841, 0x0841, 0x0841, 0x0841, 0x0841, 
  0x0841, 0x0841, 0x0841, 0x0841, 0x0841, 0x0841, 0x0841, 0x0841, 0x0841, 0x0841, 0x0841, 0x0841, 0x0841, 0x0841, 0x0841, 0x0841, 
  0x0841, 0x0841, 0x0841, 0x0841, 0x0841, 0x0841, 0x0841, 0x0841, 0x0841, 0x0841, 0x0841, 0x0841, 0x0841, 0x0841, 0x0841, 0x0841, 
  0x1082, 0x1082, 0x0841, 0x1082, 0x0861, 0x0841, 0x0861, 0x10A2, 0x1082, 0x1082, 0x1082, 0x0841, 0x0841, 0x0841, 0x0841, 0x0841, 
  0x0020, 0x0861, 0x0861, 0x0861, 0x0841, 0x0020, 0x10A2, 0x1082, 0x0020, 0x0841, 0x0841, 0x0841, 0x0841, 0x0841, 0x0841, 0x0020, 
  0x10A2, 0x9CD3, 0xB596, 0x39E7, 0x0000, 0x0861, 0x0000, 0x6B4D, 0xBDF7, 0x738E, 0x0000, 0x0841, 0x0841, 0x0841, 0x0841, 0x0841, 
  0x0841, 0x0841, 0x0841, 0x0841, 0x0841, 0x0841, 0x0841, 0x0841, 0x0841, 0x0841, 0x0841, 0x0841, 0x0841, 0x0841, 0x0841, 0x0020, 
  0x0020, 0x0841, 0x0841, 0x0841, 0x0841, 0x0841, 0x0841, 0x0841, 0x0841, 0x0841, 0x0841, 0x0841, 0x0841, 0x0841, 0x0841, 0x0841, 
  0x0841, 0x0841, 0x0841, 0x0841, 0x0841, 0x0841, 0x0841, 0x0841, 0x0841, 0x0841, 0x0841, 0x0841, 0x0841, 0x0841, 0x0841, 0x0841, 
  0x0841, 0x0841, 0x0841, 0x0841, 0x0841, 0x0841, 0x0841, 0x0841, 0x0841, 0x0841, 0x0841, 0x0841, 0x0841, 0x0841, 0x0841, 0x0841, 
  0x0841, 0x0841, 0x0841, 0x0841, 0x0841, 0x0841, 0x0841, 0x0841, 0x0841, 0x0841, 0x0841, 0x0841, 0x0841, 0x0841, 0x0841, 0x0841, 
  0x0841, 0x0841, 0x0841, 0x0841, 0x0841, 0x0841, 0x0841, 0x0841, 0x0841, 0x0841, 0x0841, 0x0841, 0x0841, 0x0841, 0x0841, 0x0020, 
  0x39C7, 0x2104, 0x1082, 0x10A2, 0x3186, 0x18C3, 0x1082, 0x39C7, 0x2124, 0x0020, 0x0841, 0x0841, 0x0841, 0x0841, 0x0841, 0x0841, 
  0x0841, 0x0841, 0x0841, 0x0841, 0x0841, 0x0841, 0x0841, 0x0841, 0x0841, 0x0040, 0x0840, 0x0841, 0x0840, 0x0841, 0x0841, 0x0841, 
  0x0841, 0x0841, 0x0841, 0x0041, 0x0041, 0x0841, 0x0000, 0x08A3, 0x19A8, 0x1167, 0x0021, 0x0841, 0x0841, 0x0041, 0x0841, 0x0841, 
  0x0841, 0x0841, 0x0861, 0x0841, 0x0841, 0x0841, 0x0041, 0x08A3, 0x19A8, 0x1A0A, 0x1167, 0x1146, 0x08A3, 0x28E4, 0x48C4, 0x8A2B, 
  0x3988, 0x0841, 0x20A3, 0x1883, 0x0842, 0x0041, 0x11A8, 0x08C3, 0x0020, 0x0861, 0x0841, 0x0841, 0x0041, 0x08A3, 0x0905, 0x0905, 
  0x0926, 0x0925, 0x0905, 0x08E4, 0x08C3, 0x0041, 0x0820, 0x0041, 0x0041, 0x0841, 0x0041, 0x19C9, 0x0882, 0x0041, 0x0862, 0x1882, 
  0x1062, 0x18A3, 0x620A, 0x7947, 0x40E5, 0x18C3, 0x08C4, 0x1166, 0x1187, 0x11A7, 0x0925, 0x0841, 0x0841, 0x0041, 0x0841, 0x0841, 
  0x0861, 0x0841, 0x0841, 0x0841, 0x0841, 0x0841, 0x0841, 0x0841, 0x0062, 0x11A8, 0x1187, 0x0061, 0x0000, 0x0841, 0x0841, 0x0841, 
  0x0841, 0x0841, 0x0841, 0x0841, 0x0841, 0x0841, 0x0841, 0x0841, 0x0841, 0x0840, 0x0841, 0x0841, 0x0841, 0x0841, 0x0841, 0x0841, 
  0x0841, 0x0841, 0x0841, 0x0841, 0x0841, 0x0841, 0x0841, 0x0841, 0x0841, 0x0841, 0x0841, 0x0841, 0x0841, 0x0841, 0x0841, 0x0841, 
  0x0841, 0x0841, 0x0841, 0x0841, 0x0841, 0x0841, 0x0841, 0x0841, 0x0841, 0x0841, 0x0841, 0x0841, 0x0841, 0x0841, 0x0020, 0x0861, 
  0x1082, 0x0861, 0x0020, 0x0861, 0x0841, 0x0841, 0x0841, 0x0841, 0x0861, 0x0861, 0x0861, 0x0841, 0x0841, 0x0841, 0x0841, 0x0841, 
  0x0841, 0x0841, 0x0861, 0x0841, 0x1082, 0x1082, 0x0841, 0x1082, 0x0841, 0x0841, 0x0841, 0x0841, 0x0841, 0x0841, 0x0841, 0x0861, 
  0x1082, 0x39E7, 0x52AA, 0x18C3, 0x0020, 0x0841, 0x1082, 0x3186, 0x52AA, 0x2965, 0x1082, 0x0861, 0x0841, 0x0841, 0x0841, 0x0841, 
  0x0841, 0x0841, 0x0841, 0x0841, 0x0841, 0x0841, 0x0841, 0x0841, 0x0841, 0x0841, 0x0841, 0x0841, 0x0841, 0x0841, 0x0841, 0x0020, 
  0x0020, 0x0841, 0x0841, 0x0841, 0x0841, 0x0841, 0x0841, 0x0841, 0x0841, 0x0841, 0x0841, 0x0841, 0x0841, 0x0841, 0x0841, 0x0841, 
  0x0841, 0x0841, 0x0841, 0x0841, 0x0841, 0x0841, 0x0841, 0x0841, 0x0841, 0x0841, 0x0841, 0x0841, 0x0841, 0x0841, 0x0841, 0x0841, 
  0x0841, 0x0841, 0x0841, 0x0841, 0x0841, 0x0841, 0x0841, 0x0841, 0x0841, 0x0841, 0x0841, 0x0841, 0x0841, 0x0841, 0x0841, 0x0841, 
  0x0841, 0x0841, 0x0841, 0x0841, 0x0841, 0x0841, 0x0841, 0x0841, 0x0841, 0x0841, 0x0841, 0x0841, 0x0841, 0x0841, 0x0841, 0x0841, 
  0x0841, 0x0841, 0x0841, 0x0841, 0x0841, 0x0841, 0x0841, 0x0841, 0x0841, 0x0841, 0x0841, 0x0841, 0x0841, 0x0841, 0x0841, 0x0841, 
  0x0861, 0x0841, 0x0841, 0x0841, 0x10A2, 0x0861, 0x0841, 0x0861, 0x1082, 0x0841, 0x0841, 0x0841, 0x0841, 0x0841, 0x0841, 0x0841, 
  0x0841, 0x0841, 0x0841, 0x0841, 0x0841, 0x0820, 0x0841, 0x0841, 0x0841, 0x0841, 0x0841, 0x0862, 0x0841, 0x0041, 0x0020, 0x0020, 
  0x0020, 0x0820, 0x0820, 0x0820, 0x0020, 0x0021, 0x1146, 0x19C8, 0x08A3, 0x0841, 0x0841, 0x0862, 0x0861, 0x0861, 0x0861, 0x0861, 
  0x0862, 0x0841, 0x0862, 0x0861, 0x0862, 0x0862, 0x0041, 0x19C9, 0x1147, 0x10E4, 0x0041, 0x0841, 0x1862, 0x4905, 0x2863, 0xB1EA, 
  0x81A8, 0x0021, 0x0021, 0x1083, 0x1083, 0x0841, 0x08A3, 0x11A8, 0x0041, 0x0862, 0x0841, 0x0862, 0x0861, 0x0841, 0x0841, 0x0840, 
  0x0841, 0x0020, 0x0820, 0x0020, 0x0020, 0x0841, 0x0841, 0x0841, 0x0841, 0x0021, 0x1166, 0x1146, 0x0021, 0x0861, 0x18A3, 0x0841, 
  0x0021, 0x1862, 0xAA0A, 0x8167, 0x2882, 0x4905, 0x0020, 0x0841, 0x0841, 0x0882, 0x1146, 0x1166, 0x0041, 0x0862, 0x0862, 0x0841, 
  0x0862, 0x0861, 0x0862, 0x0861, 0x0861, 0x0862, 0x0861, 0x0862, 0x0841, 0x0841, 0x08E5, 0x19C8, 0x1105, 0x0021, 0x0820, 0x0020, 
  0x0020, 0x0820, 0x0820, 0x0820, 0x0020, 0x0841, 0x0061, 0x0861, 0x0020, 0x0841, 0x0841, 0x0841, 0x0841, 0x0841, 0x0841, 0x0841, 
  0x0841, 0x0841, 0x0841, 0x0841, 0x0841, 0x0841, 0x0841, 0x0841, 0x0841, 0x0841, 0x0841, 0x0841, 0x0841, 0x0841, 0x0841, 0x0841, 
  0x0841, 0x0841, 0x0841, 0x0841, 0x0841, 0x0841, 0x0841, 0x0841, 0x0841, 0x0841, 0x0841, 0x0841, 0x0841, 0x0841, 0x0020, 0x18C3, 
  0x18C3, 0x0841, 0x0861, 0x10A2, 0x0841, 0x0841, 0x0861, 0x10A2, 0x0841, 0x0841, 0x18C3, 0x0861, 0x0841, 0x0841, 0x0841, 0x0841, 
  0x0841, 0x0841, 0x0861, 0x1082, 0x1082, 0x0861, 0x0841, 0x1082, 0x1082, 0x0841, 0x0841, 0x0841, 0x0841, 0x0841, 0x0841, 0x10A2, 
  0x0861, 0x0000, 0x0000, 0x10A2, 0x0861, 0x0020, 0x18E3, 0x1082, 0x0000, 0x0020, 0x1082, 0x1082, 0x0841, 0x0841, 0x0841, 0x0841, 
  0x0841, 0x0841, 0x0841, 0x0841, 0x0841, 0x0841, 0x0841, 0x0841, 0x0841, 0x0841, 0x0841, 0x0841, 0x0841, 0x0841, 0x0841, 0x0020, 
  0x0020, 0x0841, 0x0841, 0x0841, 0x0841, 0x0841, 0x0841, 0x0841, 0x0841, 0x0841, 0x0841, 0x0841, 0x0841, 0x0841, 0x0841, 0x0841, 
  0x0841, 0x0841, 0x0841, 0x0841, 0x0841, 0x0841, 0x0841, 0x0841, 0x0841, 0x0841, 0x0841, 0x0841, 0x0841, 0x0841, 0x0841, 0x0841, 
  0x0841, 0x0841, 0x0841, 0x0841, 0x0841, 0x0841, 0x0841, 0x0841, 0x0841, 0x0841, 0x0841, 0x0841, 0x0841, 0x0841, 0x0841, 0x0841, 
  0x0841, 0x0841, 0x0841, 0x0841, 0x0841, 0x0841, 0x0841, 0x0841, 0x0841, 0x0841, 0x0841, 0x0841, 0x0841, 0x0841, 0x0841, 0x0841, 
  0x0841, 0x0841, 0x0841, 0x0841, 0x0841, 0x0841, 0x0841, 0x0841, 0x0841, 0x0841, 0x0841, 0x0841, 0x0841, 0x0841, 0x0841, 0x0841, 
  0x0841, 0x0841, 0x0841, 0x0841, 0x0020, 0x0841, 0x0841, 0x0841, 0x0020, 0x0841, 0x0841, 0x0841, 0x0841, 0x0841, 0x0841, 0x0841, 
  0x0841, 0x0841, 0x0841, 0x0021, 0x0841, 0x0882, 0x0041, 0x0820, 0x0020, 0x0061, 0x1146, 0x1187, 0x0966, 0x1167, 0x1167, 0x1146, 
  0x1146, 0x0925, 0x0904, 0x08A3, 0x08A3, 0x19A8, 0x1146, 0x0041, 0x0021, 0x0862, 0x0841, 0x0861, 0x0841, 0x0841, 0x0841, 0x0841, 
  0x0861, 0x0841, 0x0861, 0x0020, 0x0861, 0x0841, 0x08C4, 0x11A8, 0x0000, 0x0841, 0x0841, 0x0000, 0x4905, 0x50E4, 0x40A3, 0x99C8, 
  0x7968, 0x1021, 0x6125, 0x48E4, 0x0841, 0x0861, 0x0821, 0x1187, 0x1126, 0x0021, 0x0841, 0x0861, 0x0861, 0x0861, 0x0862, 0x0841, 
  0x0862, 0x0841, 0x0841, 0x0841, 0x0841, 0x0841, 0x0841, 0x0841, 0x0820, 0x08A3, 0x11C8, 0x0842, 0x0841, 0x0020, 0x2083, 0x6946, 
  0x40C4, 0x1041, 0x99E9, 0x7146, 0x2041, 0x6946, 0x1841, 0x0041, 0x0820, 0x0841, 0x0821, 0x11C8, 0x0062, 0x0841, 0x0841, 0x0841, 
  0x0861, 0x0841, 0x0861, 0x0841, 0x0841, 0x0861, 0x0841, 0x0841, 0x0041, 0x0862, 0x0001, 0x0062, 0x1187, 0x1187, 0x08A3, 0x08C4, 
  0x1125, 0x0946, 0x1146, 0x1187, 0x1187, 0x1146, 0x1187, 0x1188, 0x0905, 0x0020, 0x0020, 0x0020, 0x0841, 0x0882, 0x0821, 0x0821, 
  0x0841, 0x0841, 0x0841, 0x0841, 0x0841, 0x0841, 0x0841, 0x0841, 0x0841, 0x0841, 0x0841, 0x0841, 0x0841, 0x0841, 0x0841, 0x0841, 
  0x0841, 0x0841, 0x0841, 0x0841, 0x0841, 0x0841, 0x0841, 0x0841, 0x0841, 0x0841, 0x0841, 0x0841, 0x0841, 0x0841, 0x0841, 0x10A2, 
  0x10A2, 0x1082, 0x18E3, 0x10A2, 0x0841, 0x0841, 0x0841, 0x18E3, 0x18C3, 0x1082, 0x1082, 0x0841, 0x0841, 0x0841, 0x0841, 0x0841, 
  0x0841, 0x0841, 0x0841, 0x1082, 0x0841, 0x0841, 0x0861, 0x0861, 0x0861, 0x0841, 0x0841, 0x0841, 0x0841, 0x0841, 0x0841, 0x18C3, 
  0x0841, 0x0861, 0x0861, 0x0861, 0x0861, 0x0020, 0x1082, 0x0841, 0x1082, 0x0841, 0x18C3, 0x18C3, 0x0020, 0x0841, 0x0841, 0x0841, 
  0x0841, 0x0841, 0x0841, 0x0841, 0x0841, 0x0841, 0x0841, 0x0841, 0x0841, 0x0841, 0x0841, 0x0841, 0x0841, 0x0841, 0x0841, 0x0020, 
  0x0020, 0x0841, 0x0841, 0x0841, 0x0841, 0x0841, 0x0841, 0x0841, 0x0841, 0x0841, 0x0841, 0x0841, 0x0841, 0x0841, 0x0841, 0x0841, 
  0x0841, 0x0841, 0x0841, 0x0841, 0x0841, 0x0841, 0x0841, 0x0841, 0x0841, 0x0841, 0x0841, 0x0841, 0x0841, 0x0841, 0x0841, 0x0841, 
  0x0841, 0x0841, 0x0841, 0x0841, 0x0841, 0x0841, 0x0841, 0x0841, 0x0841, 0x0841, 0x0841, 0x0841, 0x0841, 0x0841, 0x0841, 0x0841, 
  0x0841, 0x0841, 0x0841, 0x0841, 0x0841, 0x0841, 0x0841, 0x0841, 0x0841, 0x0841, 0x0841, 0x0841, 0x0841, 0x0841, 0x0841, 0x0841, 
  0x0841, 0x0841, 0x0841, 0x0841, 0x0841, 0x0841, 0x0841, 0x0841, 0x0841, 0x0841, 0x0841, 0x0841, 0x0841, 0x0841, 0x0841, 0x0841, 
  0x0841, 0x0841, 0x0841, 0x0841, 0x0841, 0x0841, 0x0841, 0x0841, 0x0841, 0x0841, 0x0841, 0x0841, 0x0841, 0x0841, 0x0841, 0x0841, 
  0x0841, 0x0841, 0x0020, 0x08E4, 0x11A8, 0x1187, 0x11A7, 0x1126, 0x1146, 0x1A4A, 0x1209, 0x1187, 0x11E8, 0x11A8, 0x00A3, 0x08E4, 
  0x08E4, 0x1967, 0x1126, 0x1A4B, 0x19E9, 0x0883, 0x0841, 0x0862, 0x0882, 0x0882, 0x0841, 0x0862, 0x0861, 0x0862, 0x0862, 0x0861, 
  0x0862, 0x0841, 0x1083, 0x18C3, 0x0841, 0x0041, 0x1187, 0x08C4, 0x0861, 0x08C3, 0x08E4, 0x1146, 0x31C9, 0x29C8, 0x3126, 0x5905, 
  0x40A3, 0x7987, 0x9188, 0x91C9, 0x18C4, 0x0021, 0x0041, 0x0041, 0x19C8, 0x08E4, 0x0020, 0x0841, 0x0841, 0x0841, 0x0841, 0x0841, 
  0x0862, 0x0841, 0x0841, 0x0840, 0x0820, 0x0820, 0x0020, 0x0020, 0x0062, 0x19E9, 0x08A3, 0x0021, 0x10A3, 0x0062, 0x5947, 0x9988, 
  0x99C9, 0x50E5, 0x48E4, 0x40E5, 0x2147, 0x422A, 0x1967, 0x0905, 0x08C4, 0x08A3, 0x0041, 0x0926, 0x0925, 0x0821, 0x18C4, 0x0861, 
  0x0862, 0x0861, 0x0862, 0x0862, 0x0862, 0x0861, 0x0882, 0x0882, 0x0841, 0x0882, 0x08A3, 0x0862, 0x0041, 0x08A3, 0x1A0A, 0x11E8, 
  0x08E4, 0x08E4, 0x08E4, 0x08A3, 0x08C4, 0x19E9, 0x11A8, 0x11A7, 0x1A6B, 0x1209, 0x0905, 0x1167, 0x11A8, 0x11A7, 0x1187, 0x0882, 
  0x0020, 0x0841, 0x0841, 0x0841, 0x0841, 0x0841, 0x0841, 0x0841, 0x0841, 0x0841, 0x0841, 0x0841, 0x0841, 0x0841, 0x0841, 0x0841, 
  0x0841, 0x0841, 0x0841, 0x0841, 0x0841, 0x0841, 0x0841, 0x0841, 0x0841, 0x0841, 0x0841, 0x0841, 0x0841, 0x0841, 0x0841, 0x1082, 
  0x1082, 0x18C3, 0x1082, 0x0841, 0x0841, 0x0841, 0x1082, 0x1082, 0x10A2, 0x18C3, 0x1082, 0x0861, 0x0841, 0x0841, 0x0841, 0x0841, 
  0x0841, 0x0841, 0x0841, 0x0841, 0x0020, 0x10A2, 0x18C3, 0x0861, 0x0861, 0x0861, 0x0841, 0x0841, 0x0841, 0x0841, 0x0841, 0x18C3, 
  0x0841, 0x0841, 0x0841, 0x10A2, 0x0861, 0x0841, 0x0861, 0x0861, 0x0841, 0x0020, 0x18C3, 0x18E3, 0x0020, 0x0841, 0x0841, 0x0841, 
  0x0841, 0x0841, 0x0841, 0x0841, 0x0841, 0x0841, 0x0841, 0x0841, 0x0841, 0x0841, 0x0841, 0x0841, 0x0841, 0x0841, 0x0841, 0x0020, 
  0x0020, 0x0841, 0x0841, 0x0841, 0x0841, 0x0841, 0x0841, 0x0841, 0x0841, 0x0841, 0x0841, 0x0841, 0x0841, 0x0841, 0x0841, 0x0841, 
  0x0841, 0x0841, 0x0841, 0x0841, 0x0841, 0x0841, 0x0841, 0x0841, 0x0841, 0x0841, 0x0841, 0x0841, 0x0841, 0x0841, 0x0841, 0x0841, 
  0x0841, 0x0841, 0x0841, 0x0841, 0x0841, 0x0841, 0x0841, 0x0841, 0x0841, 0x0841, 0x0841, 0x0841, 0x0841, 0x0841, 0x0841, 0x0841, 
  0x0841, 0x0841, 0x0841, 0x0841, 0x0841, 0x0841, 0x0841, 0x0841, 0x0841, 0x0841, 0x0841, 0x0841, 0x0841, 0x0841, 0x0841, 0x0841, 
  0x0841, 0x0841, 0x0841, 0x0841, 0x0841, 0x0841, 0x0841, 0x0841, 0x0841, 0x0841, 0x0841, 0x0841, 0x0841, 0x0841, 0x0841, 0x0841, 
  0x0841, 0x0841, 0x0841, 0x0841, 0x0841, 0x0841, 0x0841, 0x0841, 0x0841, 0x0841, 0x0841, 0x0841, 0x0841, 0x0841, 0x0841, 0x0841, 
  0x0820, 0x0062, 0x1187, 0x1187, 0x0862, 0x0821, 0x0883, 0x08E4, 0x0904, 0x08C4, 0x00A2, 0x08A3, 0x0062, 0x1187, 0x0905, 0x0000, 
  0x0821, 0x1905, 0x10C3, 0x11A8, 0x11A8, 0x08C4, 0x0841, 0x0841, 0x10A3, 0x10C4, 0x0020, 0x0861, 0x0841, 0x0841, 0x0841, 0x0841, 
  0x0861, 0x0020, 0x10C3, 0x2145, 0x0041, 0x19E9, 0x19E9, 0x1167, 0x11A8, 0x1187, 0x0925, 0x1166, 0x08A3, 0x08A3, 0x19A8, 0x39E9, 
  0x6946, 0x6926, 0x5105, 0x4926, 0x3167, 0x20E5, 0x2105, 0x10A3, 0x0062, 0x11A8, 0x1187, 0x0926, 0x08C4, 0x0883, 0x0883, 0x08A3, 
  0x0882, 0x0862, 0x0882, 0x08A2, 0x0882, 0x08C3, 0x0925, 0x1187, 0x11A8, 0x08C4, 0x0841, 0x18C4, 0x2987, 0x31A8, 0x4167, 0x5105, 
  0x5105, 0x6925, 0x5946, 0x29E9, 0x1987, 0x0062, 0x08C4, 0x0925, 0x1146, 0x1187, 0x11A8, 0x1187, 0x1A4B, 0x1146, 0x2146, 0x0841, 
  0x0862, 0x0841, 0x0861, 0x0841, 0x0841, 0x0041, 0x10A3, 0x10A3, 0x0820, 0x0862, 0x10E4, 0x0862, 0x0861, 0x08C4, 0x19C9, 0x1146, 
  0x0020, 0x0821, 0x0841, 0x0040, 0x19A8, 0x0905, 0x0062, 0x08A3, 0x00A3, 0x08E4, 0x08E4, 0x08E4, 0x0882, 0x0021, 0x08C4, 0x19A8, 
  0x1146, 0x0841, 0x0820, 0x0841, 0x0841, 0x0841, 0x0841, 0x0841, 0x0841, 0x0841, 0x0841, 0x0841, 0x0841, 0x0841, 0x0841, 0x0841, 
  0x0841, 0x0841, 0x0841, 0x0841, 0x0841, 0x0841, 0x0841, 0x0841, 0x0841, 0x0841, 0x0841, 0x0841, 0x0841, 0x0841, 0x0841, 0x0841, 
  0x0861, 0x0841, 0x0020, 0x1082, 0x0841, 0x0020, 0x18C3, 0x18C3, 0x0000, 0x0861, 0x0861, 0x0841, 0x0841, 0x0841, 0x0841, 0x0841, 
  0x0841, 0x0841, 0x0841, 0x0861, 0x0841, 0x10A2, 0x18C3, 0x0861, 0x10A2, 0x0841, 0x0841, 0x0841, 0x0841, 0x0841, 0x0841, 0x10A2, 
  0x0841, 0x0841, 0x1082, 0x10A2, 0x0841, 0x0841, 0x0841, 0x1082, 0x0861, 0x0020, 0x0861, 0x18C3, 0x0020, 0x0841, 0x0841, 0x0841, 
  0x0841, 0x0841, 0x0841, 0x0841, 0x0841, 0x0841, 0x0841, 0x0841, 0x0841, 0x0841, 0x0841, 0x0841, 0x0841, 0x0841, 0x0841, 0x0020, 
  0x0020, 0x0841, 0x0841, 0x0841, 0x0841, 0x0841, 0x0841, 0x0841, 0x0841, 0x0841, 0x0841, 0x0841, 0x0841, 0x0841, 0x0841, 0x0841, 
  0x0841, 0x0841, 0x0841, 0x0841, 0x0841, 0x0841, 0x0841, 0x0841, 0x0841, 0x0841, 0x0841, 0x0841, 0x0841, 0x0841, 0x0841, 0x0841, 
  0x0841, 0x0841, 0x0841, 0x0841, 0x0841, 0x0841, 0x0841, 0x0841, 0x0841, 0x0841, 0x0841, 0x0841, 0x0841, 0x0841, 0x0841, 0x0841, 
  0x0841, 0x0841, 0x0841, 0x0841, 0x0841, 0x0841, 0x0841, 0x0841, 0x0841, 0x0841, 0x0841, 0x0841, 0x0841, 0x0841, 0x0841, 0x0841, 
  0x0841, 0x0841, 0x0841, 0x0841, 0x0841, 0x0841, 0x0841, 0x0841, 0x0841, 0x0841, 0x0841, 0x0841, 0x0841, 0x0841, 0x0841, 0x0841, 
  0x0841, 0x0841, 0x0841, 0x0841, 0x0841, 0x0841, 0x0841, 0x0841, 0x0841, 0x0841, 0x0841, 0x0841, 0x0841, 0x0841, 0x0841, 0x0020, 
  0x08C3, 0x19C8, 0x08C4, 0x0020, 0x0840, 0x0841, 0x0841, 0x0841, 0x0841, 0x0861, 0x0841, 0x0862, 0x0841, 0x0062, 0x19C9, 0x0862, 
  0x0862, 0x0041, 0x0862, 0x0841, 0x08A3, 0x1209, 0x0883, 0x0862, 0x0041, 0x1946, 0x10A3, 0x0861, 0x0862, 0x0862, 0x0861, 0x0861, 
  0x0862, 0x0861, 0x0041, 0x0062, 0x19C8, 0x1146, 0x0904, 0x08C3, 0x0862, 0x0862, 0x0021, 0x0841, 0x0841, 0x0861, 0x0021, 0x1966, 
  0x6A4B, 0x40A4, 0x0020, 0x0021, 0x1083, 0x18C4, 0x20E4, 0x3146, 0x3946, 0x0862, 0x00A3, 0x0905, 0x1166, 0x1988, 0x1167, 0x1167, 
  0x11A8, 0x1187, 0x1187, 0x1187, 0x1166, 0x1166, 0x1125, 0x00C3, 0x0042, 0x10C4, 0x3946, 0x2905, 0x18C3, 0x18A4, 0x0862, 0x0041, 
  0x0021, 0x4906, 0x5A8C, 0x08A3, 0x0021, 0x0862, 0x0841, 0x0841, 0x0841, 0x0862, 0x0882, 0x08C4, 0x0925, 0x1167, 0x1187, 0x0021, 
  0x0862, 0x0861, 0x0862, 0x0861, 0x0862, 0x0862, 0x0861, 0x0862, 0x0861, 0x0862, 0x0862, 0x0041, 0x0905, 0x11C9, 0x0883, 0x0841, 
  0x0882, 0x0862, 0x0041, 0x0905, 0x1187, 0x0021, 0x0861, 0x0862, 0x0841, 0x0861, 0x0841, 0x0841, 0x0862, 0x0861, 0x0841, 0x0841, 
  0x1146, 0x19C8, 0x0061, 0x0820, 0x0841, 0x0841, 0x0841, 0x0841, 0x0841, 0x0841, 0x0841, 0x0841, 0x0841, 0x0841, 0x0841, 0x0841, 
  0x0841, 0x0841, 0x0841, 0x0841, 0x0841, 0x0841, 0x0841, 0x0841, 0x0841, 0x0841, 0x0841, 0x0841, 0x0841, 0x0841, 0x0841, 0x0861, 
  0x0861, 0x0861, 0x0841, 0x1082, 0x0841, 0x0841, 0x1082, 0x18C3, 0x0020, 0x0861, 0x0861, 0x0841, 0x0841, 0x0841, 0x0841, 0x0841, 
  0x0841, 0x0841, 0x0020, 0x10A2, 0x1082, 0x0841, 0x0861, 0x0841, 0x18C3, 0x1082, 0x0841, 0x0841, 0x0841, 0x0841, 0x0841, 0x0861, 
  0x0861, 0x0841, 0x0861, 0x1082, 0x0841, 0x0841, 0x0841, 0x0861, 0x0841, 0x0841, 0x1082, 0x0861, 0x0841, 0x0841, 0x0841, 0x0841, 
  0x0841, 0x0841, 0x0841, 0x0841, 0x0841, 0x0841, 0x0841, 0x0841, 0x0841, 0x0841, 0x0841, 0x0841, 0x0841, 0x0841, 0x0841, 0x0020, 
  0x0020, 0x0841, 0x0841, 0x0841, 0x0841, 0x0841, 0x0841, 0x0841, 0x0841, 0x0841, 0x0841, 0x0841, 0x0841, 0x0841, 0x0841, 0x0841, 
  0x0841, 0x0841, 0x0841, 0x0841, 0x0841, 0x0841, 0x0841, 0x0841, 0x0841, 0x0841, 0x0841, 0x0841, 0x0841, 0x0841, 0x0841, 0x0841, 
  0x0841, 0x0841, 0x0841, 0x0841, 0x0841, 0x0841, 0x0841, 0x0841, 0x0841, 0x0841, 0x0841, 0x0841, 0x0841, 0x0841, 0x0841, 0x0841, 
  0x0841, 0x0841, 0x0841, 0x0841, 0x0841, 0x0841, 0x0841, 0x0841, 0x0841, 0x0841, 0x0841, 0x0841, 0x0841, 0x0841, 0x0841, 0x0841, 
  0x0841, 0x0841, 0x0841, 0x0841, 0x0841, 0x0841, 0x0841, 0x0841, 0x0841, 0x0841, 0x0841, 0x0841, 0x0841, 0x0841, 0x0841, 0x0841, 
  0x0841, 0x0841, 0x0841, 0x0841, 0x0841, 0x0841, 0x0841, 0x0841, 0x0841, 0x0841, 0x0841, 0x0841, 0x0841, 0x0841, 0x0020, 0x0904, 
  0x19C8, 0x0062, 0x0020, 0x0841, 0x0841, 0x0840, 0x0041, 0x0841, 0x0841, 0x0861, 0x0040, 0x0861, 0x0841, 0x0020, 0x1146, 0x1126, 
  0x0021, 0x0841, 0x0841, 0x0841, 0x0061, 0x11A7, 0x0061, 0x0841, 0x0840, 0x10C4, 0x0841, 0x0841, 0x0841, 0x0841, 0x0841, 0x0841, 
  0x0841, 0x0021, 0x08C4, 0x1A0A, 0x08C4, 0x0000, 0x0020, 0x0841, 0x0841, 0x0861, 0x0841, 0x0861, 0x0041, 0x0841, 0x0861, 0x0001, 
  0x1987, 0x3A6B, 0x4105, 0x38C3, 0x2082, 0x0821, 0x0000, 0x0821, 0x6146, 0x5988, 0x20E5, 0x0041, 0x0000, 0x0842, 0x0841, 0x0020, 
  0x0062, 0x0841, 0x0021, 0x0020, 0x0020, 0x0020, 0x0000, 0x1062, 0x3166, 0x71C9, 0x30A3, 0x0000, 0x0000, 0x1041, 0x30A3, 0x3083, 
  0x3167, 0x328C, 0x00C4, 0x0020, 0x0861, 0x0841, 0x0841, 0x0861, 0x0041, 0x0861, 0x0820, 0x0821, 0x0020, 0x0000, 0x1167, 0x19E9, 
  0x0062, 0x0020, 0x0841, 0x0841, 0x0841, 0x0841, 0x0841, 0x0841, 0x0041, 0x0861, 0x0841, 0x0841, 0x08A3, 0x1167, 0x0041, 0x0841, 
  0x0841, 0x0041, 0x0041, 0x11A8, 0x08A3, 0x0841, 0x0841, 0x0861, 0x0840, 0x0861, 0x0841, 0x0841, 0x0841, 0x0041, 0x0841, 0x0841, 
  0x0820, 0x08A3, 0x19E8, 0x0862, 0x0020, 0x0841, 0x0021, 0x0841, 0x0841, 0x0841, 0x0841, 0x0841, 0x0841, 0x0841, 0x0841, 0x0841, 
  0x0841, 0x0841, 0x0841, 0x0841, 0x0841, 0x0841, 0x0020, 0x0841, 0x0841, 0x0841, 0x0841, 0x0841, 0x0841, 0x0841, 0x0020, 0x18E3, 
  0x10A2, 0x0020, 0x0861, 0x1082, 0x0020, 0x0841, 0x0020, 0x18C3, 0x0841, 0x0841, 0x18C3, 0x1082, 0x0020, 0x0841, 0x0841, 0x0841, 
  0x0841, 0x0841, 0x0020, 0x0861, 0x0861, 0x0841, 0x1082, 0x0020, 0x1082, 0x1082, 0x0020, 0x0841, 0x0841, 0x0841, 0x0841, 0x0841, 
  0x0841, 0x0861, 0x0861, 0x0861, 0x0020, 0x0841, 0x0841, 0x0841, 0x0861, 0x1082, 0x0861, 0x0841, 0x0841, 0x0841, 0x0841, 0x0841, 
  0x0841, 0x0841, 0x0841, 0x0841, 0x0841, 0x0841, 0x0841, 0x0841, 0x0841, 0x0841, 0x0841, 0x0841, 0x0841, 0x0841, 0x0841, 0x0020, 
  0x0020, 0x0841, 0x0841, 0x0841, 0x0841, 0x0841, 0x0841, 0x0841, 0x0841, 0x0841, 0x0841, 0x0841, 0x0841, 0x0841, 0x0841, 0x0841, 
  0x0841, 0x0841, 0x0841, 0x0841, 0x0841, 0x0841, 0x0841, 0x0841, 0x0841, 0x0841, 0x0841, 0x0841, 0x0841, 0x0841, 0x0841, 0x0841, 
  0x0841, 0x0841, 0x0841, 0x0841, 0x0841, 0x0841, 0x0841, 0x0841, 0x0841, 0x0841, 0x0841, 0x0841, 0x0841, 0x0841, 0x0841, 0x0841, 
  0x0841, 0x0841, 0x0841, 0x0841, 0x0841, 0x0841, 0x0841, 0x0841, 0x0841, 0x0841, 0x0841, 0x0841, 0x0841, 0x0841, 0x0841, 0x0841, 
  0x0841, 0x0841, 0x0841, 0x0841, 0x0841, 0x0841, 0x0841, 0x0841, 0x0841, 0x0841, 0x0841, 0x0841, 0x0841, 0x0841, 0x0841, 0x0841, 
  0x0841, 0x0841, 0x0841, 0x0841, 0x0841, 0x0841, 0x0841, 0x0841, 0x0841, 0x0841, 0x0841, 0x0841, 0x0841, 0x0000, 0x0905, 0x19C8, 
  0x0041, 0x0840, 0x0841, 0x0841, 0x0841, 0x0841, 0x0861, 0x0862, 0x0841, 0x0862, 0x0841, 0x0862, 0x0841, 0x0861, 0x0883, 0x19C8, 
  0x0062, 0x0841, 0x0862, 0x0821, 0x0945, 0x1146, 0x0820, 0x0862, 0x0841, 0x0062, 0x0841, 0x0882, 0x0861, 0x0041, 0x0041, 0x0041, 
  0x0905, 0x1187, 0x1A8C, 0x1167, 0x0021, 0x0882, 0x0861, 0x0862, 0x0841, 0x0862, 0x0841, 0x0862, 0x0861, 0x0861, 0x0861, 0x0862, 
  0x0021, 0x0905, 0x31E9, 0x38C4, 0x5105, 0x6146, 0x30C4, 0x0821, 0x6967, 0x38C4, 0x20E4, 0x3187, 0x18C4, 0x0041, 0x0041, 0x0841, 
  0x0041, 0x0020, 0x0020, 0x0040, 0x0020, 0x0841, 0x3105, 0x3946, 0x2082, 0x7187, 0x38C4, 0x0841, 0x5125, 0x5946, 0x48E4, 0x2905, 
  0x2209, 0x0062, 0x0861, 0x0861, 0x0861, 0x0862, 0x0841, 0x0862, 0x0861, 0x0862, 0x0841, 0x0862, 0x0862, 0x0862, 0x0841, 0x1A4A, 
  0x1A2A, 0x1167, 0x08C4, 0x0041, 0x0021, 0x0841, 0x0841, 0x0862, 0x0841, 0x0862, 0x0841, 0x0862, 0x0041, 0x1188, 0x08C3, 0x0841, 
  0x0862, 0x0821, 0x0904, 0x1187, 0x0041, 0x0862, 0x0861, 0x0862, 0x0841, 0x0862, 0x0861, 0x0861, 0x0861, 0x0861, 0x0862, 0x0841, 
  0x0862, 0x0821, 0x08C4, 0x19C9, 0x0062, 0x0820, 0x0841, 0x0841, 0x0841, 0x0841, 0x0841, 0x0841, 0x0841, 0x0841, 0x0841, 0x0841, 
  0x0841, 0x0841, 0x0841, 0x0841, 0x0841, 0x0841, 0x0841, 0x0841, 0x0841, 0x0841, 0x0841, 0x0841, 0x0841, 0x0841, 0x0841, 0x0861, 
  0x10A2, 0x0861, 0x10A2, 0x0861, 0x0841, 0x0841, 0x0020, 0x10A2, 0x18C3, 0x1082, 0x10A2, 0x0861, 0x0841, 0x0841, 0x0841, 0x0841, 
  0x0841, 0x0841, 0x0020, 0x10A2, 0x10A2, 0x0841, 0x1082, 0x0841, 0x0861, 0x0841, 0x0841, 0x0841, 0x0841, 0x0841, 0x0841, 0x0841, 
  0x0841, 0x10A2, 0x18C3, 0x1082, 0x0841, 0x0841, 0x0841, 0x0861, 0x18C3, 0x1082, 0x0841, 0x0841, 0x0841, 0x0841, 0x0841, 0x0841, 
  0x0841, 0x0841, 0x0841, 0x0841, 0x0841, 0x0841, 0x0841, 0x0841, 0x0841, 0x0841, 0x0841, 0x0841, 0x0841, 0x0841, 0x0841, 0x0020, 
  0x0020, 0x0841, 0x0841, 0x0841, 0x0841, 0x0841, 0x0841, 0x0841, 0x0841, 0x0841, 0x0841, 0x0841, 0x0841, 0x0841, 0x0841, 0x0841, 
  0x0841, 0x0841, 0x0841, 0x0841, 0x0841, 0x0841, 0x0841, 0x0841, 0x0841, 0x0841, 0x0841, 0x0841, 0x0841, 0x0841, 0x0841, 0x0841, 
  0x0841, 0x0841, 0x0841, 0x0841, 0x0841, 0x0841, 0x0841, 0x0841, 0x0841, 0x0841, 0x0841, 0x0841, 0x0841, 0x0841, 0x0841, 0x0841, 
  0x0841, 0x0841, 0x0841, 0x0841, 0x0841, 0x0841, 0x0841, 0x0841, 0x0841, 0x0841, 0x0841, 0x0841, 0x0841, 0x0841, 0x0841, 0x0841, 
  0x0841, 0x0841, 0x0841, 0x0841, 0x0841, 0x0841, 0x0841, 0x0841, 0x0841, 0x0841, 0x0841, 0x0841, 0x0841, 0x0841, 0x0841, 0x0841, 
  0x0841, 0x0841, 0x0841, 0x0841, 0x0841, 0x0841, 0x0841, 0x0841, 0x0841, 0x0841, 0x0841, 0x0861, 0x0020, 0x08E5, 0x11C8, 0x0041, 
  0x0841, 0x0841, 0x0841, 0x0841, 0x0841, 0x0841, 0x0841, 0x0841, 0x0841, 0x0861, 0x0841, 0x0861, 0x0841, 0x0861, 0x0021, 0x1146, 
  0x0925, 0x0020, 0x0862, 0x0041, 0x11A8, 0x0882, 0x0841, 0x0862, 0x0841, 0x0862, 0x0841, 0x0821, 0x0882, 0x0926, 0x19A8, 0x19C8, 
  0x0926, 0x1147, 0x1167, 0x0020, 0x0861, 0x0861, 0x0841, 0x0861, 0x0841, 0x0862, 0x0841, 0x0862, 0x0841, 0x0841, 0x0861, 0x0861, 
  0x0862, 0x0020, 0x0905, 0x11A8, 0x0021, 0x1041, 0x5105, 0x5126, 0x1041, 0x0021, 0x0020, 0x1062, 0x2946, 0x3947, 0x20E4, 0x10E5, 
  0x2105, 0x20C4, 0x18C4, 0x18C3, 0x38E4, 0x3967, 0x28C4, 0x0821, 0x0041, 0x0000, 0x28A3, 0x6146, 0x30C3, 0x0000, 0x00A3, 0x11C8, 
  0x0082, 0x0841, 0x0862, 0x0841, 0x0841, 0x0861, 0x0841, 0x0861, 0x0841, 0x0861, 0x0841, 0x0861, 0x0841, 0x0841, 0x0861, 0x0041, 
  0x19C8, 0x0905, 0x1187, 0x21C9, 0x1987, 0x0905, 0x0862, 0x0841, 0x0841, 0x0862, 0x0862, 0x0862, 0x0821, 0x08E4, 0x1167, 0x0020, 
  0x0882, 0x0041, 0x11A8, 0x08A3, 0x0841, 0x0861, 0x0841, 0x0862, 0x0841, 0x0862, 0x0841, 0x0841, 0x0861, 0x0841, 0x0861, 0x0841, 
  0x0861, 0x0861, 0x0821, 0x08A3, 0x19E8, 0x0862, 0x0820, 0x0841, 0x0841, 0x0841, 0x0841, 0x0841, 0x0841, 0x0841, 0x0841, 0x0841, 
  0x0841, 0x0841, 0x0841, 0x0841, 0x0841, 0x0841, 0x0841, 0x0841, 0x0841, 0x0841, 0x0841, 0x0841, 0x0841, 0x0841, 0x0841, 0x0841, 
  0x0861, 0x1082, 0x1082, 0x0841, 0x0841, 0x0841, 0x0841, 0x0841, 0x1082, 0x1082, 0x0841, 0x0841, 0x0841, 0x0841, 0x0841, 0x0841, 
  0x0841, 0x0841, 0x0841, 0x0861, 0x1082, 0x1082, 0x0861, 0x0861, 0x0841, 0x0841, 0x0841, 0x0841, 0x0841, 0x0841, 0x0841, 0x0841, 
  0x10A2, 0x18C3, 0x2124, 0x0861, 0x0841, 0x0841, 0x0841, 0x1082, 0x2124, 0x10A2, 0x0861, 0x0841, 0x0841, 0x0841, 0x0841, 0x0841, 
  0x0841, 0x0841, 0x0841, 0x0841, 0x0841, 0x0841, 0x0841, 0x0841, 0x0841, 0x0841, 0x0841, 0x0841, 0x0841, 0x0841, 0x0841, 0x0020, 
  0x0020, 0x0841, 0x0841, 0x0841, 0x0841, 0x0841, 0x0841, 0x0841, 0x0841, 0x0841, 0x0841, 0x0841, 0x0841, 0x0841, 0x0841, 0x0841, 
  0x0841, 0x0841, 0x0841, 0x0841, 0x0841, 0x0841, 0x0841, 0x0841, 0x0841, 0x0841, 0x0841, 0x0841, 0x0841, 0x0841, 0x0841, 0x0841, 
  0x0841, 0x0841, 0x0841, 0x0841, 0x0841, 0x0841, 0x0841, 0x0841, 0x0841, 0x0841, 0x0841, 0x0841, 0x0841, 0x0841, 0x0841, 0x0841, 
  0x0841, 0x0841, 0x0841, 0x0841, 0x0841, 0x0841, 0x0841, 0x0841, 0x0841, 0x0841, 0x0841, 0x0841, 0x0841, 0x0841, 0x0841, 0x0841, 
  0x0841, 0x0841, 0x0841, 0x0841, 0x0841, 0x0841, 0x0841, 0x0841, 0x0841, 0x0841, 0x0841, 0x0841, 0x0841, 0x0841, 0x0841, 0x0841, 
  0x0841, 0x0841, 0x0841, 0x0841, 0x0841, 0x0841, 0x0841, 0x0841, 0x0841, 0x0841, 0x0841, 0x0820, 0x10E4, 0x19C8, 0x0041, 0x0841, 
  0x0841, 0x0841, 0x0841, 0x0841, 0x0841, 0x0841, 0x1063, 0x1084, 0x0861, 0x0862, 0x0841, 0x0862, 0x0841, 0x0861, 0x0862, 0x0061, 
  0x19C9, 0x0882, 0x0841, 0x0883, 0x11A7, 0x0841, 0x0861, 0x0862, 0x0841, 0x0841, 0x0882, 0x1166, 0x19C8, 0x0926, 0x10E5, 0x30E5, 
  0x0042, 0x19E9, 0x08A3, 0x0041, 0x0861, 0x0861, 0x0861, 0x0862, 0x0841, 0x0862, 0x0041, 0x18E4, 0x0882, 0x0841, 0x0882, 0x10A3, 
  0x0862, 0x0861, 0x0821, 0x1126, 0x19C8, 0x0041, 0x0020, 0x28C3, 0x6166, 0x38E4, 0x0021, 0x0862, 0x0041, 0x30E4, 0x71C8, 0x3926, 
  0x30E5, 0x6167, 0x18A3, 0x69A8, 0x6167, 0x1062, 0x0020, 0x0020, 0x1862, 0x5946, 0x5125, 0x2084, 0x0022, 0x08C3, 0x19E9, 0x0882, 
  0x0841, 0x0861, 0x0862, 0x0861, 0x0861, 0x0862, 0x0841, 0x0862, 0x0841, 0x0862, 0x0841, 0x0861, 0x0861, 0x0841, 0x0862, 0x0821, 
  0x10E5, 0x11A7, 0x0821, 0x3926, 0x08A4, 0x1146, 0x1A0A, 0x1146, 0x0041, 0x0841, 0x10E4, 0x0862, 0x0841, 0x0882, 0x11A8, 0x0841, 
  0x0841, 0x08E5, 0x1187, 0x0041, 0x0862, 0x0861, 0x0841, 0x0862, 0x0841, 0x0862, 0x0841, 0x0861, 0x0862, 0x0861, 0x0862, 0x0841, 
  0x0861, 0x0861, 0x0862, 0x0021, 0x08E4, 0x19C8, 0x0061, 0x0841, 0x0841, 0x0841, 0x0841, 0x0841, 0x0841, 0x0841, 0x0841, 0x0841, 
  0x0841, 0x0841, 0x0841, 0x0841, 0x0841, 0x0841, 0x0841, 0x0841, 0x0841, 0x0841, 0x0841, 0x0841, 0x0841, 0x0841, 0x0841, 0x0841, 
  0x0861, 0x10A2, 0x2104, 0x0841, 0x0841, 0x0841, 0x0841, 0x0861, 0x18C3, 0x10A2, 0x1082, 0x0841, 0x0841, 0x0841, 0x0841, 0x0841, 
  0x0841, 0x0841, 0x0841, 0x1082, 0x10A2, 0x18E3, 0x0841, 0x0841, 0x0841, 0x0841, 0x0841, 0x0841, 0x0841, 0x0841, 0x0841, 0x0861, 
  0x10A2, 0x10A2, 0x18C3, 0x0841, 0x0841, 0x0841, 0x0841, 0x0841, 0x10A2, 0x10A2, 0x1082, 0x0841, 0x0841, 0x0841, 0x0841, 0x0841, 
  0x0841, 0x0841, 0x0841, 0x0841, 0x0841, 0x0841, 0x0841, 0x0841, 0x0841, 0x0841, 0x0841, 0x0841, 0x0841, 0x0841, 0x0841, 0x0020, 
  0x0020, 0x0841, 0x0841, 0x0841, 0x0841, 0x0841, 0x0841, 0x0841, 0x0841, 0x0841, 0x0841, 0x0841, 0x0841, 0x0841, 0x0841, 0x0841, 
  0x0841, 0x0841, 0x0841, 0x0841, 0x0841, 0x0841, 0x0841, 0x0841, 0x0841, 0x0841, 0x0841, 0x0841, 0x0841, 0x0841, 0x0841, 0x0841, 
  0x0841, 0x0841, 0x0841, 0x0841, 0x0841, 0x0841, 0x0841, 0x0841, 0x0841, 0x0841, 0x0841, 0x0841, 0x0841, 0x0841, 0x0841, 0x0841, 
  0x0841, 0x0841, 0x0841, 0x0841, 0x0841, 0x0841, 0x0841, 0x0841, 0x0841, 0x0841, 0x0841, 0x0841, 0x0841, 0x0841, 0x0841, 0x0841, 
  0x0841, 0x0841, 0x0841, 0x0841, 0x0841, 0x0841, 0x0841, 0x0841, 0x0841, 0x0841, 0x0841, 0x0841, 0x0841, 0x0841, 0x0841, 0x0841, 
  0x0841, 0x0841, 0x0841, 0x0841, 0x0841, 0x0841, 0x0841, 0x0841, 0x0841, 0x0841, 0x0841, 0x0883, 0x19E8, 0x0061, 0x0821, 0x0841, 
  0x0841, 0x0841, 0x0841, 0x0841, 0x0841, 0x0041, 0x1083, 0x18E4, 0x0041, 0x0862, 0x0841, 0x0862, 0x0841, 0x0861, 0x0861, 0x0820, 
  0x0905, 0x19A8, 0x0021, 0x08C4, 0x1167, 0x0841, 0x0862, 0x0041, 0x08A3, 0x1167, 0x11A7, 0x1125, 0x0061, 0x0821, 0x28A3, 0x30A4, 
  0x11A8, 0x1126, 0x2126, 0x18A4, 0x0862, 0x0861, 0x0861, 0x0862, 0x0841, 0x0862, 0x0841, 0x0862, 0x0861, 0x0861, 0x0861, 0x0841, 
  0x0862, 0x0861, 0x0862, 0x0020, 0x1146, 0x19E9, 0x0041, 0x0020, 0x0820, 0x4926, 0x5126, 0x1062, 0x0041, 0x0041, 0x1041, 0x5125, 
  0x48C4, 0x50E4, 0x5125, 0x30C3, 0x0000, 0x0041, 0x0021, 0x30A3, 0x6166, 0x28A3, 0x0000, 0x1062, 0x1946, 0x19E9, 0x0882, 0x0841, 
  0x0862, 0x0841, 0x0862, 0x0861, 0x0862, 0x0862, 0x0841, 0x0862, 0x0841, 0x0862, 0x0861, 0x0861, 0x0861, 0x0861, 0x0861, 0x0861, 
  0x0841, 0x1166, 0x1146, 0x40C4, 0x1862, 0x0021, 0x0862, 0x1968, 0x21C9, 0x1146, 0x0062, 0x0841, 0x0862, 0x0062, 0x11A7, 0x0862, 
  0x0862, 0x19C9, 0x0883, 0x0841, 0x0861, 0x0861, 0x0841, 0x0862, 0x0841, 0x0862, 0x0861, 0x0861, 0x0861, 0x0841, 0x0862, 0x0861, 
  0x0861, 0x0861, 0x0861, 0x0861, 0x0021, 0x0905, 0x11A7, 0x0041, 0x0841, 0x0841, 0x0841, 0x0841, 0x0841, 0x0841, 0x0841, 0x0841, 
  0x0841, 0x0841, 0x0841, 0x0841, 0x0841, 0x0841, 0x0841, 0x0841, 0x0841, 0x0841, 0x0841, 0x0841, 0x0841, 0x0841, 0x0841, 0x0841, 
  0x1082, 0x0861, 0x1082, 0x0841, 0x0841, 0x0841, 0x0841, 0x0861, 0x10A2, 0x1082, 0x1082, 0x0841, 0x0841, 0x0841, 0x0841, 0x0841, 
  0x0841, 0x0841, 0x0861, 0x1082, 0x18C3, 0x0861, 0x0861, 0x10A2, 0x0841, 0x0841, 0x0841, 0x0841, 0x0841, 0x0841, 0x0841, 0x0861, 
  0x1082, 0x1082, 0x10A2, 0x0841, 0x0841, 0x0841, 0x0841, 0x0861, 0x10A2, 0x0861, 0x1082, 0x0841, 0x0841, 0x0841, 0x0841, 0x0841, 
  0x0841, 0x0841, 0x0841, 0x0841, 0x0841, 0x0841, 0x0841, 0x0841, 0x0841, 0x0841, 0x0841, 0x0841, 0x0841, 0x0841, 0x0841, 0x0020, 
  0x0020, 0x0841, 0x0841, 0x0841, 0x0841, 0x0841, 0x0841, 0x0841, 0x0841, 0x0841, 0x0841, 0x0841, 0x0841, 0x0841, 0x0841, 0x0841, 
  0x0841, 0x0841, 0x0841, 0x0841, 0x0841, 0x0841, 0x0841, 0x0841, 0x0841, 0x0841, 0x0841, 0x0841, 0x0841, 0x0841, 0x0841, 0x0841, 
  0x0841, 0x0841, 0x0841, 0x0841, 0x0841, 0x0841, 0x0841, 0x0841, 0x0841, 0x0841, 0x0841, 0x0841, 0x0841, 0x0841, 0x0841, 0x0841, 
  0x0841, 0x0841, 0x0841, 0x0841, 0x0841, 0x0841, 0x0841, 0x0841, 0x0841, 0x0841, 0x0841, 0x0841, 0x0841, 0x0841, 0x0841, 0x0841, 
  0x0841, 0x0841, 0x0841, 0x0841, 0x0841, 0x0841, 0x0841, 0x0841, 0x0841, 0x0841, 0x0841, 0x0841, 0x0841, 0x0841, 0x0841, 0x0841, 
  0x0841, 0x0841, 0x0841, 0x0841, 0x0841, 0x0841, 0x0841, 0x0841, 0x0041, 0x0841, 0x0021, 0x11A8, 0x08C3, 0x0820, 0x0841, 0x0841, 
  0x0841, 0x0841, 0x0841, 0x0841, 0x0841, 0x0841, 0x0041, 0x0041, 0x0841, 0x0841, 0x0841, 0x0841, 0x0841, 0x0841, 0x0841, 0x0841, 
  0x0020, 0x1187, 0x08A4, 0x08C4, 0x1146, 0x0000, 0x0821, 0x1167, 0x11A8, 0x0904, 0x0041, 0x0820, 0x0021, 0x20A3, 0x30A4, 0x1167, 
  0x0925, 0x0821, 0x0882, 0x1063, 0x0841, 0x0841, 0x0841, 0x0841, 0x0841, 0x0841, 0x0841, 0x0841, 0x0841, 0x0841, 0x0841, 0x0841, 
  0x0841, 0x0841, 0x0841, 0x0841, 0x0020, 0x1145, 0x11C8, 0x5146, 0x48E4, 0x0000, 0x30C3, 0x6166, 0x2082, 0x0021, 0x0041, 0x1841, 
  0x6146, 0x7147, 0x50E5, 0x0020, 0x0861, 0x0821, 0x4905, 0x5125, 0x1021, 0x0841, 0x58E5, 0x2926, 0x11C8, 0x08A2, 0x0040, 0x0841, 
  0x0841, 0x0841, 0x0841, 0x0841, 0x0841, 0x0841, 0x0841, 0x0841, 0x0841, 0x0841, 0x0841, 0x0841, 0x0841, 0x0841, 0x0841, 0x0841, 
  0x0841, 0x0041, 0x11C8, 0x18E4, 0x40E4, 0x1061, 0x0041, 0x0822, 0x0863, 0x0925, 0x19C8, 0x0905, 0x0000, 0x0021, 0x1187, 0x0041, 
  0x1167, 0x1126, 0x0020, 0x0841, 0x0841, 0x0841, 0x0841, 0x0841, 0x0841, 0x0841, 0x0841, 0x0841, 0x0841, 0x0841, 0x0841, 0x0841, 
  0x0841, 0x0841, 0x0841, 0x0841, 0x0841, 0x0020, 0x1166, 0x1125, 0x0820, 0x0841, 0x0841, 0x0841, 0x0841, 0x0841, 0x0841, 0x0841, 
  0x0841, 0x0841, 0x0841, 0x0841, 0x0841, 0x0841, 0x0841, 0x0841, 0x0841, 0x0841, 0x0841, 0x0841, 0x0841, 0x0841, 0x0841, 0x0861, 
  0x10A2, 0x0861, 0x0861, 0x0841, 0x0841, 0x0841, 0x0841, 0x0861, 0x1082, 0x0861, 0x1082, 0x0841, 0x0841, 0x0841, 0x0841, 0x0841, 
  0x0020, 0x0841, 0x2104, 0x0861, 0x0861, 0x0861, 0x0861, 0x10A2, 0x0841, 0x0841, 0x0841, 0x0841, 0x0841, 0x0841, 0x0841, 0x0841, 
  0x10A2, 0x10A2, 0x18C3, 0x0841, 0x0841, 0x0841, 0x0841, 0x0841, 0x10A2, 0x1082, 0x10A2, 0x0841, 0x0841, 0x0841, 0x0841, 0x0841, 
  0x0841, 0x0841, 0x0841, 0x0841, 0x0841, 0x0841, 0x0841, 0x0841, 0x0841, 0x0841, 0x0841, 0x0841, 0x0841, 0x0841, 0x0841, 0x0020, 
  0x0020, 0x0841, 0x0841, 0x0841, 0x0841, 0x0841, 0x0841, 0x0841, 0x0841, 0x0841, 0x0841, 0x0841, 0x0841, 0x0841, 0x0841, 0x0841, 
  0x0841, 0x0841, 0x0841, 0x0841, 0x0841, 0x0841, 0x0841, 0x0841, 0x0841, 0x0841, 0x0841, 0x0841, 0x0841, 0x0841, 0x0841, 0x0841, 
  0x0841, 0x0841, 0x0841, 0x0841, 0x0841, 0x0841, 0x0841, 0x0841, 0x0841, 0x0841, 0x0841, 0x0841, 0x0841, 0x0841, 0x0841, 0x0841, 
  0x0841, 0x0841, 0x0841, 0x0841, 0x0841, 0x0841, 0x0841, 0x0841, 0x0841, 0x0841, 0x0841, 0x0841, 0x0841, 0x0841, 0x0841, 0x0841, 
  0x0841, 0x0841, 0x0841, 0x0841, 0x0841, 0x0841, 0x0841, 0x0841, 0x0841, 0x0841, 0x0841, 0x0841, 0x0841, 0x0841, 0x0841, 0x0841, 
  0x0841, 0x0841, 0x0841, 0x0841, 0x0841, 0x0841, 0x0841, 0x0841, 0x0841, 0x0020, 0x08E4, 0x1167, 0x0000, 0x0841, 0x0841, 0x0841, 
  0x0841, 0x0841, 0x0841, 0x0841, 0x0841, 0x0841, 0x0841, 0x0841, 0x0841, 0x0841, 0x0841, 0x0841, 0x0841, 0x0841, 0x0841, 0x0841, 
  0x0820, 0x0883, 0x11A7, 0x0926, 0x08E5, 0x08A3, 0x11C8, 0x1166, 0x0020, 0x0020, 0x0841, 0x0841, 0x0020, 0x2062, 0x2126, 0x1187, 
  0x0021, 0x0840, 0x0820, 0x0021, 0x0840, 0x0841, 0x0841, 0x0841, 0x0841, 0x0841, 0x0841, 0x0841, 0x0841, 0x0841, 0x0841, 0x0841, 
  0x0841, 0x0841, 0x0841, 0x0821, 0x0841, 0x0020, 0x08A3, 0x628C, 0x51A8, 0x0000, 0x0020, 0x1041, 0x5946, 0x30C3, 0x0020, 0x1041, 
  0x6146, 0x7147, 0x40C4, 0x0000, 0x1041, 0x5946, 0x38C4, 0x0020, 0x0020, 0x1062, 0x728C, 0x31C8, 0x0041, 0x0820, 0x0841, 0x0841, 
  0x0841, 0x0841, 0x0840, 0x0841, 0x0841, 0x0840, 0x0841, 0x0841, 0x0841, 0x0841, 0x0841, 0x0841, 0x0841, 0x0841, 0x0841, 0x0841, 
  0x0841, 0x0820, 0x0883, 0x11C8, 0x28C4, 0x1041, 0x0020, 0x0041, 0x0821, 0x0020, 0x0061, 0x11A8, 0x1187, 0x0882, 0x0946, 0x0905, 
  0x11A8, 0x0021, 0x0840, 0x0841, 0x0841, 0x0841, 0x0841, 0x0841, 0x0841, 0x0841, 0x0841, 0x0841, 0x0841, 0x0841, 0x0841, 0x0841, 
  0x0841, 0x0841, 0x0840, 0x0841, 0x0841, 0x0820, 0x0042, 0x19C8, 0x0061, 0x0841, 0x0041, 0x0841, 0x0841, 0x0841, 0x0841, 0x0841, 
  0x0841, 0x0841, 0x0841, 0x0841, 0x0841, 0x0841, 0x0841, 0x0841, 0x0841, 0x0841, 0x0841, 0x0841, 0x0841, 0x0841, 0x0020, 0x1082, 
  0x18C3, 0x18C3, 0x10A2, 0x0841, 0x0841, 0x0841, 0x0020, 0x0861, 0x18C3, 0x18C3, 0x10A2, 0x0841, 0x0841, 0x0841, 0x0841, 0x0861, 
  0x10A2, 0x18C3, 0x1082, 0x1082, 0x0861, 0x0841, 0x0841, 0x0861, 0x1082, 0x0841, 0x0841, 0x0841, 0x0841, 0x0841, 0x0020, 0x18E3, 
  0x1082, 0x0861, 0x10A2, 0x0020, 0x0841, 0x0841, 0x0841, 0x0841, 0x18E3, 0x0861, 0x18C3, 0x10A2, 0x0020, 0x0841, 0x0841, 0x0841, 
  0x0841, 0x0841, 0x0841, 0x0841, 0x0841, 0x0841, 0x0841, 0x0841, 0x0841, 0x0841, 0x0841, 0x0841, 0x0841, 0x0841, 0x0841, 0x0020, 
  0x0020, 0x0841, 0x0841, 0x0841, 0x0841, 0x0841, 0x0841, 0x0841, 0x0841, 0x0841, 0x0841, 0x0841, 0x0841, 0x0841, 0x0841, 0x0841, 
  0x0841, 0x0841, 0x0841, 0x0841, 0x0841, 0x0841, 0x0841, 0x0841, 0x0841, 0x0841, 0x0841, 0x0841, 0x0841, 0x0841, 0x0841, 0x0841, 
  0x0841, 0x0841, 0x0841, 0x0841, 0x0841, 0x0841, 0x0841, 0x0841, 0x0841, 0x0841, 0x0841, 0x0841, 0x0841, 0x0841, 0x0841, 0x0841, 
  0x0841, 0x0841, 0x0841, 0x0841, 0x0841, 0x0841, 0x0841, 0x0841, 0x0841, 0x0841, 0x0841, 0x0841, 0x0841, 0x0841, 0x0841, 0x0841, 
  0x0841, 0x0841, 0x0841, 0x0841, 0x0841, 0x0841, 0x0841, 0x0841, 0x0841, 0x0841, 0x0841, 0x0841, 0x0841, 0x0841, 0x0841, 0x0841, 
  0x0841, 0x0841, 0x0841, 0x0841, 0x0841, 0x0841, 0x0841, 0x0841, 0x0841, 0x0041, 0x19C8, 0x0862, 0x0820, 0x0841, 0x0841, 0x0841, 
  0x0841, 0x0841, 0x0841, 0x0841, 0x0841, 0x0841, 0x0841, 0x0841, 0x0841, 0x0841, 0x0841, 0x0841, 0x0841, 0x0841, 0x0841, 0x0841, 
  0x0841, 0x0021, 0x0905, 0x1A4B, 0x11C8, 0x1987, 0x08E4, 0x0020, 0x0841, 0x0821, 0x0000, 0x0862, 0x0061, 0x1083, 0x2A0A, 0x0041, 
  0x0841, 0x0841, 0x0841, 0x0020, 0x0020, 0x0820, 0x0841, 0x0841, 0x0841, 0x0841, 0x0841, 0x0841, 0x0841, 0x0841, 0x0841, 0x0841, 
  0x0841, 0x0841, 0x0841, 0x0841, 0x0841, 0x0841, 0x0820, 0x0021, 0x1187, 0x1167, 0x0841, 0x0821, 0x2882, 0x5105, 0x1041, 0x2062, 
  0x6126, 0x8167, 0x40A4, 0x1862, 0x2882, 0x5905, 0x0821, 0x1041, 0x08C4, 0x19E9, 0x00E4, 0x0000, 0x0841, 0x0841, 0x0841, 0x0841, 
  0x0841, 0x0841, 0x0841, 0x0841, 0x0841, 0x0841, 0x0841, 0x0841, 0x0841, 0x0841, 0x0841, 0x0841, 0x0020, 0x0821, 0x0020, 0x0820, 
  0x0841, 0x0841, 0x0820, 0x08E4, 0x31E9, 0x0021, 0x1082, 0x0861, 0x0020, 0x0841, 0x0841, 0x0020, 0x1126, 0x1988, 0x122A, 0x1A2A, 
  0x0082, 0x0841, 0x0841, 0x0841, 0x0841, 0x0841, 0x0841, 0x0841, 0x0841, 0x0841, 0x0841, 0x0841, 0x0841, 0x0841, 0x0841, 0x0841, 
  0x0841, 0x0841, 0x0841, 0x0841, 0x0841, 0x0861, 0x0020, 0x1125, 0x1166, 0x0020, 0x0841, 0x0841, 0x0841, 0x0841, 0x0841, 0x0841, 
  0x0841, 0x0841, 0x0841, 0x0841, 0x0841, 0x0841, 0x0841, 0x0841, 0x0841, 0x0841, 0x0841, 0x0841, 0x0841, 0x0841, 0x0841, 0x10A2, 
  0x2104, 0x2945, 0x10A2, 0x0841, 0x0841, 0x0841, 0x0020, 0x1082, 0x18C3, 0x2965, 0x18E3, 0x0861, 0x0841, 0x0841, 0x0861, 0x1082, 
  0x1082, 0x18E3, 0x10A2, 0x0861, 0x1082, 0x0841, 0x0020, 0x1082, 0x18C3, 0x0861, 0x0841, 0x0841, 0x0841, 0x0841, 0x0841, 0x10A2, 
  0x0841, 0x1082, 0x18C3, 0x0841, 0x0841, 0x0841, 0x0841, 0x0861, 0x18E3, 0x0841, 0x1082, 0x1082, 0x0020, 0x0841, 0x0841, 0x0841, 
  0x0841, 0x0841, 0x0841, 0x0841, 0x0841, 0x0841, 0x0841, 0x0841, 0x0841, 0x0841, 0x0841, 0x0841, 0x0841, 0x0841, 0x0841, 0x0020, 
  0x0020, 0x0841, 0x0841, 0x0841, 0x0841, 0x0841, 0x0841, 0x0841, 0x0841, 0x0841, 0x0841, 0x0841, 0x0841, 0x0841, 0x0841, 0x0841, 
  0x0841, 0x0841, 0x0841, 0x0841, 0x0841, 0x0841, 0x0841, 0x0841, 0x0841, 0x0841, 0x0841, 0x0841, 0x0841, 0x0841, 0x0841, 0x0841, 
  0x0841, 0x0841, 0x0841, 0x0841, 0x0841, 0x0841, 0x0841, 0x0841, 0x0841, 0x0841, 0x0841, 0x0841, 0x0841, 0x0841, 0x0841, 0x0841, 
  0x0841, 0x0841, 0x0841, 0x0841, 0x0841, 0x0841, 0x0841, 0x0841, 0x0841, 0x0841, 0x0841, 0x0841, 0x0841, 0x0841, 0x0841, 0x0841, 
  0x0841, 0x0841, 0x0841, 0x0841, 0x0841, 0x0841, 0x0841, 0x0841, 0x0841, 0x0841, 0x0841, 0x0841, 0x0841, 0x0841, 0x0841, 0x0841, 
  0x0841, 0x0841, 0x0841, 0x0841, 0x0841, 0x0841, 0x0841, 0x0841, 0x0020, 0x1126, 0x1126, 0x0820, 0x0841, 0x0841, 0x0841, 0x0841, 
  0x0841, 0x0841, 0x0841, 0x0841, 0x0841, 0x0841, 0x0841, 0x0841, 0x0841, 0x0841, 0x0841, 0x0841, 0x0841, 0x0841, 0x0841, 0x0841, 
  0x0841, 0x0841, 0x0041, 0x11C9, 0x08E5, 0x1021, 0x0841, 0x0020, 0x0841, 0x08C4, 0x1167, 0x11A8, 0x1187, 0x1A4B, 0x0926, 0x0000, 
  0x0841, 0x0840, 0x0061, 0x1146, 0x0967, 0x09C8, 0x0082, 0x0840, 0x0841, 0x0841, 0x0841, 0x0841, 0x0841, 0x0841, 0x0841, 0x0841, 
  0x0841, 0x0841, 0x0841, 0x0841, 0x0841, 0x0841, 0x0841, 0x0841, 0x0021, 0x1125, 0x320A, 0x3926, 0x50E5, 0x7167, 0x6146, 0x6946, 
  0x7926, 0x7947, 0x7146, 0x6126, 0x6946, 0x7987, 0x38C4, 0x39C9, 0x19C8, 0x0882, 0x0821, 0x0841, 0x0841, 0x0841, 0x0841, 0x0841, 
  0x0841, 0x0841, 0x0841, 0x0841, 0x0841, 0x0841, 0x0841, 0x0841, 0x0841, 0x0841, 0x0841, 0x0820, 0x0905, 0x0167, 0x1167, 0x08C3, 
  0x0820, 0x0841, 0x0820, 0x0000, 0x19C9, 0x1A0A, 0x1987, 0x1988, 0x1126, 0x08A3, 0x0041, 0x0000, 0x1042, 0x0821, 0x11A8, 0x1167, 
  0x0000, 0x0861, 0x0841, 0x0841, 0x0841, 0x0841, 0x0841, 0x0841, 0x0841, 0x0841, 0x0841, 0x0841, 0x0841, 0x0841, 0x0841, 0x0841, 
  0x0841, 0x0841, 0x0841, 0x0841, 0x0841, 0x0841, 0x0841, 0x0021, 0x11C8, 0x08A3, 0x0821, 0x0841, 0x0841, 0x0841, 0x0841, 0x0841, 
  0x0841, 0x0841, 0x0841, 0x0841, 0x0841, 0x0841, 0x0841, 0x0841, 0x0841, 0x0841, 0x0841, 0x0841, 0x0841, 0x0841, 0x0861, 0x18E3, 
  0x0861, 0x1082, 0x18E3, 0x0841, 0x0841, 0x0841, 0x0841, 0x0861, 0x18E3, 0x0861, 0x10A2, 0x2104, 0x0020, 0x0841, 0x0861, 0x10A2, 
  0x0861, 0x0861, 0x0841, 0x0841, 0x1082, 0x10A2, 0x0861, 0x1082, 0x18E3, 0x0861, 0x0841, 0x0841, 0x0841, 0x0841, 0x0861, 0x18C3, 
  0x10A2, 0x18C3, 0x10A2, 0x0841, 0x0841, 0x0841, 0x0841, 0x0861, 0x18C3, 0x10A2, 0x18C3, 0x10A2, 0x0841, 0x0841, 0x0841, 0x0841, 
  0x0841, 0x0841, 0x0841, 0x0841, 0x0841, 0x0841, 0x0841, 0x0841, 0x0841, 0x0841, 0x0841, 0x0841, 0x0841, 0x0841, 0x0841, 0x0020, 
  0x0020, 0x0841, 0x0841, 0x0841, 0x0841, 0x0841, 0x0841, 0x0841, 0x0841, 0x0841, 0x0841, 0x0841, 0x0841, 0x0841, 0x0841, 0x0841, 
  0x0841, 0x0841, 0x0841, 0x0841, 0x0841, 0x0841, 0x0841, 0x0841, 0x0841, 0x0841, 0x0841, 0x0841, 0x0841, 0x0841, 0x0841, 0x0841, 
  0x0841, 0x0841, 0x0841, 0x0841, 0x0841, 0x0841, 0x0841, 0x0841, 0x0841, 0x0841, 0x0841, 0x0841, 0x0841, 0x0841, 0x0841, 0x0841, 
  0x0841, 0x0841, 0x0841, 0x0841, 0x0841, 0x0841, 0x0841, 0x0841, 0x0841, 0x0841, 0x0841, 0x0841, 0x0841, 0x0841, 0x0841, 0x0841, 
  0x0841, 0x0841, 0x0841, 0x0841, 0x0841, 0x0841, 0x0841, 0x0841, 0x0841, 0x0841, 0x0841, 0x0841, 0x0841, 0x0841, 0x0841, 0x0841, 
  0x0841, 0x0841, 0x0841, 0x0841, 0x0841, 0x0841, 0x0841, 0x0840, 0x0862, 0x19A8, 0x0041, 0x0841, 0x0841, 0x0841, 0x0841, 0x0841, 
  0x0841, 0x0841, 0x0841, 0x0841, 0x0841, 0x0841, 0x0841, 0x0841, 0x0841, 0x0841, 0x0841, 0x0841, 0x0841, 0x0841, 0x0841, 0x0841, 
  0x0841, 0x0841, 0x0840, 0x08A3, 0x19A8, 0x1062, 0x08A3, 0x1187, 0x1188, 0x1167, 0x08E4, 0x0862, 0x0041, 0x08E4, 0x1187, 0x1187, 
  0x08A3, 0x0862, 0x1187, 0x2126, 0x5187, 0x520A, 0x29E9, 0x0061, 0x0841, 0x0841, 0x0841, 0x0841, 0x0841, 0x0841, 0x0841, 0x0841, 
  0x0841, 0x0841, 0x0841, 0x0841, 0x0841, 0x0841, 0x0841, 0x0841, 0x0841, 0x0020, 0x08A3, 0x09A8, 0x3167, 0x91A8, 0x50E4, 0x7166, 
  0x81A8, 0x7947, 0x89A8, 0x5905, 0x7946, 0x79A9, 0x0967, 0x1126, 0x0020, 0x0840, 0x0841, 0x0841, 0x0841, 0x0841, 0x0841, 0x0841, 
  0x0841, 0x0841, 0x0841, 0x0841, 0x0841, 0x0841, 0x0841, 0x0841, 0x0841, 0x0841, 0x0820, 0x0925, 0x31C9, 0x5167, 0x4147, 0x19A8, 
  0x0905, 0x0041, 0x0905, 0x11A8, 0x1167, 0x08A3, 0x0021, 0x0883, 0x0925, 0x1187, 0x11A7, 0x0926, 0x1062, 0x10C4, 0x11A7, 0x0841, 
  0x0841, 0x0841, 0x0841, 0x0841, 0x0841, 0x0841, 0x0841, 0x0841, 0x0841, 0x0841, 0x0841, 0x0841, 0x0841, 0x0841, 0x0841, 0x0841, 
  0x0841, 0x0841, 0x0841, 0x0841, 0x0841, 0x0841, 0x0841, 0x0020, 0x08C4, 0x1987, 0x0020, 0x0841, 0x0841, 0x0841, 0x0841, 0x0841, 
  0x0841, 0x0841, 0x0841, 0x0841, 0x0841, 0x0841, 0x0841, 0x0841, 0x0841, 0x0841, 0x0841, 0x0841, 0x0841, 0x0841, 0x0841, 0x18E3, 
  0x10A2, 0x10A2, 0x18C3, 0x0841, 0x0841, 0x0841, 0x0841, 0x0841, 0x18E3, 0x1082, 0x18C3, 0x18E3, 0x0020, 0x0841, 0x0841, 0x18C3, 
  0x18E3, 0x0841, 0x0841, 0x0841, 0x0841, 0x0861, 0x1082, 0x18C3, 0x10A2, 0x0841, 0x0841, 0x0841, 0x0841, 0x0841, 0x0841, 0x10A2, 
  0x18C3, 0x1082, 0x0861, 0x0841, 0x0841, 0x0841, 0x0841, 0x0841, 0x1082, 0x10A2, 0x1082, 0x1082, 0x0841, 0x0841, 0x0841, 0x0841, 
  0x0841, 0x0841, 0x0841, 0x0841, 0x0841, 0x0841, 0x0841, 0x0841, 0x0841, 0x0841, 0x0841, 0x0841, 0x0841, 0x0841, 0x0841, 0x0020, 
  0x0020, 0x0841, 0x0841, 0x0841, 0x0841, 0x0841, 0x0841, 0x0841, 0x0841, 0x0841, 0x0841, 0x0841, 0x0841, 0x0841, 0x0841, 0x0841, 
  0x0841, 0x0841, 0x0841, 0x0841, 0x0841, 0x0841, 0x0841, 0x0841, 0x0841, 0x0841, 0x0841, 0x0841, 0x0841, 0x0841, 0x0841, 0x0841, 
  0x0841, 0x0841, 0x0841, 0x0841, 0x0841, 0x0841, 0x0841, 0x0841, 0x0841, 0x0841, 0x0841, 0x0841, 0x0841, 0x0841, 0x0841, 0x0841, 
  0x0841, 0x0841, 0x0841, 0x0841, 0x0841, 0x0841, 0x0841, 0x0841, 0x0841, 0x0841, 0x0841, 0x0841, 0x0841, 0x0841, 0x0841, 0x0841, 
  0x0841, 0x0841, 0x0841, 0x0841, 0x0841, 0x0841, 0x0841, 0x0841, 0x0841, 0x0841, 0x0841, 0x0841, 0x0841, 0x0841, 0x0841, 0x0841, 
  0x0841, 0x0841, 0x0841, 0x0841, 0x0841, 0x0841, 0x0841, 0x0820, 0x1125, 0x0925, 0x0000, 0x0841, 0x0841, 0x0841, 0x0841, 0x0841, 
  0x0841, 0x0841, 0x0841, 0x0841, 0x0841, 0x0841, 0x0841, 0x0841, 0x0841, 0x0841, 0x0841, 0x0841, 0x0841, 0x0841, 0x0841, 0x0841, 
  0x0841, 0x0841, 0x0841, 0x0020, 0x1146, 0x1987, 0x19A8, 0x08E4, 0x0041, 0x0020, 0x0820, 0x0841, 0x0841, 0x0820, 0x0041, 0x08E4, 
  0x1187, 0x1A2A, 0x10C4, 0x48E5, 0x5905, 0x48C3, 0x4987, 0x18E4, 0x0020, 0x0841, 0x0841, 0x0841, 0x0841, 0x0841, 0x0841, 0x0841, 
  0x0841, 0x0841, 0x0841, 0x0841, 0x0841, 0x0841, 0x0841, 0x0841, 0x0841, 0x0861, 0x0820, 0x0041, 0x2167, 0x4A0A, 0x5987, 0x7167, 
  0x38A3, 0x5105, 0x40C4, 0x6967, 0x41A8, 0x31E9, 0x08A3, 0x0020, 0x0841, 0x0841, 0x0841, 0x0841, 0x0841, 0x0841, 0x0841, 0x0841, 
  0x0841, 0x0841, 0x0841, 0x0841, 0x0841, 0x0841, 0x0841, 0x0841, 0x0841, 0x0841, 0x0021, 0x41C9, 0x48E5, 0x48E4, 0x6126, 0x30A3, 
  0x11C8, 0x19E9, 0x1125, 0x0883, 0x0020, 0x0820, 0x0841, 0x0841, 0x0020, 0x0020, 0x0882, 0x1167, 0x1187, 0x21C8, 0x08C3, 0x0820, 
  0x0841, 0x0841, 0x0841, 0x0841, 0x0841, 0x0841, 0x0841, 0x0841, 0x0841, 0x0841, 0x0841, 0x0841, 0x0841, 0x0841, 0x0841, 0x0841, 
  0x0841, 0x0841, 0x0841, 0x0841, 0x0841, 0x0841, 0x0841, 0x0841, 0x0041, 0x11C8, 0x0882, 0x0841, 0x0841, 0x0841, 0x0841, 0x0841, 
  0x0841, 0x0841, 0x0841, 0x0841, 0x0841, 0x0841, 0x0841, 0x0841, 0x0841, 0x0841, 0x0841, 0x0841, 0x0841, 0x0841, 0x0841, 0x0020, 
  0x0020, 0x0020, 0x0020, 0x0841, 0x0841, 0x0841, 0x0841, 0x0841, 0x0020, 0x0020, 0x0020, 0x0020, 0x0841, 0x0841, 0x0841, 0x0020, 
  0x0020, 0x0841, 0x0841, 0x0841, 0x0841, 0x0841, 0x0020, 0x0020, 0x0020, 0x0841, 0x0841, 0x0841, 0x0841, 0x0841, 0x0841, 0x0020, 
  0x0841, 0x0841, 0x0841, 0x0841, 0x0841, 0x0841, 0x0841, 0x0841, 0x0020, 0x0841, 0x0841, 0x0020, 0x0841, 0x0841, 0x0841, 0x0841, 
  0x0841, 0x0841, 0x0841, 0x0841, 0x0841, 0x0841, 0x0841, 0x0841, 0x0841, 0x0841, 0x0841, 0x0841, 0x0841, 0x0841, 0x0841, 0x0020, 
  0x0020, 0x0841, 0x0841, 0x0841, 0x0841, 0x0841, 0x0841, 0x0841, 0x0841, 0x0841, 0x0841, 0x0841, 0x0841, 0x0841, 0x0841, 0x0841, 
  0x0841, 0x0841, 0x0841, 0x0841, 0x0841, 0x0841, 0x0841, 0x0841, 0x0841, 0x0841, 0x0841, 0x0841, 0x0841, 0x0841, 0x0841, 0x0841, 
  0x0841, 0x0841, 0x0841, 0x0841, 0x0841, 0x0841, 0x0841, 0x0841, 0x0841, 0x0841, 0x0841, 0x0841, 0x0841, 0x0841, 0x0841, 0x0841, 
  0x0841, 0x0841, 0x0841, 0x0841, 0x0841, 0x0841, 0x0841, 0x0841, 0x0841, 0x0841, 0x0841, 0x0841, 0x0841, 0x0841, 0x0841, 0x0841, 
  0x0841, 0x0841, 0x0841, 0x0841, 0x0841, 0x0841, 0x0841, 0x0841, 0x0841, 0x0841, 0x0841, 0x0841, 0x0841, 0x0841, 0x0841, 0x0841, 
  0x0841, 0x0841, 0x0841, 0x0841, 0x0841, 0x0841, 0x0841, 0x0040, 0x11A7, 0x0882, 0x0840, 0x0841, 0x0841, 0x0841, 0x0841, 0x0841, 
  0x0841, 0x0841, 0x0841, 0x0841, 0x0841, 0x0841, 0x0841, 0x0841, 0x0841, 0x0841, 0x0841, 0x0841, 0x0841, 0x0841, 0x0841, 0x0841, 
  0x0841, 0x0841, 0x0841, 0x0841, 0x0020, 0x1A6B, 0x0925, 0x0000, 0x0840, 0x0841, 0x0841, 0x0841, 0x0841, 0x0841, 0x0841, 0x0821, 
  0x0020, 0x1187, 0x4946, 0x30A3, 0x0020, 0x0020, 0x0821, 0x1883, 0x0841, 0x0841, 0x0841, 0x0841, 0x0841, 0x0841, 0x0841, 0x0841, 
  0x0841, 0x0841, 0x0841, 0x0841, 0x0841, 0x0841, 0x0841, 0x0841, 0x0841, 0x0841, 0x0841, 0x0841, 0x0021, 0x0062, 0x2A2A, 0x59A8, 
  0x1821, 0x48E5, 0x1841, 0x526B, 0x0105, 0x0041, 0x0821, 0x0841, 0x0841, 0x0841, 0x0841, 0x0841, 0x0841, 0x0841, 0x0841, 0x0841, 
  0x0841, 0x0841, 0x0841, 0x0841, 0x0841, 0x0841, 0x0841, 0x0841, 0x0841, 0x0841, 0x1061, 0x2083, 0x0020, 0x0021, 0x0021, 0x4904, 
  0x31C9, 0x00C3, 0x0000, 0x0840, 0x0841, 0x0841, 0x0841, 0x0841, 0x0841, 0x0841, 0x0840, 0x0000, 0x1A09, 0x11A8, 0x0000, 0x0841, 
  0x0841, 0x0841, 0x0841, 0x0841, 0x0841, 0x0841, 0x0841, 0x0841, 0x0841, 0x0841, 0x0841, 0x0841, 0x0841, 0x0841, 0x0841, 0x0841, 
  0x0841, 0x0841, 0x0841, 0x0841, 0x0841, 0x0841, 0x0841, 0x0841, 0x0020, 0x1146, 0x1125, 0x0820, 0x0841, 0x0841, 0x0841, 0x0841, 
  0x0841, 0x0841, 0x0841, 0x0841, 0x0841, 0x0841, 0x0841, 0x0841, 0x0841, 0x0841, 0x0841, 0x0841, 0x0841, 0x0841, 0x0841, 0x0841, 
  0x0841, 0x0841, 0x0841, 0x0841, 0x0841, 0x0841, 0x0841, 0x0841, 0x0841, 0x0841, 0x0841, 0x0841, 0x0841, 0x0841, 0x0841, 0x0841, 
  0x0841, 0x0841, 0x0841, 0x0841, 0x0841, 0x0841, 0x0841, 0x0841, 0x0841, 0x0841, 0x0841, 0x0841, 0x0841, 0x0841, 0x0841, 0x0841, 
  0x0841, 0x0841, 0x0841, 0x0841, 0x0841, 0x0841, 0x0841, 0x0841, 0x0841, 0x0841, 0x0841, 0x0841, 0x0841, 0x0841, 0x0841, 0x0841, 
  0x0841, 0x0841, 0x0841, 0x0841, 0x0841, 0x0841, 0x0841, 0x0841, 0x0841, 0x0841, 0x0841, 0x0841, 0x0841, 0x0841, 0x0841, 0x0020, 
  0x0020, 0x0841, 0x0841, 0x0841, 0x0841, 0x0841, 0x0841, 0x0841, 0x0841, 0x0841, 0x0841, 0x0841, 0x0841, 0x0841, 0x0841, 0x0841, 
  0x0841, 0x0841, 0x0841, 0x0841, 0x0841, 0x0841, 0x0841, 0x0841, 0x0841, 0x0841, 0x0841, 0x0841, 0x0841, 0x0841, 0x0841, 0x0841, 
  0x0841, 0x0841, 0x0841, 0x0841, 0x0841, 0x0841, 0x0841, 0x0841, 0x0841, 0x0841, 0x0841, 0x0841, 0x0841, 0x0841, 0x0841, 0x0841, 
  0x0841, 0x0841, 0x0841, 0x0841, 0x0841, 0x0841, 0x0841, 0x0841, 0x0841, 0x0841, 0x0841, 0x0841, 0x0841, 0x0841, 0x0841, 0x0841, 
  0x0841, 0x0841, 0x0841, 0x0841, 0x0841, 0x0841, 0x0841, 0x0841, 0x0841, 0x0841, 0x0841, 0x0841, 0x0841, 0x0841, 0x0841, 0x0841, 
  0x0841, 0x0841, 0x0841, 0x0841, 0x0841, 0x0841, 0x0820, 0x08A3, 0x1187, 0x0021, 0x0841, 0x0841, 0x0841, 0x0841, 0x0841, 0x0841, 
  0x0841, 0x0841, 0x0841, 0x0841, 0x0841, 0x0841, 0x0841, 0x0841, 0x0841, 0x0841, 0x0041, 0x0841, 0x0841, 0x0841, 0x0841, 0x0841, 
  0x0841, 0x0841, 0x0841, 0x0820, 0x0883, 0x11A8, 0x0041, 0x0841, 0x0041, 0x0041, 0x0840, 0x0841, 0x0841, 0x0841, 0x0821, 0x0841, 
  0x0020, 0x10E4, 0x49A8, 0x0000, 0x0861, 0x0041, 0x0841, 0x4166, 0x0821, 0x0840, 0x0841, 0x0841, 0x0841, 0x0841, 0x0841, 0x0841, 
  0x0841, 0x0841, 0x0841, 0x0841, 0x0841, 0x0841, 0x0841, 0x0841, 0x0841, 0x0841, 0x0841, 0x0841, 0x0841, 0x0000, 0x19C8, 0x49C9, 
  0x2042, 0x40C4, 0x1882, 0x4A8C, 0x0062, 0x0841, 0x0841, 0x0840, 0x0841, 0x0841, 0x0841, 0x0841, 0x0841, 0x0841, 0x0841, 0x0841, 
  0x0841, 0x0841, 0x0841, 0x0841, 0x0841, 0x0841, 0x0841, 0x0841, 0x0841, 0x0000, 0x20A3, 0x3925, 0x0000, 0x0841, 0x0020, 0x1041, 
  0x41E9, 0x0021, 0x0841, 0x0841, 0x0841, 0x0841, 0x0041, 0x0841, 0x0841, 0x0841, 0x0841, 0x0020, 0x08A3, 0x1187, 0x0020, 0x0841, 
  0x0041, 0x0841, 0x0841, 0x0840, 0x0840, 0x0841, 0x0841, 0x0841, 0x0841, 0x0841, 0x0841, 0x0841, 0x0841, 0x0841, 0x0821, 0x0841, 
  0x0841, 0x0841, 0x0841, 0x0841, 0x0841, 0x0841, 0x0841, 0x0841, 0x0020, 0x08A3, 0x1188, 0x0020, 0x0841, 0x0841, 0x0841, 0x0841, 
  0x0841, 0x0841, 0x0841, 0x0841, 0x0841, 0x0841, 0x0841, 0x0841, 0x0841, 0x0841, 0x0841, 0x0841, 0x0841, 0x0841, 0x0841, 0x0841, 
  0x0841, 0x0841, 0x0841, 0x0841, 0x0841, 0x0841, 0x0841, 0x0841, 0x0841, 0x0841, 0x0841, 0x0841, 0x0841, 0x0841, 0x0841, 0x0841, 
  0x0841, 0x0841, 0x0841, 0x0841, 0x0841, 0x0841, 0x0841, 0x0841, 0x0841, 0x0841, 0x0841, 0x0841, 0x0841, 0x0841, 0x0841, 0x0841, 
  0x0841, 0x0841, 0x0841, 0x0841, 0x0841, 0x0841, 0x0841, 0x0841, 0x0841, 0x0841, 0x0841, 0x0841, 0x0841, 0x0841, 0x0841, 0x0841, 
  0x0841, 0x0841, 0x0841, 0x0841, 0x0841, 0x0841, 0x0841, 0x0841, 0x0841, 0x0841, 0x0841, 0x0841, 0x0841, 0x0841, 0x0841, 0x0020, 
  0x0020, 0x0841, 0x0841, 0x0841, 0x0841, 0x0841, 0x0841, 0x0841, 0x0841, 0x0841, 0x0841, 0x0841, 0x0841, 0x0841, 0x0841, 0x0841, 
  0x0841, 0x0841, 0x0841, 0x0841, 0x0841, 0x0841, 0x0841, 0x0841, 0x0841, 0x0841, 0x0841, 0x0841, 0x0841, 0x0841, 0x0841, 0x0841, 
  0x0841, 0x0841, 0x0841, 0x0841, 0x0841, 0x0841, 0x0841, 0x0841, 0x0841, 0x0841, 0x0841, 0x0841, 0x0841, 0x0841, 0x0841, 0x0841, 
  0x0841, 0x0841, 0x0841, 0x0841, 0x0841, 0x0841, 0x0841, 0x0841, 0x0841, 0x0841, 0x0841, 0x0841, 0x0841, 0x0841, 0x0841, 0x0841, 
  0x0841, 0x0841, 0x0841, 0x0841, 0x0841, 0x0841, 0x0841, 0x0841, 0x0841, 0x0841, 0x0841, 0x0841, 0x0841, 0x0841, 0x0841, 0x0841, 
  0x0841, 0x0841, 0x0841, 0x0841, 0x0841, 0x0841, 0x0020, 0x1146, 0x0905, 0x0020, 0x0841, 0x0841, 0x0841, 0x0841, 0x0841, 0x0841, 
  0x0841, 0x0841, 0x0841, 0x0841, 0x0841, 0x0840, 0x0841, 0x0841, 0x0841, 0x0841, 0x0841, 0x0841, 0x0841, 0x0841, 0x0841, 0x0841, 
  0x0841, 0x0820, 0x0841, 0x0020, 0x1187, 0x08E4, 0x0020, 0x0841, 0x0841, 0x0841, 0x0841, 0x0841, 0x0841, 0x0841, 0x0841, 0x0841, 
  0x0841, 0x0041, 0x4A2A, 0x1882, 0x10E4, 0x10A3, 0x1883, 0x322A, 0x0905, 0x0041, 0x0020, 0x0841, 0x0841, 0x0841, 0x0841, 0x0841, 
  0x0841, 0x0841, 0x0841, 0x0841, 0x0841, 0x0841, 0x0841, 0x0841, 0x0841, 0x0841, 0x0841, 0x0841, 0x0841, 0x0020, 0x21A8, 0x49C9, 
  0x2862, 0x48E4, 0x2062, 0x526B, 0x0082, 0x0841, 0x0841, 0x0841, 0x0841, 0x0841, 0x0841, 0x0841, 0x0841, 0x0841, 0x0841, 0x0841, 
  0x0841, 0x0841, 0x0841, 0x0841, 0x0841, 0x0841, 0x0841, 0x0841, 0x0020, 0x0082, 0x19A8, 0x31A8, 0x0841, 0x0841, 0x0021, 0x3946, 
  0x31A8, 0x0020, 0x0841, 0x0841, 0x0841, 0x0841, 0x0841, 0x0841, 0x0841, 0x0841, 0x0841, 0x0841, 0x0020, 0x1187, 0x08C4, 0x0020, 
  0x0841, 0x0841, 0x0841, 0x0841, 0x0841, 0x0841, 0x0841, 0x0841, 0x0841, 0x0841, 0x0841, 0x0841, 0x0841, 0x0841, 0x0841, 0x0841, 
  0x0841, 0x0841, 0x0841, 0x0841, 0x0840, 0x0841, 0x0841, 0x0841, 0x0841, 0x0021, 0x1187, 0x08A3, 0x0020, 0x0841, 0x0841, 0x0841, 
  0x0841, 0x0841, 0x0841, 0x0841, 0x0841, 0x0841, 0x0841, 0x0841, 0x0841, 0x0841, 0x0841, 0x0841, 0x0841, 0x0841, 0x0841, 0x0841, 
  0x0841, 0x0841, 0x0841, 0x0841, 0x0841, 0x0841, 0x0841, 0x0841, 0x0841, 0x0841, 0x0841, 0x0841, 0x0841, 0x0841, 0x0841, 0x0841, 
  0x0841, 0x0841, 0x0841, 0x0841, 0x0841, 0x0841, 0x0841, 0x0841, 0x0841, 0x0841, 0x0841, 0x0841, 0x0841, 0x0841, 0x0841, 0x0841, 
  0x0841, 0x0841, 0x0841, 0x0841, 0x0841, 0x0841, 0x0841, 0x0841, 0x0841, 0x0841, 0x0841, 0x0841, 0x0841, 0x0841, 0x0841, 0x0841, 
  0x0841, 0x0841, 0x0841, 0x0841, 0x0841, 0x0841, 0x0841, 0x0841, 0x0841, 0x0841, 0x0841, 0x0841, 0x0841, 0x0841, 0x0841, 0x0020, 
  0x0020, 0x0841, 0x0841, 0x0841, 0x0841, 0x0841, 0x0841, 0x0841, 0x0841, 0x0841, 0x0841, 0x0841, 0x0841, 0x0841, 0x0841, 0x0841, 
  0x0841, 0x0841, 0x0841, 0x0841, 0x0841, 0x0841, 0x0841, 0x0841, 0x0841, 0x0841, 0x0841, 0x0841, 0x0841, 0x0841, 0x0841, 0x0841, 
  0x0841, 0x0841, 0x0841, 0x0841, 0x0841, 0x0841, 0x0841, 0x0841, 0x0841, 0x0841, 0x0841, 0x0841, 0x0841, 0x0841, 0x0841, 0x0841, 
  0x0841, 0x0841, 0x0841, 0x0841, 0x0841, 0x0841, 0x0841, 0x0841, 0x0841, 0x0841, 0x0841, 0x0841, 0x0841, 0x0841, 0x0841, 0x0841, 
  0x0841, 0x0841, 0x0841, 0x0841, 0x0841, 0x0841, 0x0841, 0x0841, 0x0841, 0x0841, 0x0841, 0x0841, 0x0841, 0x0841, 0x0841, 0x0841, 
  0x0841, 0x0841, 0x0841, 0x0841, 0x0841, 0x0841, 0x0041, 0x1187, 0x0882, 0x0841, 0x0861, 0x0841, 0x0841, 0x0841, 0x0841, 0x0841, 
  0x0841, 0x0841, 0x0841, 0x0841, 0x0841, 0x0841, 0x0861, 0x0862, 0x0861, 0x0882, 0x0861, 0x0862, 0x0862, 0x0841, 0x0841, 0x0041, 
  0x0862, 0x0882, 0x0041, 0x08A3, 0x19C8, 0x0841, 0x0861, 0x0862, 0x0841, 0x0862, 0x0861, 0x0862, 0x0862, 0x0862, 0x0862, 0x0861, 
  0x0862, 0x0841, 0x10A3, 0x18A3, 0x2905, 0x20E5, 0x1062, 0x0082, 0x1167, 0x11C8, 0x1125, 0x0862, 0x0841, 0x0862, 0x0862, 0x0862, 
  0x0862, 0x0862, 0x0862, 0x0862, 0x0862, 0x0862, 0x0862, 0x0862, 0x0841, 0x0862, 0x0862, 0x0862, 0x0862, 0x0041, 0x2167, 0x5967, 
  0x2883, 0x4905, 0x2862, 0x622B, 0x0062, 0x0861, 0x0841, 0x0841, 0x0841, 0x0861, 0x0841, 0x0862, 0x0862, 0x0862, 0x0882, 0x0862, 
  0x0862, 0x0861, 0x0862, 0x0862, 0x0862, 0x0862, 0x0821, 0x0883, 0x1167, 0x19C8, 0x08E4, 0x0042, 0x1083, 0x10A3, 0x20A3, 0x20E4, 
  0x0882, 0x0861, 0x0862, 0x0861, 0x0861, 0x0862, 0x0861, 0x0862, 0x0861, 0x0862, 0x0861, 0x0862, 0x0861, 0x08A3, 0x19C8, 0x0021, 
  0x0862, 0x0862, 0x0061, 0x0041, 0x0021, 0x0862, 0x0861, 0x0862, 0x0862, 0x0862, 0x0862, 0x0862, 0x0862, 0x0861, 0x0862, 0x0841, 
  0x0862, 0x0862, 0x0862, 0x0862, 0x0862, 0x0862, 0x0841, 0x0841, 0x0841, 0x0020, 0x0905, 0x0925, 0x0000, 0x0841, 0x0841, 0x0841, 
  0x0841, 0x0841, 0x0841, 0x0841, 0x0841, 0x0841, 0x0841, 0x0841, 0x0841, 0x0841, 0x0841, 0x0841, 0x0841, 0x0841, 0x0841, 0x0841, 
  0x0841, 0x0841, 0x0841, 0x0841, 0x0841, 0x0841, 0x0841, 0x0841, 0x0841, 0x0841, 0x0841, 0x0841, 0x0841, 0x0841, 0x0841, 0x0841, 
  0x0841, 0x0841, 0x0841, 0x0841, 0x0841, 0x0841, 0x0841, 0x0841, 0x0841, 0x0841, 0x0841, 0x0841, 0x0841, 0x0841, 0x0841, 0x0841, 
  0x0841, 0x0841, 0x0841, 0x0841, 0x0841, 0x0841, 0x0841, 0x0841, 0x0841, 0x0841, 0x0841, 0x0841, 0x0841, 0x0841, 0x0841, 0x0841, 
  0x0841, 0x0841, 0x0841, 0x0841, 0x0841, 0x0841, 0x0841, 0x0841, 0x0841, 0x0841, 0x0841, 0x0841, 0x0841, 0x0841, 0x0841, 0x0020, 
  0x0020, 0x0841, 0x0841, 0x0841, 0x0841, 0x0841, 0x0841, 0x0841, 0x0841, 0x0841, 0x0841, 0x0841, 0x0841, 0x0841, 0x0841, 0x0841, 
  0x0841, 0x0841, 0x0841, 0x0841, 0x0841, 0x0841, 0x0841, 0x0841, 0x0841, 0x0841, 0x0841, 0x0841, 0x0841, 0x0841, 0x0841, 0x0841, 
  0x0841, 0x0841, 0x0841, 0x0841, 0x0841, 0x0841, 0x0841, 0x0841, 0x0841, 0x0841, 0x0841, 0x0841, 0x0841, 0x0841, 0x0841, 0x0841, 
  0x0841, 0x0841, 0x0841, 0x0841, 0x0841, 0x0841, 0x0841, 0x0841, 0x0841, 0x0841, 0x0841, 0x0841, 0x0841, 0x0841, 0x0841, 0x0841, 
  0x0841, 0x0841, 0x0841, 0x0841, 0x0841, 0x0841, 0x0841, 0x0841, 0x0841, 0x0841, 0x0841, 0x0841, 0x0841, 0x0841, 0x0841, 0x0841, 
  0x0841, 0x0841, 0x0841, 0x0841, 0x0841, 0x0841, 0x0862, 0x11A7, 0x0061, 0x0841, 0x0862, 0x0841, 0x0841, 0x0820, 0x0020, 0x0820, 
  0x0820, 0x0841, 0x0841, 0x0841, 0x0841, 0x0841, 0x0841, 0x0861, 0x0841, 0x0861, 0x0841, 0x0861, 0x0821, 0x08C4, 0x1146, 0x1167, 
  0x1187, 0x11A8, 0x1188, 0x11C9, 0x08C4, 0x0841, 0x0841, 0x0861, 0x0841, 0x0861, 0x0841, 0x0861, 0x0841, 0x0841, 0x0841, 0x0841, 
  0x0861, 0x0841, 0x0841, 0x0041, 0x0841, 0x0841, 0x0841, 0x0861, 0x0000, 0x0882, 0x1146, 0x11C8, 0x1126, 0x0842, 0x0841, 0x0841, 
  0x0862, 0x0861, 0x0862, 0x0861, 0x0862, 0x0862, 0x0862, 0x0862, 0x0841, 0x0862, 0x0861, 0x0862, 0x0862, 0x0041, 0x2146, 0x51A8, 
  0x2041, 0x40C4, 0x2062, 0x5A4B, 0x0041, 0x0882, 0x0841, 0x0841, 0x0841, 0x0861, 0x0841, 0x0862, 0x0862, 0x0861, 0x0862, 0x0861, 
  0x0862, 0x0841, 0x0862, 0x0841, 0x0020, 0x0082, 0x1166, 0x19C8, 0x08E5, 0x0041, 0x0020, 0x0861, 0x0841, 0x0841, 0x0861, 0x0020, 
  0x0861, 0x0841, 0x0861, 0x0841, 0x0841, 0x0861, 0x0841, 0x0861, 0x0841, 0x0861, 0x0841, 0x0841, 0x0861, 0x0020, 0x1167, 0x11A8, 
  0x11A7, 0x11A7, 0x1167, 0x1167, 0x1145, 0x08A3, 0x0821, 0x0862, 0x0841, 0x0842, 0x0841, 0x0841, 0x0861, 0x0841, 0x0861, 0x0841, 
  0x0861, 0x0841, 0x0841, 0x0821, 0x0821, 0x0041, 0x0841, 0x0841, 0x0841, 0x0820, 0x08E4, 0x1146, 0x0020, 0x0841, 0x0841, 0x0841, 
  0x0841, 0x0841, 0x0841, 0x0841, 0x0841, 0x0841, 0x0841, 0x0841, 0x0841, 0x0841, 0x0841, 0x0841, 0x0841, 0x0841, 0x0841, 0x0841, 
  0x0841, 0x0841, 0x0841, 0x0841, 0x0841, 0x0841, 0x0841, 0x0841, 0x0841, 0x0841, 0x0841, 0x0841, 0x0841, 0x0841, 0x0841, 0x0841, 
  0x0841, 0x0841, 0x0841, 0x0841, 0x0841, 0x0841, 0x0841, 0x0841, 0x0841, 0x0841, 0x0841, 0x0841, 0x0841, 0x0841, 0x0841, 0x0841, 
  0x0841, 0x0841, 0x0841, 0x0841, 0x0841, 0x0841, 0x0841, 0x0841, 0x0841, 0x0841, 0x0841, 0x0841, 0x0841, 0x0841, 0x0841, 0x0841, 
  0x0841, 0x0841, 0x0841, 0x0841, 0x0841, 0x0841, 0x0841, 0x0841, 0x0841, 0x0841, 0x0841, 0x0841, 0x0841, 0x0841, 0x0841, 0x0020, 
  0x0020, 0x0841, 0x0841, 0x0841, 0x0841, 0x0841, 0x0841, 0x0841, 0x0841, 0x0841, 0x0841, 0x0841, 0x0841, 0x0841, 0x0841, 0x0841, 
  0x0841, 0x0841, 0x0841, 0x0841, 0x0841, 0x0841, 0x0841, 0x0841, 0x0841, 0x0841, 0x0841, 0x0841, 0x0841, 0x0841, 0x0841, 0x0841, 
  0x0841, 0x0841, 0x0841, 0x0841, 0x0841, 0x0841, 0x0841, 0x0841, 0x0841, 0x0841, 0x0841, 0x0841, 0x0841, 0x0841, 0x0841, 0x0841, 
  0x0841, 0x0841, 0x0841, 0x0841, 0x0841, 0x0841, 0x0841, 0x0841, 0x0841, 0x0841, 0x0841, 0x0841, 0x0841, 0x0841, 0x0841, 0x0841, 
  0x0841, 0x0841, 0x0841, 0x0841, 0x0841, 0x0841, 0x0841, 0x0841, 0x0841, 0x0841, 0x0841, 0x0841, 0x0841, 0x0841, 0x0841, 0x0841, 
  0x0841, 0x0841, 0x0841, 0x0841, 0x0841, 0x0841, 0x0882, 0x1187, 0x0041, 0x0861, 0x0862, 0x0821, 0x0862, 0x1188, 0x1146, 0x08E4, 
  0x08A2, 0x0862, 0x0041, 0x0020, 0x0020, 0x0820, 0x0841, 0x0862, 0x0861, 0x0862, 0x0862, 0x0841, 0x1146, 0x11C8, 0x08E5, 0x08A3, 
  0x0062, 0x0021, 0x08A3, 0x1A4B, 0x1146, 0x0821, 0x0861, 0x0862, 0x0841, 0x0862, 0x0841, 0x0862, 0x0861, 0x0841, 0x0861, 0x0861, 
  0x0862, 0x0841, 0x0862, 0x0861, 0x0861, 0x0862, 0x0861, 0x0862, 0x0861, 0x0861, 0x0041, 0x0882, 0x1166, 0x11A8, 0x0904, 0x0041, 
  0x0862, 0x0862, 0x0882, 0x0862, 0x0862, 0x0882, 0x0862, 0x0882, 0x0862, 0x0882, 0x0862, 0x0882, 0x0882, 0x0062, 0x10C4, 0x2A09, 
  0x1946, 0x2926, 0x19A8, 0x29A8, 0x0041, 0x0882, 0x0861, 0x0861, 0x0841, 0x0861, 0x0841, 0x0882, 0x0882, 0x0862, 0x0882, 0x0862, 
  0x0882, 0x0862, 0x0841, 0x0862, 0x1146, 0x11C9, 0x1125, 0x0062, 0x0041, 0x0862, 0x0862, 0x0861, 0x0862, 0x0861, 0x0862, 0x0841, 
  0x0862, 0x0861, 0x0862, 0x0861, 0x0861, 0x0862, 0x0841, 0x0862, 0x0841, 0x0862, 0x0861, 0x0861, 0x0861, 0x0021, 0x1A2A, 0x11C8, 
  0x0062, 0x0041, 0x0882, 0x08A3, 0x1125, 0x1A09, 0x08A3, 0x0841, 0x0861, 0x0862, 0x0861, 0x0861, 0x0841, 0x0820, 0x0841, 0x0021, 
  0x0861, 0x0882, 0x08C4, 0x1105, 0x1167, 0x1146, 0x0021, 0x0841, 0x0841, 0x0820, 0x08A2, 0x1187, 0x0020, 0x0841, 0x0841, 0x0841, 
  0x0841, 0x0841, 0x0841, 0x0841, 0x0841, 0x0841, 0x0841, 0x0841, 0x0841, 0x0841, 0x0841, 0x0841, 0x0841, 0x0841, 0x0841, 0x0841, 
  0x0841, 0x0841, 0x0841, 0x0841, 0x0841, 0x0841, 0x0841, 0x0841, 0x0841, 0x0841, 0x0841, 0x0841, 0x0841, 0x0841, 0x0841, 0x0841, 
  0x0841, 0x0841, 0x0841, 0x0841, 0x0841, 0x0841, 0x0841, 0x0841, 0x0841, 0x0841, 0x0841, 0x0841, 0x0841, 0x0841, 0x0841, 0x0841, 
  0x0841, 0x0841, 0x0841, 0x0841, 0x0841, 0x0841, 0x0841, 0x0841, 0x0841, 0x0841, 0x0841, 0x0841, 0x0841, 0x0841, 0x0841, 0x0841, 
  0x0841, 0x0841, 0x0841, 0x0841, 0x0841, 0x0841, 0x0841, 0x0841, 0x0841, 0x0841, 0x0841, 0x0841, 0x0841, 0x0841, 0x0841, 0x0020, 
  0x0020, 0x0841, 0x0841, 0x0841, 0x0841, 0x0841, 0x0841, 0x0841, 0x0841, 0x0841, 0x0841, 0x0841, 0x0841, 0x0841, 0x0841, 0x0841, 
  0x0841, 0x0841, 0x0841, 0x0841, 0x0841, 0x0841, 0x0841, 0x0841, 0x0841, 0x0841, 0x0841, 0x0841, 0x0841, 0x0841, 0x0841, 0x0841, 
  0x0841, 0x0841, 0x0841, 0x0841, 0x0841, 0x0841, 0x0841, 0x0841, 0x0841, 0x0841, 0x0841, 0x0841, 0x0841, 0x0841, 0x0841, 0x0841, 
  0x0841, 0x0841, 0x0841, 0x0841, 0x0841, 0x0861, 0x0861, 0x0841, 0x0020, 0x0000, 0x0000, 0x0000, 0x0000, 0x0000, 0x0000, 0x0000, 
  0x0000, 0x0820, 0x0841, 0x0861, 0x0841, 0x0841, 0x0841, 0x0841, 0x0841, 0x0841, 0x0841, 0x0841, 0x0841, 0x0841, 0x0841, 0x0841, 
  0x0841, 0x0841, 0x0841, 0x0841, 0x0841, 0x0840, 0x08A3, 0x1187, 0x0041, 0x0861, 0x0862, 0x0021, 0x11A8, 0x0905, 0x08C4, 0x1167, 
  0x1188, 0x1187, 0x1187, 0x1166, 0x1146, 0x0905, 0x08A3, 0x0862, 0x0861, 0x0862, 0x0821, 0x08E4, 0x19C9, 0x0021, 0x0061, 0x08E4, 
  0x1166, 0x1146, 0x0842, 0x0021, 0x19E9, 0x0062, 0x0841, 0x0862, 0x0841, 0x0862, 0x0841, 0x0861, 0x0841, 0x0882, 0x0862, 0x0841, 
  0x0862, 0x0841, 0x0862, 0x0861, 0x0861, 0x0861, 0x0861, 0x0862, 0x0841, 0x0862, 0x0861, 0x0861, 0x0821, 0x0883, 0x1187, 0x11A8, 
  0x08C4, 0x0841, 0x0862, 0x0883, 0x0882, 0x0882, 0x0882, 0x0882, 0x0862, 0x0882, 0x0862, 0x0882, 0x0883, 0x0883, 0x0862, 0x0083, 
  0x1147, 0x1987, 0x08E4, 0x0062, 0x0862, 0x0883, 0x0862, 0x0862, 0x0861, 0x0861, 0x0861, 0x0883, 0x0863, 0x0862, 0x0883, 0x0862, 
  0x0842, 0x0862, 0x1126, 0x11C8, 0x0926, 0x0862, 0x0020, 0x0861, 0x0841, 0x0862, 0x0841, 0x0861, 0x0861, 0x0861, 0x0862, 0x0841, 
  0x0862, 0x0861, 0x0861, 0x0861, 0x0861, 0x0862, 0x0841, 0x0862, 0x0841, 0x0862, 0x0841, 0x0862, 0x0041, 0x1105, 0x1187, 0x0000, 
  0x08C4, 0x1187, 0x0905, 0x08C4, 0x0020, 0x08A3, 0x19C9, 0x0862, 0x0841, 0x0862, 0x0841, 0x0062, 0x08C4, 0x0905, 0x1146, 0x1167, 
  0x1187, 0x1187, 0x1167, 0x0946, 0x08C4, 0x19A8, 0x0905, 0x0820, 0x0841, 0x0841, 0x0862, 0x1187, 0x0841, 0x0841, 0x0841, 0x0841, 
  0x0841, 0x0841, 0x0841, 0x0841, 0x0841, 0x0841, 0x0841, 0x0841, 0x0841, 0x0841, 0x0841, 0x0841, 0x0841, 0x0841, 0x0841, 0x0841, 
  0x0841, 0x0841, 0x0841, 0x0841, 0x0841, 0x0841, 0x0841, 0x0841, 0x0841, 0x0841, 0x0841, 0x0841, 0x0841, 0x0841, 0x0841, 0x0841, 
  0x0841, 0x0841, 0x0841, 0x0841, 0x0841, 0x0841, 0x0841, 0x0841, 0x0841, 0x0841, 0x0841, 0x0841, 0x0841, 0x0841, 0x0841, 0x0841, 
  0x0841, 0x0841, 0x0841, 0x0841, 0x0841, 0x0841, 0x0841, 0x0841, 0x0841, 0x0841, 0x0841, 0x0841, 0x0841, 0x0841, 0x0841, 0x0841, 
  0x0841, 0x0841, 0x0841, 0x0841, 0x0841, 0x0841, 0x0841, 0x0841, 0x0841, 0x0841, 0x0841, 0x0841, 0x0841, 0x0841, 0x0841, 0x0020, 
  0x0020, 0x0841, 0x0841, 0x0841, 0x0841, 0x0841, 0x0841, 0x0841, 0x0841, 0x0841, 0x0841, 0x0841, 0x0841, 0x0841, 0x0841, 0x0841, 
  0x0841, 0x0841, 0x0841, 0x0841, 0x0841, 0x0841, 0x0841, 0x0841, 0x0841, 0x0841, 0x0841, 0x0841, 0x0841, 0x0841, 0x0841, 0x0841, 
  0x0841, 0x0841, 0x0841, 0x0841, 0x0841, 0x0841, 0x0841, 0x0841, 0x0841, 0x0841, 0x0841, 0x0841, 0x0841, 0x0841, 0x0841, 0x0841, 
  0x0841, 0x0841, 0x0841, 0x0841, 0x0821, 0x0000, 0x0000, 0x0042, 0x08E4, 0x1966, 0x1966, 0x1987, 0x1987, 0x1987, 0x1966, 0x1125, 
  0x08E4, 0x0862, 0x0000, 0x0000, 0x0020, 0x0841, 0x0841, 0x0841, 0x0841, 0x0841, 0x0841, 0x0841, 0x0841, 0x0841, 0x0841, 0x0841, 
  0x0841, 0x0841, 0x0841, 0x0841, 0x0841, 0x0820, 0x08E4, 0x1146, 0x0020, 0x0841, 0x0041, 0x08E4, 0x1167, 0x0000, 0x0820, 0x0020, 
  0x0020, 0x0041, 0x0862, 0x08C3, 0x0905, 0x1126, 0x11C9, 0x1166, 0x0820, 0x0862, 0x0862, 0x19C9, 0x0062, 0x08A3, 0x1A2A, 0x11A7, 
  0x0905, 0x0925, 0x19C9, 0x08C3, 0x0905, 0x1167, 0x0020, 0x0862, 0x0841, 0x0862, 0x0841, 0x0861, 0x0041, 0x10C4, 0x1905, 0x0021, 
  0x0861, 0x0841, 0x0861, 0x0841, 0x0841, 0x0841, 0x0841, 0x0861, 0x0841, 0x0862, 0x0841, 0x0861, 0x0862, 0x0841, 0x0041, 0x08C4, 
  0x11A8, 0x1187, 0x08A3, 0x0021, 0x0862, 0x0882, 0x0863, 0x0883, 0x0862, 0x0883, 0x0882, 0x0883, 0x0883, 0x0863, 0x0883, 0x0883, 
  0x0062, 0x0042, 0x0862, 0x08A3, 0x0862, 0x0863, 0x0883, 0x0883, 0x0862, 0x0862, 0x0862, 0x0883, 0x0883, 0x0882, 0x0841, 0x0842, 
  0x0905, 0x11C8, 0x1146, 0x0062, 0x0021, 0x0861, 0x0841, 0x0861, 0x0841, 0x0862, 0x0841, 0x0861, 0x0861, 0x0841, 0x0862, 0x0841, 
  0x0861, 0x0841, 0x0861, 0x0841, 0x0841, 0x0861, 0x0841, 0x0861, 0x0841, 0x0861, 0x0841, 0x0841, 0x0862, 0x11C8, 0x0062, 0x1125, 
  0x19C8, 0x08E4, 0x0905, 0x1A0A, 0x19C8, 0x0000, 0x1125, 0x1187, 0x0020, 0x0862, 0x0841, 0x11C8, 0x1187, 0x0946, 0x08E5, 0x08A3, 
  0x0862, 0x0841, 0x0021, 0x0821, 0x0020, 0x0862, 0x11A8, 0x0041, 0x0841, 0x0841, 0x0041, 0x1187, 0x0062, 0x0841, 0x0841, 0x0841, 
  0x0841, 0x0841, 0x0841, 0x0841, 0x0841, 0x0841, 0x0841, 0x0841, 0x0841, 0x0841, 0x0841, 0x0841, 0x0841, 0x0841, 0x0841, 0x0841, 
  0x0841, 0x0841, 0x0841, 0x0841, 0x0841, 0x0841, 0x0841, 0x0841, 0x0841, 0x0841, 0x0841, 0x0841, 0x0841, 0x0841, 0x0841, 0x0841, 
  0x0841, 0x0841, 0x0841, 0x0841, 0x0841, 0x0841, 0x0841, 0x0841, 0x0841, 0x0841, 0x0841, 0x0841, 0x0841, 0x0841, 0x0841, 0x0841, 
  0x0841, 0x0841, 0x0841, 0x0841, 0x0841, 0x0841, 0x0841, 0x0841, 0x0841, 0x0841, 0x0841, 0x0841, 0x0841, 0x0841, 0x0841, 0x0841, 
  0x0841, 0x0841, 0x0841, 0x0841, 0x0841, 0x0841, 0x0841, 0x0841, 0x0841, 0x0841, 0x0841, 0x0841, 0x0841, 0x0841, 0x0841, 0x0020, 
  0x0020, 0x0841, 0x0841, 0x0841, 0x0841, 0x0841, 0x0841, 0x0841, 0x0841, 0x0841, 0x0841, 0x0841, 0x0841, 0x0841, 0x0841, 0x0841, 
  0x0841, 0x0841, 0x0841, 0x0841, 0x0841, 0x0841, 0x0841, 0x0841, 0x0841, 0x0841, 0x0841, 0x0841, 0x0841, 0x0841, 0x0841, 0x0841, 
  0x0841, 0x0841, 0x0841, 0x0841, 0x0841, 0x0841, 0x0841, 0x0841, 0x0841, 0x0841, 0x0841, 0x0841, 0x0841, 0x0841, 0x0841, 0x0820, 
  0x0841, 0x0861, 0x0000, 0x0001, 0x08E4, 0x2A6A, 0x3B4E, 0x43D0, 0x3BAF, 0x2A6A, 0x1966, 0x1946, 0x1146, 0x1946, 0x1987, 0x21C8, 
  0x2A4A, 0x2A8B, 0x2A8B, 0x21E8, 0x08C4, 0x0000, 0x0000, 0x0841, 0x0841, 0x0841, 0x0841, 0x0841, 0x0841, 0x0841, 0x0841, 0x0841, 
  0x0841, 0x0841, 0x0841, 0x0841, 0x0841, 0x0000, 0x0925, 0x0905, 0x0841, 0x0841, 0x0042, 0x1A2A, 0x0905, 0x0020, 0x0041, 0x0841, 
  0x0841, 0x0840, 0x0820, 0x0020, 0x0020, 0x0000, 0x08E4, 0x0946, 0x0821, 0x0841, 0x11A8, 0x0904, 0x0041, 0x19C8, 0x08A3, 0x0020, 
  0x0841, 0x0000, 0x0882, 0x228B, 0x0083, 0x11A8, 0x08A3, 0x0841, 0x0841, 0x0862, 0x0841, 0x0861, 0x0041, 0x0882, 0x0882, 0x0841, 
  0x0862, 0x0841, 0x0842, 0x0861, 0x0861, 0x0861, 0x0841, 0x0862, 0x0841, 0x0862, 0x0841, 0x0862, 0x0862, 0x0861, 0x0861, 0x0042, 
  0x0042, 0x08E4, 0x11A8, 0x1167, 0x08A3, 0x0062, 0x0883, 0x08A3, 0x0883, 0x0883, 0x0882, 0x0883, 0x0883, 0x0883, 0x0883, 0x08A3, 
  0x08A4, 0x08A3, 0x0883, 0x08A3, 0x0883, 0x0862, 0x0862, 0x0883, 0x0883, 0x0883, 0x0883, 0x08A4, 0x0862, 0x0062, 0x0925, 0x19A8, 
  0x1146, 0x0882, 0x0041, 0x0862, 0x0861, 0x0862, 0x0861, 0x0862, 0x0841, 0x0862, 0x0841, 0x0862, 0x0861, 0x0841, 0x0861, 0x0841, 
  0x0862, 0x0041, 0x0841, 0x0841, 0x0841, 0x0861, 0x0041, 0x0862, 0x0041, 0x0862, 0x0861, 0x0021, 0x1167, 0x0904, 0x1145, 0x222A, 
  0x0041, 0x0021, 0x0821, 0x0000, 0x1125, 0x11A8, 0x0000, 0x1188, 0x08E4, 0x0841, 0x0861, 0x11A8, 0x0042, 0x0020, 0x0841, 0x0021, 
  0x0841, 0x0841, 0x0862, 0x0862, 0x0861, 0x0021, 0x11C9, 0x11A7, 0x0000, 0x0841, 0x0020, 0x1187, 0x0083, 0x0820, 0x0841, 0x0841, 
  0x0841, 0x0841, 0x0841, 0x0841, 0x0841, 0x0841, 0x0841, 0x0841, 0x0841, 0x0841, 0x0841, 0x0841, 0x0841, 0x0841, 0x0841, 0x0841, 
  0x0841, 0x0841, 0x0841, 0x0841, 0x0841, 0x0841, 0x0841, 0x0841, 0x0841, 0x0841, 0x0841, 0x0841, 0x0841, 0x0841, 0x0841, 0x0841, 
  0x0841, 0x0841, 0x0841, 0x0841, 0x0841, 0x0841, 0x0841, 0x0841, 0x0841, 0x0841, 0x0841, 0x0841, 0x0841, 0x0841, 0x0841, 0x0841, 
  0x0841, 0x0841, 0x0841, 0x0841, 0x0841, 0x0841, 0x0841, 0x0841, 0x0841, 0x0841, 0x0841, 0x0841, 0x0841, 0x0841, 0x0841, 0x0841, 
  0x0841, 0x0841, 0x0841, 0x0841, 0x0841, 0x0841, 0x0841, 0x0841, 0x0841, 0x0841, 0x0841, 0x0841, 0x0841, 0x0841, 0x0841, 0x0020, 
  0x0020, 0x0841, 0x0841, 0x0841, 0x0841, 0x0841, 0x0841, 0x0841, 0x0841, 0x0841, 0x0841, 0x0841, 0x0841, 0x0841, 0x0841, 0x0841, 
  0x0841, 0x0841, 0x0841, 0x0841, 0x0841, 0x0841, 0x0841, 0x0841, 0x0841, 0x0841, 0x0841, 0x0841, 0x0841, 0x0841, 0x0841, 0x0841, 
  0x0841, 0x0841, 0x0841, 0x0841, 0x0841, 0x0841, 0x0841, 0x0841, 0x0841, 0x0841, 0x0841, 0x0841, 0x0841, 0x0841, 0x0041, 0x0861, 
  0x0821, 0x0041, 0x1966, 0x43AF, 0x6514, 0x332D, 0x19E8, 0x08C4, 0x0062, 0x0021, 0x0021, 0x0021, 0x0000, 0x0000, 0x0000, 0x0000, 
  0x0000, 0x0042, 0x08E4, 0x19C7, 0x2AAB, 0x330D, 0x1966, 0x0000, 0x0000, 0x0861, 0x0841, 0x0841, 0x0841, 0x0841, 0x0841, 0x0841, 
  0x0841, 0x0841, 0x0841, 0x0841, 0x0841, 0x0020, 0x0925, 0x1146, 0x0020, 0x0041, 0x11A7, 0x11C8, 0x08E4, 0x0020, 0x0841, 0x0841, 
  0x0841, 0x0841, 0x0841, 0x0841, 0x0841, 0x0020, 0x1146, 0x08E4, 0x0821, 0x0061, 0x11A8, 0x00A3, 0x1125, 0x1166, 0x0021, 0x0861, 
  0x0861, 0x0841, 0x0021, 0x0926, 0x0905, 0x08C4, 0x1187, 0x0041, 0x0841, 0x0862, 0x0841, 0x0861, 0x0861, 0x0841, 0x0841, 0x0841, 
  0x0862, 0x0841, 0x0861, 0x0861, 0x0861, 0x0861, 0x0841, 0x0861, 0x0841, 0x0862, 0x0841, 0x0861, 0x0862, 0x0861, 0x0862, 0x0882, 
  0x0883, 0x0841, 0x0062, 0x0925, 0x19C8, 0x1167, 0x0883, 0x0862, 0x0883, 0x0883, 0x0883, 0x0883, 0x0883, 0x0883, 0x08A3, 0x08A4, 
  0x08A4, 0x08A4, 0x08A4, 0x08C4, 0x0883, 0x0883, 0x0883, 0x0883, 0x0883, 0x0883, 0x0863, 0x0062, 0x08E5, 0x11C8, 0x1187, 0x0883, 
  0x0841, 0x0861, 0x0883, 0x0862, 0x0861, 0x0862, 0x0861, 0x0862, 0x0841, 0x0862, 0x0841, 0x0861, 0x0861, 0x0861, 0x0862, 0x0841, 
  0x0861, 0x0841, 0x0861, 0x0861, 0x0841, 0x0861, 0x0841, 0x0862, 0x0841, 0x0862, 0x0841, 0x08A2, 0x19C8, 0x0021, 0x1187, 0x0883, 
  0x0841, 0x0841, 0x0861, 0x0861, 0x0021, 0x11C9, 0x0062, 0x0926, 0x0905, 0x0841, 0x0841, 0x1167, 0x08C4, 0x0841, 0x0862, 0x0841, 
  0x0861, 0x0841, 0x0861, 0x0861, 0x0841, 0x0862, 0x1146, 0x19C9, 0x0905, 0x0020, 0x0021, 0x11A8, 0x08A3, 0x0820, 0x0841, 0x0841, 
  0x0841, 0x0841, 0x0841, 0x0841, 0x0841, 0x0841, 0x0841, 0x0841, 0x0841, 0x0841, 0x0841, 0x0841, 0x0841, 0x0841, 0x0841, 0x0841, 
  0x0841, 0x0841, 0x0841, 0x0841, 0x0841, 0x0841, 0x0841, 0x0841, 0x0841, 0x0841, 0x0841, 0x0841, 0x0841, 0x0841, 0x0841, 0x0841, 
  0x0841, 0x0841, 0x0841, 0x0841, 0x0841, 0x0841, 0x0841, 0x0841, 0x0841, 0x0841, 0x0841, 0x0841, 0x0841, 0x0841, 0x0841, 0x0841, 
  0x0841, 0x0841, 0x0841, 0x0841, 0x0841, 0x0841, 0x0841, 0x0841, 0x0841, 0x0841, 0x0841, 0x0841, 0x0841, 0x0841, 0x0841, 0x0841, 
  0x0841, 0x0841, 0x0841, 0x0841, 0x0841, 0x0841, 0x0841, 0x0841, 0x0841, 0x0841, 0x0841, 0x0841, 0x0841, 0x0841, 0x0841, 0x0020, 
  0x0020, 0x0841, 0x0841, 0x0841, 0x0841, 0x0841, 0x0841, 0x0841, 0x0841, 0x0841, 0x0841, 0x0841, 0x0841, 0x0841, 0x0841, 0x0841, 
  0x0841, 0x0841, 0x0841, 0x0841, 0x0841, 0x0841, 0x0841, 0x0841, 0x0841, 0x0841, 0x0841, 0x0841, 0x0841, 0x0841, 0x0841, 0x0841, 
  0x0841, 0x0841, 0x0841, 0x0841, 0x0841, 0x0841, 0x0841, 0x0841, 0x0841, 0x0841, 0x0841, 0x0841, 0x0841, 0x0841, 0x0861, 0x0021, 
  0x19A7, 0x64B3, 0x9EBB, 0x6DD8, 0x226A, 0x0001, 0x0021, 0x0001, 0x0021, 0x0842, 0x1083, 0x0841, 0x0041, 0x0021, 0x0041, 0x0021, 
  0x0021, 0x0001, 0x0000, 0x0000, 0x0001, 0x19A7, 0x5493, 0x43F0, 0x08C4, 0x0000, 0x0841, 0x0841, 0x0841, 0x0841, 0x0841, 0x0841, 
  0x0841, 0x0841, 0x0841, 0x0841, 0x0841, 0x0841, 0x0862, 0x19A8, 0x1167, 0x11A8, 0x1105, 0x08E4, 0x1125, 0x0020, 0x0841, 0x0841, 
  0x0841, 0x0841, 0x0841, 0x0841, 0x0841, 0x0020, 0x1166, 0x08E4, 0x0841, 0x0041, 0x0966, 0x08E5, 0x08E4, 0x0966, 0x0841, 0x0862, 
  0x0862, 0x0861, 0x0841, 0x08E5, 0x1167, 0x0020, 0x11C8, 0x08C3, 0x0841, 0x0862, 0x0861, 0x0862, 0x0862, 0x0862, 0x0862, 0x0861, 
  0x0862, 0x0861, 0x0862, 0x0861, 0x0862, 0x0862, 0x0861, 0x0862, 0x0861, 0x0862, 0x0862, 0x0862, 0x0862, 0x0862, 0x0862, 0x0882, 
  0x0883, 0x0883, 0x08A3, 0x0883, 0x0883, 0x1146, 0x19C9, 0x1126, 0x0863, 0x0883, 0x08A4, 0x08A4, 0x08A4, 0x08C4, 0x08C5, 0x08E5, 
  0x08C5, 0x08C4, 0x08C4, 0x08C5, 0x08A4, 0x08A4, 0x08A4, 0x08A4, 0x0883, 0x0842, 0x08C4, 0x11C8, 0x11A8, 0x08C4, 0x0862, 0x0883, 
  0x0883, 0x0883, 0x0883, 0x0882, 0x0862, 0x0882, 0x0862, 0x0862, 0x0862, 0x0862, 0x0861, 0x0862, 0x0862, 0x0861, 0x0862, 0x0861, 
  0x0862, 0x0862, 0x0862, 0x0861, 0x0861, 0x0862, 0x0861, 0x0862, 0x0861, 0x0862, 0x0041, 0x1146, 0x0925, 0x0041, 0x11A8, 0x0862, 
  0x0862, 0x0862, 0x0861, 0x0862, 0x0862, 0x11A8, 0x0041, 0x1187, 0x08A3, 0x0862, 0x0021, 0x1166, 0x08E4, 0x0841, 0x0862, 0x0861, 
  0x0862, 0x0862, 0x0862, 0x0862, 0x0862, 0x0082, 0x1167, 0x0062, 0x1187, 0x1187, 0x11A8, 0x1146, 0x0041, 0x0841, 0x0841, 0x0841, 
  0x0841, 0x0841, 0x0841, 0x0841, 0x0841, 0x0841, 0x0841, 0x0841, 0x0841, 0x0841, 0x0841, 0x0841, 0x0841, 0x0841, 0x0841, 0x0841, 
  0x0841, 0x0841, 0x0841, 0x0841, 0x0841, 0x0841, 0x0841, 0x0841, 0x0841, 0x0841, 0x0841, 0x0841, 0x0841, 0x0841, 0x0841, 0x0841, 
  0x0841, 0x0841, 0x0841, 0x0841, 0x0841, 0x0841, 0x0841, 0x0841, 0x0841, 0x0841, 0x0841, 0x0841, 0x0841, 0x0841, 0x0841, 0x0841, 
  0x0841, 0x0841, 0x0841, 0x0841, 0x0841, 0x0841, 0x0841, 0x0841, 0x0841, 0x0841, 0x0841, 0x0841, 0x0841, 0x0841, 0x0841, 0x0841, 
  0x0841, 0x0841, 0x0841, 0x0841, 0x0841, 0x0841, 0x0841, 0x0841, 0x0841, 0x0841, 0x0841, 0x0841, 0x0841, 0x0841, 0x0841, 0x0020, 
  0x0020, 0x0841, 0x0841, 0x0841, 0x0841, 0x0841, 0x0841, 0x0841, 0x0841, 0x0841, 0x0841, 0x0841, 0x0841, 0x0841, 0x0841, 0x0841, 
  0x0841, 0x0841, 0x0841, 0x0841, 0x0841, 0x0841, 0x0841, 0x0841, 0x0841, 0x0841, 0x0841, 0x0841, 0x0841, 0x0841, 0x0841, 0x0841, 
  0x0841, 0x0841, 0x0841, 0x0841, 0x0841, 0x0841, 0x0841, 0x0841, 0x0841, 0x0841, 0x0841, 0x0841, 0x0841, 0x0841, 0x0041, 0x53CF, 
  0xAEFC, 0x969B, 0x6D77, 0x3B6F, 0x08E4, 0x0882, 0x0000, 0x0862, 0x0883, 0x0062, 0x1105, 0x0042, 0x10C4, 0x0000, 0x10E4, 0x0000, 
  0x10C4, 0x0021, 0x0042, 0x0041, 0x0001, 0x0000, 0x0021, 0x2A8B, 0x54B4, 0x2A8B, 0x0000, 0x0041, 0x0841, 0x0840, 0x0841, 0x0841, 
  0x0841, 0x0841, 0x0841, 0x0841, 0x0841, 0x0841, 0x0841, 0x0841, 0x08A3, 0x0862, 0x0020, 0x08C3, 0x1166, 0x0820, 0x0841, 0x0841, 
  0x0841, 0x0841, 0x0841, 0x0841, 0x0841, 0x0020, 0x0905, 0x0926, 0x0020, 0x0841, 0x0904, 0x0925, 0x0041, 0x19E9, 0x0042, 0x0020, 
  0x0861, 0x0820, 0x0041, 0x11A8, 0x0905, 0x0021, 0x11A7, 0x08A3, 0x0840, 0x0861, 0x0841, 0x0861, 0x0841, 0x0841, 0x0841, 0x0841, 
  0x0861, 0x0841, 0x0841, 0x0841, 0x0841, 0x10A3, 0x0862, 0x0861, 0x0841, 0x0862, 0x0841, 0x0862, 0x0862, 0x0862, 0x0862, 0x0862, 
  0x0883, 0x0883, 0x0883, 0x08A3, 0x0883, 0x0862, 0x08A3, 0x1188, 0x19C8, 0x0926, 0x0084, 0x08A4, 0x08C4, 0x08C4, 0x08C4, 0x08A4, 
  0x08C4, 0x08A4, 0x08A4, 0x08C4, 0x08C4, 0x08C4, 0x08C5, 0x00A3, 0x08C4, 0x11A7, 0x19C9, 0x0905, 0x0063, 0x0863, 0x0883, 0x0883, 
  0x0883, 0x0883, 0x0862, 0x0862, 0x0862, 0x0862, 0x0862, 0x0862, 0x0841, 0x0862, 0x0841, 0x0861, 0x0841, 0x0841, 0x0861, 0x0841, 
  0x0861, 0x0841, 0x0841, 0x0841, 0x0841, 0x0861, 0x0041, 0x0861, 0x0841, 0x0861, 0x0020, 0x0925, 0x1125, 0x0000, 0x1187, 0x1126, 
  0x0020, 0x0821, 0x0841, 0x0000, 0x1126, 0x1166, 0x0020, 0x11A7, 0x0062, 0x0841, 0x0041, 0x1188, 0x0882, 0x0841, 0x0861, 0x0841, 
  0x0861, 0x0841, 0x0841, 0x0841, 0x0841, 0x08A3, 0x1187, 0x0021, 0x0841, 0x08A3, 0x08A3, 0x0020, 0x0841, 0x0841, 0x0841, 0x0841, 
  0x0841, 0x0841, 0x0841, 0x0841, 0x0841, 0x0841, 0x0841, 0x0841, 0x0841, 0x0841, 0x0841, 0x0841, 0x0841, 0x0841, 0x0841, 0x0841, 
  0x0841, 0x0841, 0x0841, 0x0841, 0x0841, 0x0841, 0x0841, 0x0841, 0x0841, 0x0841, 0x0841, 0x0841, 0x0841, 0x0841, 0x0841, 0x0841, 
  0x0841, 0x0841, 0x0841, 0x0841, 0x0841, 0x0841, 0x0841, 0x0841, 0x0841, 0x0841, 0x0841, 0x0841, 0x0841, 0x0841, 0x0841, 0x0841, 
  0x0841, 0x0841, 0x0841, 0x0841, 0x0841, 0x0841, 0x0841, 0x0841, 0x0841, 0x0841, 0x0841, 0x0841, 0x0841, 0x0841, 0x0841, 0x0841, 
  0x0841, 0x0841, 0x0841, 0x0841, 0x0841, 0x0841, 0x0841, 0x0841, 0x0841, 0x0841, 0x0841, 0x0841, 0x0841, 0x0841, 0x0841, 0x0020, 
  0x0020, 0x0841, 0x0841, 0x0841, 0x0841, 0x0841, 0x0841, 0x0841, 0x0841, 0x0841, 0x0841, 0x0841, 0x0841, 0x0841, 0x0841, 0x0841, 
  0x0841, 0x0841, 0x0841, 0x0841, 0x0841, 0x0841, 0x0841, 0x0841, 0x0841, 0x0841, 0x0841, 0x0841, 0x0841, 0x0841, 0x0841, 0x0841, 
  0x0841, 0x0841, 0x0841, 0x0841, 0x0841, 0x0841, 0x0841, 0x0841, 0x0841, 0x0841, 0x0841, 0x0841, 0x0883, 0x0000, 0x1966, 0xAF3D, 
  0x8619, 0x3B8F, 0x1125, 0x0082, 0x0883, 0x08A3, 0x08A3, 0x0021, 0x10A4, 0x0001, 0x08A4, 0x00A4, 0x1189, 0x0927, 0x1147, 0x0063, 
  0x08C4, 0x0000, 0x10E4, 0x0021, 0x0862, 0x0041, 0x0001, 0x0000, 0x00A3, 0x336F, 0x332D, 0x0863, 0x0021, 0x0841, 0x0841, 0x0841, 
  0x0841, 0x0841, 0x0841, 0x0841, 0x0841, 0x0841, 0x0841, 0x0841, 0x0820, 0x0841, 0x0841, 0x0062, 0x11A8, 0x0841, 0x0841, 0x0841, 
  0x0841, 0x0841, 0x0841, 0x0841, 0x0841, 0x0820, 0x08C4, 0x1187, 0x0841, 0x0862, 0x08A3, 0x11A8, 0x0000, 0x08E4, 0x19E9, 0x0905, 
  0x0883, 0x08C4, 0x19A8, 0x1147, 0x0000, 0x1166, 0x1A09, 0x0041, 0x0861, 0x0862, 0x0841, 0x0862, 0x0862, 0x0862, 0x0862, 0x0861, 
  0x0862, 0x0861, 0x0862, 0x0861, 0x0841, 0x1926, 0x10C4, 0x0861, 0x0861, 0x0862, 0x0862, 0x0862, 0x0883, 0x0882, 0x0882, 0x0882, 
  0x0883, 0x0883, 0x0883, 0x0883, 0x0883, 0x08C4, 0x08A4, 0x08A4, 0x0905, 0x11C8, 0x11A8, 0x08C4, 0x08A3, 0x08C4, 0x08C4, 0x08A4, 
  0x08C4, 0x08C4, 0x08A4, 0x08A4, 0x08A4, 0x08A4, 0x0883, 0x1146, 0x19E9, 0x1167, 0x08A4, 0x08A4, 0x08A4, 0x08A3, 0x08A3, 0x0883, 
  0x0883, 0x0882, 0x0882, 0x0882, 0x0882, 0x0883, 0x0862, 0x0862, 0x0861, 0x0862, 0x0862, 0x0862, 0x0862, 0x0861, 0x0862, 0x0861, 
  0x0862, 0x0861, 0x0862, 0x0862, 0x0841, 0x0862, 0x0861, 0x0862, 0x0841, 0x0862, 0x0841, 0x0082, 0x1AAC, 0x0882, 0x0861, 0x11A8, 
  0x1167, 0x08C4, 0x0862, 0x1146, 0x19C9, 0x0041, 0x08A3, 0x19A8, 0x0041, 0x0862, 0x0862, 0x1188, 0x0862, 0x0862, 0x0862, 0x0841, 
  0x0862, 0x0862, 0x0862, 0x0862, 0x0821, 0x0905, 0x0946, 0x0020, 0x0841, 0x0820, 0x0820, 0x0841, 0x0841, 0x0841, 0x0841, 0x0841, 
  0x0841, 0x0841, 0x0841, 0x0841, 0x0841, 0x0841, 0x0841, 0x0841, 0x0841, 0x0841, 0x0841, 0x0841, 0x0841, 0x0841, 0x0841, 0x0841, 
  0x0841, 0x0841, 0x0841, 0x0841, 0x0841, 0x0841, 0x0841, 0x0841, 0x0841, 0x0841, 0x0841, 0x0841, 0x0841, 0x0841, 0x0841, 0x0841, 
  0x0841, 0x0841, 0x0841, 0x0841, 0x0841, 0x0841, 0x0841, 0x0841, 0x0841, 0x0841, 0x0841, 0x0841, 0x0841, 0x0841, 0x0841, 0x0841, 
  0x0841, 0x0841, 0x0841, 0x0841, 0x0841, 0x0841, 0x0841, 0x0841, 0x0841, 0x0841, 0x0841, 0x0841, 0x0841, 0x0841, 0x0841, 0x0841, 
  0x0841, 0x0841, 0x0841, 0x0841, 0x0841, 0x0841, 0x0841, 0x0841, 0x0841, 0x0841, 0x0841, 0x0841, 0x0841, 0x0841, 0x0841, 0x0020, 
  0x0020, 0x0841, 0x0841, 0x0841, 0x0841, 0x0841, 0x0841, 0x0841, 0x0841, 0x0841, 0x0841, 0x0841, 0x0841, 0x0841, 0x0841, 0x0841, 
  0x0841, 0x0841, 0x0841, 0x0841, 0x0841, 0x0841, 0x0841, 0x0841, 0x0841, 0x0841, 0x0841, 0x0841, 0x0841, 0x0841, 0x0841, 0x0841, 
  0x0841, 0x0841, 0x0841, 0x0841, 0x0841, 0x0841, 0x0841, 0x0841, 0x0841, 0x0841, 0x0841, 0x0862, 0x0842, 0x08C4, 0x5472, 0x5D15, 
  0x1A09, 0x0083, 0x0022, 0x0883, 0x10E4, 0x0000, 0x08C4, 0x08E6, 0x11EB, 0x1A8F, 0x1B11, 0x23D4, 0x2C37, 0x3498, 0x2C36, 0x23B4, 
  0x1AF1, 0x120C, 0x0906, 0x0021, 0x10E4, 0x0021, 0x0883, 0x0042, 0x0001, 0x0000, 0x0966, 0x22AC, 0x0062, 0x0042, 0x0841, 0x0841, 
  0x0841, 0x0841, 0x0841, 0x0841, 0x0841, 0x0841, 0x0841, 0x0841, 0x0841, 0x0841, 0x0841, 0x0020, 0x1166, 0x0925, 0x0000, 0x0841, 
  0x0841, 0x0841, 0x0841, 0x0820, 0x0020, 0x0020, 0x0042, 0x11A8, 0x0041, 0x0862, 0x0021, 0x1167, 0x11A8, 0x0041, 0x0882, 0x19C8, 
  0x1187, 0x1166, 0x08E4, 0x0000, 0x0041, 0x1A8C, 0x0946, 0x0020, 0x0841, 0x0862, 0x0841, 0x0861, 0x0041, 0x0841, 0x0841, 0x0841, 
  0x0861, 0x0841, 0x0841, 0x0841, 0x0841, 0x0882, 0x0841, 0x0861, 0x0841, 0x0862, 0x0841, 0x0862, 0x0883, 0x0862, 0x0862, 0x0882, 
  0x0883, 0x0883, 0x0883, 0x0883, 0x08A4, 0x08C4, 0x08C4, 0x08C4, 0x08A3, 0x0883, 0x1146, 0x1A09, 0x0926, 0x08A4, 0x08C5, 0x08C4, 
  0x08C5, 0x08C5, 0x08A5, 0x08C5, 0x08C4, 0x08E5, 0x11C9, 0x11A8, 0x08A4, 0x0883, 0x08C4, 0x08C5, 0x08C5, 0x08C4, 0x08A3, 0x0883, 
  0x0883, 0x0883, 0x0883, 0x0882, 0x0862, 0x0883, 0x0862, 0x0862, 0x0861, 0x0862, 0x0841, 0x0861, 0x0841, 0x0841, 0x0862, 0x0841, 
  0x0861, 0x0841, 0x0861, 0x0841, 0x0041, 0x0841, 0x0841, 0x0862, 0x0841, 0x0841, 0x0841, 0x0021, 0x120A, 0x11C9, 0x0000, 0x0020, 
  0x08E4, 0x1188, 0x11C8, 0x1146, 0x0000, 0x08E5, 0x19C9, 0x08E4, 0x0821, 0x0841, 0x08A3, 0x1188, 0x0021, 0x0820, 0x0821, 0x0821, 
  0x0841, 0x0841, 0x0861, 0x0861, 0x0020, 0x19A8, 0x08A3, 0x0820, 0x0841, 0x0841, 0x0841, 0x0841, 0x0841, 0x0841, 0x0841, 0x0841, 
  0x0841, 0x0841, 0x0841, 0x0841, 0x0841, 0x0841, 0x0841, 0x0841, 0x0841, 0x0841, 0x0841, 0x0841, 0x0841, 0x0841, 0x0841, 0x0841, 
  0x0841, 0x0841, 0x0841, 0x0841, 0x0841, 0x0841, 0x0841, 0x0841, 0x0841, 0x0841, 0x0841, 0x0841, 0x0841, 0x0841, 0x0841, 0x0841, 
  0x0841, 0x0841, 0x0841, 0x0841, 0x0841, 0x0841, 0x0841, 0x0841, 0x0841, 0x0841, 0x0841, 0x0841, 0x0841, 0x0841, 0x0841, 0x0841, 
  0x0841, 0x0841, 0x0841, 0x0841, 0x0841, 0x0841, 0x0841, 0x0841, 0x0841, 0x0841, 0x0841, 0x0841, 0x0841, 0x0841, 0x0841, 0x0841, 
  0x0841, 0x0841, 0x0841, 0x0841, 0x0841, 0x0841, 0x0841, 0x0841, 0x0841, 0x0841, 0x0841, 0x0841, 0x0841, 0x0841, 0x0841, 0x0020, 
  0x0020, 0x0841, 0x0841, 0x0841, 0x0841, 0x0841, 0x0841, 0x0841, 0x0841, 0x0841, 0x0841, 0x0841, 0x0841, 0x0841, 0x0841, 0x0841, 
  0x0841, 0x0841, 0x0841, 0x0841, 0x0841, 0x0841, 0x0841, 0x0841, 0x0841, 0x0841, 0x0841, 0x0841, 0x0841, 0x0841, 0x0841, 0x0841, 
  0x0841, 0x0841, 0x0841, 0x0841, 0x0841, 0x0841, 0x0040, 0x0841, 0x0841, 0x0840, 0x0841, 0x0000, 0x1125, 0x4CB3, 0x4C52, 0x0905, 
  0x0062, 0x0862, 0x1925, 0x0000, 0x08C5, 0x11CB, 0x2332, 0x2C57, 0x2C77, 0x34D9, 0x453A, 0x453A, 0x3CF9, 0x4D5A, 0x4539, 0x3CD8, 
  0x453A, 0x3CF9, 0x2C16, 0x2311, 0x0927, 0x0862, 0x10E4, 0x0041, 0x0862, 0x10C4, 0x32CC, 0x6D35, 0x3B2E, 0x0001, 0x0862, 0x0840, 
  0x0841, 0x0841, 0x0841, 0x0841, 0x0841, 0x0841, 0x0841, 0x0841, 0x0841, 0x0841, 0x0841, 0x0840, 0x0841, 0x19A8, 0x08C4, 0x0000, 
  0x0020, 0x0041, 0x0041, 0x0882, 0x08C4, 0x0926, 0x1167, 0x1A4A, 0x08E4, 0x0841, 0x0841, 0x0041, 0x08E4, 0x19E9, 0x08E4, 0x0000, 
  0x0841, 0x0021, 0x0062, 0x08A3, 0x19C8, 0x2A6C, 0x0883, 0x0842, 0x0841, 0x0862, 0x0841, 0x0862, 0x0861, 0x0861, 0x0862, 0x0861, 
  0x0862, 0x0841, 0x0862, 0x0861, 0x0862, 0x0861, 0x0862, 0x0862, 0x0862, 0x0862, 0x0862, 0x0882, 0x0883, 0x0883, 0x0883, 0x0883, 
  0x0883, 0x0883, 0x08A3, 0x08A4, 0x08C5, 0x08C4, 0x08A4, 0x08C4, 0x08C4, 0x08C5, 0x08A4, 0x08C5, 0x1A09, 0x0925, 0x08C5, 0x08E5, 
  0x0905, 0x0905, 0x00E5, 0x00E5, 0x00A4, 0x11C9, 0x1146, 0x0083, 0x08A4, 0x08C4, 0x08A4, 0x08A4, 0x08A4, 0x08C4, 0x08E5, 0x08A4, 
  0x0883, 0x0883, 0x0883, 0x0883, 0x0883, 0x0883, 0x0862, 0x0882, 0x0862, 0x0862, 0x0862, 0x0862, 0x0861, 0x0861, 0x0862, 0x0861, 
  0x0861, 0x0861, 0x0862, 0x0861, 0x0861, 0x0862, 0x0841, 0x0862, 0x0841, 0x0862, 0x0842, 0x0841, 0x1105, 0x2A8C, 0x1146, 0x08C4, 
  0x0062, 0x0041, 0x0041, 0x0042, 0x1167, 0x11A8, 0x0082, 0x0041, 0x0861, 0x0021, 0x11C8, 0x1A09, 0x1147, 0x1125, 0x08E4, 0x08A3, 
  0x0862, 0x0821, 0x0821, 0x0021, 0x1167, 0x1146, 0x0020, 0x0841, 0x0841, 0x0841, 0x0841, 0x0841, 0x0841, 0x0841, 0x0841, 0x0841, 
  0x0841, 0x0841, 0x0841, 0x0841, 0x0841, 0x0841, 0x0841, 0x0841, 0x0841, 0x0841, 0x0841, 0x0841, 0x0841, 0x0841, 0x0841, 0x0841, 
  0x0841, 0x0841, 0x0841, 0x0841, 0x0841, 0x0841, 0x0841, 0x0841, 0x0841, 0x0841, 0x0841, 0x0841, 0x0841, 0x0841, 0x0841, 0x0841, 
  0x0841, 0x0841, 0x0841, 0x0841, 0x0841, 0x0841, 0x0841, 0x0841, 0x0841, 0x0841, 0x0841, 0x0841, 0x0841, 0x0841, 0x0841, 0x0841, 
  0x0841, 0x0841, 0x0841, 0x0841, 0x0841, 0x0841, 0x0841, 0x0841, 0x0841, 0x0841, 0x0841, 0x0841, 0x0841, 0x0841, 0x0841, 0x0841, 
  0x0841, 0x0841, 0x0841, 0x0841, 0x0841, 0x0841, 0x0841, 0x0841, 0x0841, 0x0841, 0x0841, 0x0841, 0x0841, 0x0841, 0x0841, 0x0020, 
  0x0020, 0x0841, 0x0841, 0x0841, 0x0841, 0x0841, 0x0841, 0x0841, 0x0841, 0x0841, 0x0841, 0x0841, 0x0841, 0x0841, 0x0841, 0x0841, 
  0x0841, 0x0841, 0x0841, 0x0841, 0x0841, 0x0841, 0x0841, 0x0841, 0x0841, 0x0841, 0x0841, 0x0841, 0x0841, 0x0841, 0x0841, 0x0841, 
  0x0841, 0x0841, 0x0841, 0x0841, 0x0841, 0x0841, 0x0841, 0x0841, 0x0841, 0x0041, 0x0821, 0x1105, 0x3B6F, 0x1166, 0x00A3, 0x0062, 
  0x1905, 0x0041, 0x0883, 0x19EB, 0x2394, 0x2C17, 0x34B9, 0x4D5A, 0x4519, 0x3497, 0x44D7, 0x3C76, 0x3C55, 0x3CB7, 0x3CB7, 0x3CD8, 
  0x4D5A, 0x44F9, 0x4519, 0x453A, 0x3498, 0x1ACF, 0x0083, 0x10C4, 0x10C4, 0x0001, 0x436E, 0x96BB, 0x5CF5, 0x0946, 0x0042, 0x0862, 
  0x0841, 0x0841, 0x0841, 0x0841, 0x0841, 0x0841, 0x0841, 0x0841, 0x0841, 0x0841, 0x0841, 0x0841, 0x0840, 0x0062, 0x1187, 0x1167, 
  0x1167, 0x1187, 0x11A7, 0x1187, 0x1167, 0x0905, 0x0883, 0x0062, 0x19C8, 0x08A3, 0x0820, 0x0881, 0x0820, 0x0862, 0x11A8, 0x11A8, 
  0x1166, 0x1A2A, 0x1AAC, 0x126B, 0x1A8C, 0x21C8, 0x0041, 0x0862, 0x0841, 0x0862, 0x0841, 0x0861, 0x0841, 0x0841, 0x0841, 0x0841, 
  0x0861, 0x0841, 0x0861, 0x0861, 0x0861, 0x0861, 0x0861, 0x0862, 0x0841, 0x0882, 0x0862, 0x0882, 0x0883, 0x08A4, 0x08A4, 0x08A3, 
  0x0883, 0x0883, 0x08C4, 0x08C5, 0x08A4, 0x08C4, 0x08C4, 0x08C4, 0x08C5, 0x08E5, 0x08C5, 0x00E5, 0x09C8, 0x124B, 0x0988, 0x09E9, 
  0x09E9, 0x09EA, 0x0A2B, 0x09EA, 0x09EA, 0x126B, 0x0106, 0x08E5, 0x08C5, 0x08C5, 0x08C4, 0x08C4, 0x08C4, 0x08A4, 0x08C4, 0x08C5, 
  0x08A4, 0x0883, 0x0883, 0x08A3, 0x08A4, 0x08A4, 0x0883, 0x0882, 0x0862, 0x0862, 0x0861, 0x0861, 0x0861, 0x0841, 0x0862, 0x0841, 
  0x0861, 0x0841, 0x0841, 0x0841, 0x0841, 0x0861, 0x0841, 0x0862, 0x0841, 0x0861, 0x0841, 0x0041, 0x0882, 0x2A4B, 0x1A8C, 0x120A, 
  0x1AAD, 0x11C9, 0x1167, 0x19C8, 0x1105, 0x0021, 0x0841, 0x1062, 0x0020, 0x1146, 0x1146, 0x0041, 0x08A3, 0x08E4, 0x1146, 0x1187, 
  0x11A7, 0x1166, 0x1166, 0x11A8, 0x1146, 0x0021, 0x0841, 0x0841, 0x0841, 0x0841, 0x0841, 0x0841, 0x0841, 0x0841, 0x0841, 0x0841, 
  0x0841, 0x0841, 0x0841, 0x0841, 0x0841, 0x0841, 0x0841, 0x0841, 0x0841, 0x0841, 0x0841, 0x0841, 0x0841, 0x0841, 0x0841, 0x0841, 
  0x0841, 0x0841, 0x0841, 0x0841, 0x0841, 0x0841, 0x0841, 0x0841, 0x0841, 0x0841, 0x0841, 0x0841, 0x0841, 0x0841, 0x0841, 0x0841, 
  0x0841, 0x0841, 0x0841, 0x0841, 0x0841, 0x0841, 0x0841, 0x0841, 0x0841, 0x0841, 0x0841, 0x0841, 0x0841, 0x0841, 0x0841, 0x0841, 
  0x0841, 0x0841, 0x0841, 0x0841, 0x0841, 0x0841, 0x0841, 0x0841, 0x0841, 0x0841, 0x0841, 0x0841, 0x0841, 0x0841, 0x0841, 0x0841, 
  0x0841, 0x0841, 0x0841, 0x0841, 0x0841, 0x0841, 0x0841, 0x0841, 0x0841, 0x0841, 0x0841, 0x0841, 0x0841, 0x0841, 0x0841, 0x0020, 
  0x0020, 0x0841, 0x0841, 0x0841, 0x0841, 0x0841, 0x0841, 0x0841, 0x0841, 0x0841, 0x0841, 0x0841, 0x0841, 0x0841, 0x0841, 0x0841, 
  0x0841, 0x0841, 0x0841, 0x0841, 0x0841, 0x0841, 0x0841, 0x0841, 0x0841, 0x0841, 0x0841, 0x0841, 0x0841, 0x0841, 0x0841, 0x0841, 
  0x0841, 0x0841, 0x0841, 0x0841, 0x0841, 0x0841, 0x0841, 0x0841, 0x0841, 0x0000, 0x0083, 0x3B6F, 0x1125, 0x0001, 0x08A4, 0x0062, 
  0x0842, 0x1106, 0x1A90, 0x2416, 0x3CD9, 0x4519, 0x3497, 0x3414, 0x2B4F, 0x332B, 0x124B, 0x2B4E, 0x3B4C, 0x0926, 0x32AA, 0x228B, 
  0x22EF, 0x3C34, 0x4519, 0x4D39, 0x3CD8, 0x451A, 0x2BF5, 0x1148, 0x0001, 0x1105, 0x0001, 0x228B, 0x4C93, 0x3BD0, 0x00A4, 0x0042, 
  0x0841, 0x0841, 0x0841, 0x0841, 0x0841, 0x0841, 0x0841, 0x0841, 0x0841, 0x0841, 0x0841, 0x0841, 0x0841, 0x0841, 0x0841, 0x08C3, 
  0x08A2, 0x0862, 0x0841, 0x0040, 0x0020, 0x0020, 0x0840, 0x0820, 0x0882, 0x19E9, 0x0062, 0x0841, 0x0882, 0x0861, 0x0841, 0x08A3, 
  0x08C4, 0x19E9, 0x08A3, 0x08C4, 0x1146, 0x08E4, 0x0841, 0x0862, 0x0861, 0x0862, 0x0841, 0x0862, 0x0861, 0x0861, 0x0862, 0x0861, 
  0x1905, 0x0882, 0x0861, 0x0862, 0x0862, 0x0862, 0x0862, 0x0882, 0x0861, 0x0882, 0x0862, 0x0882, 0x08A3, 0x08A4, 0x08A3, 0x08A4, 
  0x08C4, 0x08C4, 0x08E5, 0x08C4, 0x08C4, 0x08C4, 0x08C5, 0x08E5, 0x08C5, 0x0926, 0x09A9, 0x120A, 0x09EA, 0x12AD, 0x09C9, 0x09A9, 
  0x0989, 0x09A9, 0x09C9, 0x09A9, 0x12AD, 0x126C, 0x0A2B, 0x0A0B, 0x0927, 0x08C5, 0x08C5, 0x08E5, 0x08C4, 0x08C4, 0x08C4, 0x08C5, 
  0x08E5, 0x08C4, 0x08C4, 0x08A4, 0x0883, 0x08A4, 0x0883, 0x0882, 0x0862, 0x0882, 0x0862, 0x0882, 0x0862, 0x0861, 0x0862, 0x0861, 
  0x0862, 0x0861, 0x0862, 0x0861, 0x0861, 0x0862, 0x0861, 0x0862, 0x0861, 0x0862, 0x0861, 0x0862, 0x0861, 0x0904, 0x0905, 0x0882, 
  0x0905, 0x11A8, 0x0883, 0x0882, 0x0041, 0x0862, 0x0861, 0x0021, 0x0905, 0x11C8, 0x0020, 0x0841, 0x0820, 0x0820, 0x0020, 0x0021, 
  0x0861, 0x0882, 0x08C3, 0x0883, 0x0020, 0x0841, 0x0841, 0x0841, 0x0841, 0x0841, 0x0841, 0x0841, 0x0841, 0x0841, 0x0841, 0x0841, 
  0x0841, 0x0841, 0x0841, 0x0841, 0x0841, 0x0841, 0x0841, 0x0841, 0x0841, 0x0841, 0x0841, 0x0841, 0x0841, 0x0841, 0x0841, 0x0841, 
  0x0841, 0x0841, 0x0841, 0x0841, 0x0841, 0x0841, 0x0841, 0x0841, 0x0841, 0x0841, 0x0841, 0x0841, 0x0841, 0x0841, 0x0841, 0x0841, 
  0x0841, 0x0841, 0x0841, 0x0841, 0x0841, 0x0841, 0x0841, 0x0841, 0x0841, 0x0841, 0x0841, 0x0841, 0x0841, 0x0841, 0x0841, 0x0841, 
  0x0841, 0x0841, 0x0841, 0x0841, 0x0841, 0x0841, 0x0841, 0x0841, 0x0841, 0x0841, 0x0841, 0x0841, 0x0841, 0x0841, 0x0841, 0x0841, 
  0x0841, 0x0841, 0x0841, 0x0841, 0x0841, 0x0841, 0x0841, 0x0841, 0x0841, 0x0841, 0x0841, 0x0841, 0x0841, 0x0841, 0x0841, 0x0020, 
  0x0020, 0x0841, 0x0841, 0x0841, 0x0841, 0x0841, 0x0841, 0x0841, 0x0841, 0x0841, 0x0841, 0x0841, 0x0841, 0x0841, 0x0841, 0x0841, 
  0x0841, 0x0841, 0x0841, 0x0841, 0x0841, 0x0841, 0x0841, 0x0841, 0x0841, 0x0841, 0x0841, 0x0841, 0x0841, 0x0841, 0x0841, 0x0841, 
  0x0841, 0x0841, 0x0841, 0x0841, 0x0841, 0x0841, 0x0841, 0x0841, 0x0021, 0x0000, 0x332E, 0x1987, 0x0042, 0x0862, 0x0863, 0x1105, 
  0x08C6, 0x2353, 0x2C78, 0x3477, 0x3CD8, 0x2BB3, 0x3B2C, 0x19C7, 0x1166, 0x21E7, 0x22CC, 0x3BF1, 0x2B0E, 0x1A2A, 0x19E7, 0x0905, 
  0x1965, 0x2227, 0x0189, 0x2BD3, 0x3D19, 0x4519, 0x4D39, 0x3456, 0x11CA, 0x0883, 0x0862, 0x0083, 0x226B, 0x3BF1, 0x2AED, 0x0042, 
  0x0042, 0x0841, 0x0841, 0x0841, 0x0841, 0x0841, 0x0841, 0x0841, 0x0841, 0x0841, 0x0841, 0x0841, 0x0841, 0x0841, 0x0841, 0x0820, 
  0x0820, 0x0840, 0x0841, 0x0841, 0x0841, 0x0841, 0x0841, 0x0841, 0x0020, 0x08E4, 0x19C9, 0x08E4, 0x0021, 0x0841, 0x0862, 0x0020, 
  0x1166, 0x1146, 0x0021, 0x0841, 0x0820, 0x0841, 0x0841, 0x0861, 0x0841, 0x0861, 0x0841, 0x0861, 0x0841, 0x0861, 0x0861, 0x0841, 
  0x1925, 0x0883, 0x0841, 0x0862, 0x0862, 0x0862, 0x0862, 0x0882, 0x0862, 0x0882, 0x0882, 0x0883, 0x08A4, 0x08A3, 0x0883, 0x08A3, 
  0x08E5, 0x08C5, 0x08A4, 0x08C4, 0x08C4, 0x08E5, 0x08E5, 0x0906, 0x09C9, 0x0A2B, 0x09EA, 0x09C9, 0x11C9, 0x1A6C, 0x1A6C, 0x1ACF, 
  0x2371, 0x1B51, 0x1AAE, 0x120A, 0x120A, 0x09A8, 0x0968, 0x09C9, 0x0A2B, 0x09EA, 0x0947, 0x08E5, 0x08E5, 0x08C4, 0x08C4, 0x08A4, 
  0x08C4, 0x08E5, 0x08C4, 0x08A3, 0x0883, 0x08A4, 0x08A4, 0x0883, 0x0882, 0x0882, 0x0861, 0x0862, 0x0862, 0x0862, 0x0862, 0x0841, 
  0x0861, 0x0841, 0x0861, 0x0841, 0x0841, 0x0861, 0x0841, 0x0861, 0x0841, 0x0861, 0x0841, 0x0861, 0x0861, 0x0820, 0x0841, 0x0841, 
  0x0841, 0x11A8, 0x08A3, 0x0841, 0x0861, 0x0841, 0x0041, 0x1146, 0x19C8, 0x0862, 0x0841, 0x0841, 0x0841, 0x0841, 0x0841, 0x0841, 
  0x0841, 0x0820, 0x0820, 0x0820, 0x0841, 0x0841, 0x0841, 0x0841, 0x0841, 0x0841, 0x0841, 0x0841, 0x0841, 0x0841, 0x0841, 0x0841, 
  0x0841, 0x0841, 0x0841, 0x0841, 0x0841, 0x0841, 0x0841, 0x0841, 0x0841, 0x0841, 0x0841, 0x0841, 0x0841, 0x0841, 0x0841, 0x0841, 
  0x0841, 0x0841, 0x0841, 0x0841, 0x0841, 0x0841, 0x0841, 0x0841, 0x0841, 0x0841, 0x0841, 0x0841, 0x0841, 0x0841, 0x0841, 0x0841, 
  0x0841, 0x0841, 0x0841, 0x0841, 0x0841, 0x0841, 0x0841, 0x0841, 0x0841, 0x0841, 0x0841, 0x0841, 0x0841, 0x0841, 0x0841, 0x0841, 
  0x0841, 0x0841, 0x0841, 0x0841, 0x0841, 0x0841, 0x0841, 0x0841, 0x0841, 0x0841, 0x0841, 0x0841, 0x0841, 0x0841, 0x0841, 0x0841, 
  0x0841, 0x0841, 0x0841, 0x0841, 0x0841, 0x0841, 0x0841, 0x0841, 0x0841, 0x0841, 0x0841, 0x0841, 0x0841, 0x0841, 0x0841, 0x0020, 
  0x0020, 0x0841, 0x0841, 0x0841, 0x0841, 0x0841, 0x0841, 0x0841, 0x0841, 0x0841, 0x0841, 0x0841, 0x0841, 0x0841, 0x0841, 0x0841, 
  0x0841, 0x0841, 0x0841, 0x0841, 0x0841, 0x0841, 0x0841, 0x0841, 0x0841, 0x0841, 0x0841, 0x0841, 0x0841, 0x0841, 0x0841, 0x0841, 
  0x0841, 0x0841, 0x0841, 0x0841, 0x0841, 0x0841, 0x0841, 0x0021, 0x0000, 0x1A09, 0x2AAC, 0x0021, 0x0042, 0x1105, 0x0883, 0x00C6, 
  0x2353, 0x2C37, 0x4519, 0x3C97, 0x122B, 0x0946, 0x11C7, 0x2B0D, 0x3BD1, 0x3BB0, 0x2AEC, 0x226B, 0x228B, 0x2ACC, 0x2B0D, 0x334F, 
  0x6515, 0x8619, 0x3B0D, 0x00A4, 0x122C, 0x44D8, 0x3CD8, 0x3CF8, 0x3477, 0x00A5, 0x1105, 0x08A4, 0x08A3, 0x2AED, 0x3C32, 0x19C8, 
  0x0021, 0x0862, 0x0841, 0x0841, 0x0841, 0x0841, 0x0841, 0x0841, 0x0841, 0x0841, 0x0841, 0x0841, 0x0841, 0x0841, 0x0841, 0x0841, 
  0x0841, 0x0841, 0x0841, 0x0841, 0x0841, 0x0841, 0x0841, 0x0841, 0x0841, 0x0820, 0x0883, 0x1187, 0x1187, 0x08A3, 0x0041, 0x0020, 
  0x0946, 0x0946, 0x0841, 0x0862, 0x0862, 0x0862, 0x0841, 0x0862, 0x0841, 0x0862, 0x0841, 0x0861, 0x0861, 0x0861, 0x0861, 0x0841, 
  0x0862, 0x0061, 0x0862, 0x0862, 0x0862, 0x0862, 0x0862, 0x0882, 0x0862, 0x0883, 0x0883, 0x08A4, 0x08A4, 0x08C4, 0x08C4, 0x08C5, 
  0x08E5, 0x08A4, 0x08C4, 0x08C4, 0x08E5, 0x08E5, 0x0947, 0x126C, 0x0A0A, 0x09EA, 0x1A2B, 0x1A4B, 0x1A2B, 0x1A0A, 0x22CE, 0x2BF4, 
  0x3476, 0x3475, 0x2BF3, 0x22CE, 0x1A4B, 0x228C, 0x1A6C, 0x11EA, 0x0988, 0x09C9, 0x120B, 0x09A9, 0x08E5, 0x08E5, 0x08C5, 0x08C4, 
  0x08C4, 0x08C4, 0x08E5, 0x08E5, 0x08C4, 0x08A4, 0x08A4, 0x08A3, 0x0883, 0x0883, 0x0862, 0x0862, 0x0862, 0x0862, 0x0862, 0x0862, 
  0x0862, 0x0861, 0x0861, 0x0861, 0x0841, 0x0861, 0x0841, 0x0861, 0x0841, 0x0862, 0x0841, 0x0861, 0x0861, 0x0861, 0x0862, 0x0861, 
  0x0861, 0x1186, 0x0082, 0x0841, 0x0041, 0x0905, 0x19C8, 0x1125, 0x0041, 0x0841, 0x0841, 0x0841, 0x0841, 0x0841, 0x0841, 0x0841, 
  0x0841, 0x0841, 0x0841, 0x0841, 0x0841, 0x0841, 0x0841, 0x0841, 0x0841, 0x0841, 0x0841, 0x0841, 0x0841, 0x0841, 0x0841, 0x0841, 
  0x0841, 0x0841, 0x0841, 0x0841, 0x0841, 0x0841, 0x0841, 0x0841, 0x0841, 0x0841, 0x0841, 0x0841, 0x0841, 0x0841, 0x0841, 0x0841, 
  0x0841, 0x0841, 0x0841, 0x0841, 0x0841, 0x0841, 0x0841, 0x0841, 0x0841, 0x0841, 0x0841, 0x0841, 0x0841, 0x0841, 0x0841, 0x0841, 
  0x0841, 0x0841, 0x0841, 0x0841, 0x0841, 0x0841, 0x0841, 0x0841, 0x0841, 0x0841, 0x0841, 0x0841, 0x0841, 0x0841, 0x0841, 0x0841, 
  0x0841, 0x0841, 0x0841, 0x0841, 0x0841, 0x0841, 0x0841, 0x0841, 0x0841, 0x0841, 0x0841, 0x0841, 0x0841, 0x0841, 0x0841, 0x0841, 
  0x0841, 0x0841, 0x0841, 0x0841, 0x0841, 0x0841, 0x0841, 0x0841, 0x0841, 0x0841, 0x0841, 0x0841, 0x0841, 0x0841, 0x0841, 0x0020, 
  0x0020, 0x0841, 0x0841, 0x0841, 0x0841, 0x0841, 0x0841, 0x0841, 0x0841, 0x0841, 0x0841, 0x0841, 0x0841, 0x0841, 0x0841, 0x0841, 
  0x0841, 0x0841, 0x0841, 0x0841, 0x0841, 0x0841, 0x0841, 0x0841, 0x0841, 0x0841, 0x0841, 0x0841, 0x0841, 0x0841, 0x0841, 0x0841, 
  0x0841, 0x0841, 0x0841, 0x0841, 0x0841, 0x0841, 0x0841, 0x0021, 0x0083, 0x334E, 0x00A4, 0x0863, 0x0042, 0x0842, 0x0946, 0x2353, 
  0x2C37, 0x3477, 0x3414, 0x11C9, 0x224A, 0x438F, 0x3BF1, 0x332E, 0x1987, 0x00A3, 0x0042, 0x0021, 0x0021, 0x0021, 0x0021, 0x0083, 
  0x1146, 0x4BB0, 0x969C, 0x7DB7, 0x0967, 0x0147, 0x3456, 0x44F8, 0x4519, 0x2B72, 0x0042, 0x0862, 0x0883, 0x1187, 0x336F, 0x3BB0, 
  0x0042, 0x0042, 0x0841, 0x0841, 0x0841, 0x0841, 0x0841, 0x0841, 0x0841, 0x0841, 0x0841, 0x0841, 0x0841, 0x0841, 0x0841, 0x0841, 
  0x0841, 0x0841, 0x0841, 0x0841, 0x0841, 0x0841, 0x0841, 0x0841, 0x0841, 0x0841, 0x0841, 0x0020, 0x08C4, 0x19A8, 0x11A8, 0x1167, 
  0x11E9, 0x11E9, 0x0041, 0x0861, 0x0861, 0x0861, 0x0841, 0x0862, 0x0841, 0x0862, 0x0841, 0x0862, 0x0841, 0x0841, 0x0861, 0x0841, 
  0x0862, 0x0861, 0x0862, 0x0861, 0x0861, 0x0862, 0x0862, 0x0882, 0x0862, 0x0882, 0x0882, 0x0883, 0x0883, 0x08A3, 0x08C5, 0x0906, 
  0x08C4, 0x08C4, 0x1926, 0x3188, 0x0906, 0x0967, 0x128D, 0x01CA, 0x09C9, 0x1A6C, 0x230F, 0x1A8D, 0x19A8, 0x1967, 0x222B, 0x33F3, 
  0x6D78, 0x85FA, 0x33D2, 0x19EA, 0x19A8, 0x19CA, 0x22EF, 0x2BF4, 0x2310, 0x11E9, 0x0188, 0x09EA, 0x09A9, 0x00E5, 0x1947, 0x2168, 
  0x08E5, 0x08A4, 0x08E5, 0x0905, 0x08A4, 0x08A4, 0x0883, 0x0883, 0x0862, 0x0882, 0x0862, 0x0862, 0x0862, 0x0861, 0x0862, 0x0841, 
  0x0862, 0x0841, 0x0861, 0x0861, 0x0841, 0x0861, 0x0841, 0x0862, 0x0841, 0x0862, 0x0841, 0x0861, 0x0861, 0x0841, 0x0862, 0x0841, 
  0x0882, 0x1A2A, 0x1187, 0x1187, 0x11C8, 0x1166, 0x0862, 0x0020, 0x0841, 0x0841, 0x0841, 0x0841, 0x0841, 0x0841, 0x0841, 0x0841, 
  0x0841, 0x0841, 0x0841, 0x0841, 0x0841, 0x0841, 0x0841, 0x0841, 0x0841, 0x0841, 0x0841, 0x0841, 0x0841, 0x0841, 0x0841, 0x0841, 
  0x0841, 0x0841, 0x0841, 0x0841, 0x0841, 0x0841, 0x0841, 0x0841, 0x0841, 0x0841, 0x0841, 0x0841, 0x0841, 0x0841, 0x0841, 0x0841, 
  0x0841, 0x0841, 0x0841, 0x0841, 0x0841, 0x0841, 0x0841, 0x0841, 0x0841, 0x0841, 0x0841, 0x0841, 0x0841, 0x0841, 0x0841, 0x0841, 
  0x0841, 0x0841, 0x0841, 0x0841, 0x0841, 0x0841, 0x0841, 0x0841, 0x0841, 0x0841, 0x0841, 0x0841, 0x0841, 0x0841, 0x0841, 0x0841, 
  0x0841, 0x0841, 0x0841, 0x0841, 0x0841, 0x0841, 0x0841, 0x0841, 0x0841, 0x0841, 0x0841, 0x0841, 0x0841, 0x0841, 0x0841, 0x0841, 
  0x0841, 0x0841, 0x0841, 0x0841, 0x0841, 0x0841, 0x0841, 0x0841, 0x0841, 0x0841, 0x0841, 0x0841, 0x0841, 0x0841, 0x0841, 0x0020, 
  0x0020, 0x0841, 0x0841, 0x0841, 0x0841, 0x0841, 0x0841, 0x0841, 0x0841, 0x0841, 0x0841, 0x0841, 0x0841, 0x0841, 0x0841, 0x0841, 
  0x0841, 0x0841, 0x0841, 0x0841, 0x0841, 0x0841, 0x0841, 0x0841, 0x0841, 0x0841, 0x0841, 0x0841, 0x0841, 0x0841, 0x0841, 0x0841, 
  0x0841, 0x0841, 0x0841, 0x0841, 0x0841, 0x0841, 0x0841, 0x0000, 0x224A, 0x19E9, 0x0041, 0x0021, 0x1105, 0x08A4, 0x124E, 0x3498, 
  0x44F8, 0x4495, 0x4B29, 0x2AAC, 0x969B, 0x6515, 0x1166, 0x0021, 0x0021, 0x0041, 0x0042, 0x0021, 0x0021, 0x0021, 0x0021, 0x0021, 
  0x0000, 0x0000, 0x08C4, 0x6CF5, 0x96DC, 0x1A29, 0x0127, 0x3C76, 0x3CD7, 0x3CB8, 0x1A4D, 0x0883, 0x08A4, 0x0042, 0x226B, 0x4C94, 
  0x3B6F, 0x0001, 0x0041, 0x0841, 0x0841, 0x0841, 0x0841, 0x0841, 0x0841, 0x0841, 0x0841, 0x0841, 0x0841, 0x0841, 0x0841, 0x0841, 
  0x0841, 0x0841, 0x0841, 0x0841, 0x0841, 0x0841, 0x0841, 0x0841, 0x0841, 0x0841, 0x0841, 0x0841, 0x0020, 0x0021, 0x0883, 0x0082, 
  0x08A3, 0x11A8, 0x0862, 0x0841, 0x0841, 0x0841, 0x0841, 0x0841, 0x0841, 0x0862, 0x0841, 0x0861, 0x0041, 0x0841, 0x0841, 0x0841, 
  0x0842, 0x0841, 0x0862, 0x0861, 0x0862, 0x0862, 0x0862, 0x0862, 0x0862, 0x0863, 0x0863, 0x0883, 0x0884, 0x08A4, 0x0906, 0x08E5, 
  0x08C4, 0x00C4, 0x1927, 0x31E9, 0x11C9, 0x0A8C, 0x01A9, 0x11EA, 0x1A6C, 0x2310, 0x2330, 0x22CE, 0x1947, 0x1967, 0x1167, 0x4475, 
  0x3CF8, 0x34D8, 0x44B6, 0x19EA, 0x11E9, 0x19EA, 0x2BB3, 0x2C77, 0x2C15, 0x3414, 0x1A2B, 0x0968, 0x09EA, 0x09C9, 0x21C9, 0x21A8, 
  0x08E5, 0x08C4, 0x08C4, 0x08E5, 0x08C4, 0x08A4, 0x0083, 0x0883, 0x0862, 0x0862, 0x0862, 0x0862, 0x0861, 0x0861, 0x0862, 0x0841, 
  0x0862, 0x0841, 0x0841, 0x0841, 0x0841, 0x0841, 0x0841, 0x0861, 0x0841, 0x0841, 0x0841, 0x0841, 0x0841, 0x0841, 0x0861, 0x0020, 
  0x08C4, 0x11A8, 0x0062, 0x0883, 0x0862, 0x0020, 0x0020, 0x0841, 0x0821, 0x0841, 0x0841, 0x0841, 0x0841, 0x0841, 0x0841, 0x0841, 
  0x0841, 0x0841, 0x0841, 0x0841, 0x0841, 0x0841, 0x0841, 0x0841, 0x0841, 0x0841, 0x0841, 0x0841, 0x0841, 0x0841, 0x0841, 0x0841, 
  0x0841, 0x0841, 0x0841, 0x0841, 0x0841, 0x0841, 0x0841, 0x0841, 0x0841, 0x0841, 0x0841, 0x0841, 0x0841, 0x0841, 0x0841, 0x0841, 
  0x0841, 0x0841, 0x0841, 0x0841, 0x0841, 0x0841, 0x0841, 0x0841, 0x0841, 0x0841, 0x0841, 0x0841, 0x0841, 0x0841, 0x0841, 0x0841, 
  0x0841, 0x0841, 0x0841, 0x0841, 0x0841, 0x0841, 0x0841, 0x0841, 0x0841, 0x0841, 0x0841, 0x0841, 0x0841, 0x0841, 0x0841, 0x0841, 
  0x0841, 0x0841, 0x0841, 0x0841, 0x0841, 0x0841, 0x0841, 0x0841, 0x0841, 0x0841, 0x0841, 0x0841, 0x0841, 0x0841, 0x0841, 0x0841, 
  0x0841, 0x0841, 0x0841, 0x0841, 0x0841, 0x0841, 0x0841, 0x0841, 0x0841, 0x0841, 0x0841, 0x0841, 0x0841, 0x0841, 0x0841, 0x0020, 
  0x0020, 0x0841, 0x0841, 0x0841, 0x0841, 0x0841, 0x0841, 0x0841, 0x0841, 0x0841, 0x0841, 0x0841, 0x0841, 0x0841, 0x0841, 0x0841, 
  0x0841, 0x0841, 0x0841, 0x0841, 0x0841, 0x0841, 0x0841, 0x0841, 0x0841, 0x0841, 0x0841, 0x0841, 0x0841, 0x0841, 0x0841, 0x0841, 
  0x0841, 0x0841, 0x0841, 0x0841, 0x0841, 0x0841, 0x0021, 0x0082, 0x2AED, 0x0083, 0x0863, 0x0883, 0x0021, 0x11AA, 0x23B5, 0x3476, 
  0x3CB6, 0x63EB, 0x434C, 0x969C, 0x5432, 0x00A3, 0x0062, 0x0042, 0x0021, 0x0021, 0x0021, 0x0021, 0x0021, 0x0021, 0x0001, 0x0001, 
  0x0021, 0x0042, 0x0000, 0x0000, 0x53F0, 0x9EDD, 0x1A09, 0x0989, 0x3C76, 0x3CB8, 0x3C77, 0x08E6, 0x0063, 0x08A4, 0x1146, 0x336F, 
  0x5516, 0x0946, 0x0000, 0x0841, 0x0841, 0x0841, 0x0841, 0x0841, 0x0841, 0x0841, 0x0841, 0x0841, 0x0841, 0x0841, 0x0841, 0x0841, 
  0x0841, 0x0841, 0x0841, 0x0841, 0x0841, 0x0841, 0x0841, 0x0841, 0x0841, 0x0841, 0x0841, 0x0841, 0x0841, 0x0841, 0x0820, 0x0841, 
  0x0000, 0x1167, 0x08E4, 0x0841, 0x0862, 0x0862, 0x0861, 0x0862, 0x0861, 0x0882, 0x0041, 0x1105, 0x10E4, 0x0041, 0x0862, 0x0861, 
  0x0862, 0x0861, 0x0862, 0x0862, 0x0862, 0x0882, 0x0862, 0x0882, 0x0882, 0x0883, 0x0883, 0x08C4, 0x08E5, 0x0905, 0x0926, 0x08C5, 
  0x08E5, 0x08E5, 0x08E5, 0x0988, 0x128D, 0x01C9, 0x11EA, 0x1A6C, 0x230F, 0x2330, 0x2392, 0x2331, 0x1A2B, 0x0925, 0x0967, 0x3B90, 
  0x3391, 0x232F, 0x5C53, 0x11C9, 0x11C8, 0x1A6C, 0x3C96, 0x3476, 0x3CB7, 0x2C15, 0x2C14, 0x120A, 0x0947, 0x0A0B, 0x0A2B, 0x0906, 
  0x08E5, 0x08E5, 0x08C4, 0x08C5, 0x0906, 0x08E6, 0x08E5, 0x08A4, 0x0883, 0x0883, 0x0882, 0x0882, 0x0882, 0x0862, 0x0862, 0x0861, 
  0x0862, 0x0862, 0x0862, 0x0862, 0x0861, 0x0862, 0x0861, 0x0862, 0x0861, 0x0862, 0x0861, 0x0862, 0x0862, 0x0861, 0x0862, 0x0021, 
  0x1146, 0x0904, 0x0000, 0x0820, 0x0820, 0x0841, 0x0840, 0x0841, 0x0841, 0x0841, 0x0841, 0x0841, 0x0841, 0x0841, 0x0841, 0x0841, 
  0x0841, 0x0841, 0x0841, 0x0841, 0x0841, 0x0841, 0x0841, 0x0841, 0x0841, 0x0841, 0x0841, 0x0841, 0x0841, 0x0841, 0x0841, 0x0841, 
  0x0841, 0x0841, 0x0841, 0x0841, 0x0841, 0x0841, 0x0841, 0x0841, 0x0841, 0x0841, 0x0841, 0x0841, 0x0841, 0x0841, 0x0841, 0x0841, 
  0x0841, 0x0841, 0x0841, 0x0841, 0x0841, 0x0841, 0x0841, 0x0841, 0x0841, 0x0841, 0x0841, 0x0841, 0x0841, 0x0841, 0x0841, 0x0841, 
  0x0841, 0x0841, 0x0841, 0x0841, 0x0841, 0x0841, 0x0841, 0x0841, 0x0841, 0x0841, 0x0841, 0x0841, 0x0841, 0x0841, 0x0841, 0x0841, 
  0x0841, 0x0841, 0x0841, 0x0841, 0x0841, 0x0841, 0x0841, 0x0841, 0x0841, 0x0841, 0x0841, 0x0841, 0x0841, 0x0841, 0x0841, 0x0841, 
  0x0841, 0x0841, 0x0841, 0x0841, 0x0841, 0x0841, 0x0841, 0x0841, 0x0841, 0x0841, 0x0841, 0x0841, 0x0841, 0x0841, 0x0841, 0x0020, 
  0x0020, 0x0841, 0x0841, 0x0841, 0x0841, 0x0841, 0x0841, 0x0841, 0x0841, 0x0841, 0x0841, 0x0841, 0x0841, 0x0841, 0x0841, 0x0841, 
  0x0841, 0x0841, 0x0841, 0x0841, 0x0841, 0x0841, 0x0841, 0x0841, 0x0841, 0x0841, 0x0841, 0x0841, 0x0841, 0x0841, 0x0841, 0x0841, 
  0x0841, 0x0841, 0x0841, 0x0841, 0x0841, 0x0841, 0x0000, 0x19E8, 0x224A, 0x0021, 0x0042, 0x10E4, 0x08C5, 0x1AD0, 0x3498, 0x3498, 
  0x540E, 0x4309, 0x54F6, 0x4BF1, 0x00A4, 0x0083, 0x0022, 0x0021, 0x0021, 0x0021, 0x0001, 0x0001, 0x0021, 0x0021, 0x0001, 0x0001, 
  0x0001, 0x0001, 0x0021, 0x0021, 0x0000, 0x5C52, 0x863A, 0x00E5, 0x1A8E, 0x3CB8, 0x44D8, 0x1AEF, 0x0883, 0x0062, 0x0083, 0x228C, 
  0x2BB0, 0x2B0E, 0x0021, 0x0861, 0x0841, 0x0841, 0x0841, 0x0841, 0x0841, 0x0841, 0x0841, 0x0841, 0x0841, 0x0841, 0x0841, 0x0841, 
  0x0841, 0x0841, 0x0841, 0x0841, 0x0841, 0x0841, 0x0841, 0x0841, 0x0841, 0x0841, 0x0841, 0x0841, 0x0841, 0x0841, 0x0841, 0x0841, 
  0x0020, 0x0926, 0x0905, 0x0020, 0x0841, 0x0861, 0x0841, 0x0841, 0x0041, 0x0861, 0x0021, 0x10C3, 0x10A3, 0x0841, 0x0861, 0x0841, 
  0x0861, 0x0841, 0x0861, 0x0861, 0x0861, 0x0862, 0x0862, 0x0862, 0x0862, 0x0883, 0x0884, 0x08E5, 0x08C4, 0x08E5, 0x08E5, 0x08C4, 
  0x08C5, 0x08E5, 0x08E5, 0x0A0A, 0x09CA, 0x11C9, 0x19CA, 0x22CE, 0x2350, 0x2BB3, 0x12CF, 0x4CD7, 0x43B2, 0x00C3, 0x0926, 0x0926, 
  0x11C9, 0x1A0A, 0x11C9, 0x11C9, 0x1167, 0x09A8, 0x6D36, 0x54B4, 0x4CF7, 0x54F7, 0x2B71, 0x232F, 0x11C9, 0x0988, 0x0A2B, 0x0988, 
  0x08E5, 0x08C5, 0x08C4, 0x08C4, 0x08E5, 0x08C5, 0x08C5, 0x08C5, 0x0883, 0x0883, 0x0862, 0x0862, 0x0862, 0x0862, 0x0862, 0x0841, 
  0x0861, 0x0841, 0x0861, 0x0841, 0x0841, 0x0861, 0x0841, 0x0841, 0x0841, 0x0841, 0x0841, 0x0841, 0x0841, 0x0841, 0x0862, 0x0021, 
  0x1187, 0x08A3, 0x0840, 0x0841, 0x0841, 0x0841, 0x0841, 0x0841, 0x0841, 0x0841, 0x0841, 0x0841, 0x0841, 0x0841, 0x0841, 0x0841, 
  0x0841, 0x0841, 0x0841, 0x0841, 0x0841, 0x0841, 0x0841, 0x0841, 0x0841, 0x0841, 0x0841, 0x0841, 0x0841, 0x0841, 0x0841, 0x0841, 
  0x0841, 0x0841, 0x0841, 0x0841, 0x0841, 0x0841, 0x0841, 0x0841, 0x0841, 0x0841, 0x0841, 0x0841, 0x0841, 0x0841, 0x0841, 0x0841, 
  0x0841, 0x0841, 0x0841, 0x0841, 0x0841, 0x0841, 0x0841, 0x0841, 0x0841, 0x0841, 0x0841, 0x0841, 0x0841, 0x0841, 0x0841, 0x0841, 
  0x0841, 0x0841, 0x0841, 0x0841, 0x0841, 0x0841, 0x0841, 0x0841, 0x0841, 0x0841, 0x0841, 0x0841, 0x0841, 0x0841, 0x0841, 0x0841, 
  0x0841, 0x0841, 0x0841, 0x0841, 0x0841, 0x0841, 0x0841, 0x0841, 0x0841, 0x0841, 0x0841, 0x0841, 0x0841, 0x0841, 0x0841, 0x0841, 
  0x0841, 0x0841, 0x0841, 0x0841, 0x0841, 0x0841, 0x0841, 0x0841, 0x0841, 0x0841, 0x0841, 0x0841, 0x0841, 0x0841, 0x0841, 0x0020, 
  0x0020, 0x0841, 0x0841, 0x0841, 0x0841, 0x0841, 0x0841, 0x0841, 0x0841, 0x0841, 0x0841, 0x0841, 0x0841, 0x0841, 0x0841, 0x0841, 
  0x0841, 0x0841, 0x0841, 0x0841, 0x0841, 0x0841, 0x0841, 0x0841, 0x0841, 0x0841, 0x0841, 0x0841, 0x0841, 0x0841, 0x0841, 0x0841, 
  0x0841, 0x0841, 0x0841, 0x0841, 0x0841, 0x0041, 0x0000, 0x3B4F, 0x2B0E, 0x0001, 0x0883, 0x0021, 0x0928, 0x2394, 0x3477, 0x4C95, 
  0x5349, 0x3BD1, 0x2AAC, 0x0021, 0x0883, 0x0021, 0x0021, 0x0021, 0x0001, 0x0001, 0x0021, 0x0021, 0x0842, 0x0021, 0x0021, 0x0001, 
  0x0001, 0x0001, 0x0001, 0x0021, 0x0021, 0x0021, 0x7DD8, 0x4C32, 0x00A5, 0x2BB4, 0x3C76, 0x3435, 0x00E5, 0x08A3, 0x08A3, 0x19E9, 
  0x2B6F, 0x33F1, 0x00A4, 0x0041, 0x0841, 0x0841, 0x0841, 0x0841, 0x0841, 0x0841, 0x0841, 0x0841, 0x0841, 0x0841, 0x0841, 0x0841, 
  0x0841, 0x0841, 0x0841, 0x0841, 0x0841, 0x0841, 0x0841, 0x0841, 0x0841, 0x0841, 0x0841, 0x0841, 0x0841, 0x0841, 0x0841, 0x0841, 
  0x0821, 0x08A3, 0x19C8, 0x0841, 0x0842, 0x0862, 0x0841, 0x0862, 0x0841, 0x0862, 0x0862, 0x0862, 0x0862, 0x0862, 0x0862, 0x0862, 
  0x0862, 0x0861, 0x0862, 0x0862, 0x0862, 0x0882, 0x0882, 0x0882, 0x0882, 0x08A3, 0x08C5, 0x08E5, 0x08E5, 0x08E5, 0x08C4, 0x08C4, 
  0x08E5, 0x08E5, 0x09C9, 0x0A4C, 0x09A9, 0x11A8, 0x19EA, 0x1988, 0x1A6C, 0x2BF4, 0x5495, 0x5BD0, 0x0905, 0x1146, 0x11A8, 0x1AAD, 
  0x1AAE, 0x22CE, 0x1A8D, 0x1A4C, 0x11C9, 0x11A9, 0x11A7, 0x53F0, 0x54B5, 0x2B30, 0x4391, 0x2B30, 0x1ACE, 0x09A8, 0x09C9, 0x126C, 
  0x0926, 0x08E5, 0x08E5, 0x08C4, 0x08C4, 0x0906, 0x08C5, 0x08E5, 0x08A4, 0x08A3, 0x0882, 0x0882, 0x0882, 0x0862, 0x0862, 0x0862, 
  0x0862, 0x0862, 0x0862, 0x0862, 0x0862, 0x0862, 0x0862, 0x0862, 0x0861, 0x0862, 0x0861, 0x0862, 0x0862, 0x0862, 0x0841, 0x08E4, 
  0x19A7, 0x0841, 0x0841, 0x0841, 0x0841, 0x0841, 0x0841, 0x0841, 0x0841, 0x0841, 0x0841, 0x0841, 0x0841, 0x0841, 0x0841, 0x0841, 
  0x0841, 0x0841, 0x0841, 0x0841, 0x0841, 0x0841, 0x0841, 0x0841, 0x0841, 0x0841, 0x0841, 0x0841, 0x0841, 0x0841, 0x0841, 0x0841, 
  0x0841, 0x0841, 0x0841, 0x0841, 0x0841, 0x0841, 0x0841, 0x0841, 0x0841, 0x0841, 0x0841, 0x0841, 0x0841, 0x0841, 0x0841, 0x0841, 
  0x0841, 0x0841, 0x0841, 0x0841, 0x0841, 0x0841, 0x0841, 0x0841, 0x0841, 0x0841, 0x0841, 0x0841, 0x0841, 0x0841, 0x0841, 0x0841, 
  0x0841, 0x0841, 0x0841, 0x0841, 0x0841, 0x0841, 0x0841, 0x0841, 0x0841, 0x0841, 0x0841, 0x0841, 0x0841, 0x0841, 0x0841, 0x0841, 
  0x0841, 0x0841, 0x0841, 0x0841, 0x0841, 0x0841, 0x0841, 0x0841, 0x0841, 0x0841, 0x0841, 0x0841, 0x0841, 0x0841, 0x0841, 0x0841, 
  0x0841, 0x0841, 0x0841, 0x0841, 0x0841, 0x0841, 0x0841, 0x0841, 0x0841, 0x0841, 0x0841, 0x0841, 0x0841, 0x0841, 0x0841, 0x0020, 
  0x0020, 0x0841, 0x0841, 0x0841, 0x0841, 0x0841, 0x0841, 0x0841, 0x0841, 0x0841, 0x0841, 0x0841, 0x0841, 0x0841, 0x0841, 0x0841, 
  0x0841, 0x0841, 0x0841, 0x0841, 0x0841, 0x0841, 0x0841, 0x0841, 0x0841, 0x0841, 0x0841, 0x0841, 0x0841, 0x0841, 0x0841, 0x0841, 
  0x0841, 0x0841, 0x0841, 0x0841, 0x0840, 0x0021, 0x0042, 0x4C53, 0x2ACD, 0x0022, 0x08C4, 0x08C4, 0x120D, 0x3416, 0x2C56, 0x540E, 
  0x432A, 0x4433, 0x08C4, 0x0042, 0x0021, 0x0021, 0x0021, 0x0021, 0x0021, 0x0041, 0x0842, 0x0842, 0x0842, 0x0842, 0x0842, 0x0021, 
  0x0021, 0x0001, 0x0001, 0x0001, 0x0842, 0x0000, 0x2A09, 0x865B, 0x0946, 0x122D, 0x3C77, 0x3C97, 0x1A4C, 0x0042, 0x0022, 0x1146, 
  0x22CC, 0x3C12, 0x1187, 0x0020, 0x0841, 0x0841, 0x0841, 0x0841, 0x0841, 0x0841, 0x0841, 0x0841, 0x0841, 0x0841, 0x0841, 0x0841, 
  0x0841, 0x0841, 0x0841, 0x0841, 0x0841, 0x0841, 0x0841, 0x0841, 0x0841, 0x0841, 0x0841, 0x0841, 0x0841, 0x0841, 0x0841, 0x0841, 
  0x0841, 0x0820, 0x1125, 0x19A8, 0x0041, 0x0841, 0x0841, 0x0841, 0x0841, 0x0862, 0x0841, 0x0861, 0x0841, 0x0841, 0x0841, 0x0841, 
  0x0861, 0x0841, 0x0862, 0x0861, 0x0861, 0x0862, 0x0862, 0x0883, 0x0883, 0x08A4, 0x08C4, 0x08C4, 0x0905, 0x08C4, 0x08A4, 0x08C5, 
  0x08E5, 0x0105, 0x12AD, 0x09EA, 0x0967, 0x1188, 0x1187, 0x1146, 0x0946, 0x228C, 0x2A6B, 0x08E5, 0x0925, 0x0967, 0x11E9, 0x1AAE, 
  0x2B91, 0x7576, 0x5453, 0x1A6C, 0x1188, 0x1147, 0x1188, 0x0126, 0x0988, 0x126C, 0x230F, 0x3B71, 0x2BB2, 0x2B71, 0x09A8, 0x0A0B, 
  0x09A9, 0x08C5, 0x08E5, 0x08C4, 0x08C4, 0x08E5, 0x08C5, 0x08C4, 0x08C4, 0x08A3, 0x0883, 0x0882, 0x0862, 0x0861, 0x0862, 0x0841, 
  0x0861, 0x0841, 0x0841, 0x0841, 0x0841, 0x0841, 0x0841, 0x0861, 0x0041, 0x0862, 0x0841, 0x0041, 0x0861, 0x0020, 0x08E4, 0x19C8, 
  0x0061, 0x0841, 0x0841, 0x0841, 0x0841, 0x0841, 0x0841, 0x0841, 0x0841, 0x0841, 0x0841, 0x0841, 0x0841, 0x0841, 0x0841, 0x0841, 
  0x0841, 0x0841, 0x0841, 0x0841, 0x0841, 0x0841, 0x0841, 0x0841, 0x0841, 0x0841, 0x0841, 0x0841, 0x0841, 0x0841, 0x0841, 0x0841, 
  0x0841, 0x0841, 0x0841, 0x0841, 0x0841, 0x0841, 0x0841, 0x0841, 0x0841, 0x0841, 0x0841, 0x0841, 0x0841, 0x0841, 0x0841, 0x0841, 
  0x0841, 0x0841, 0x0841, 0x0841, 0x0841, 0x0841, 0x0841, 0x0841, 0x0841, 0x0841, 0x0841, 0x0841, 0x0841, 0x0841, 0x0841, 0x0841, 
  0x0841, 0x0841, 0x0841, 0x0841, 0x0841, 0x0841, 0x0841, 0x0841, 0x0841, 0x0841, 0x0841, 0x0841, 0x0841, 0x0841, 0x0841, 0x0841, 
  0x0841, 0x0841, 0x0841, 0x0841, 0x0841, 0x0841, 0x0841, 0x0841, 0x0841, 0x0841, 0x0841, 0x0841, 0x0841, 0x0841, 0x0841, 0x0841, 
  0x0841, 0x0841, 0x0841, 0x0841, 0x0841, 0x0841, 0x0841, 0x0841, 0x0841, 0x0841, 0x0841, 0x0841, 0x0841, 0x0841, 0x0841, 0x0020, 
  0x0020, 0x0841, 0x0841, 0x0841, 0x0841, 0x0841, 0x0841, 0x0841, 0x0841, 0x0841, 0x0841, 0x0841, 0x0841, 0x0841, 0x0841, 0x0841, 
  0x0841, 0x0841, 0x0841, 0x0841, 0x0841, 0x0841, 0x0841, 0x0841, 0x0841, 0x0841, 0x0841, 0x0841, 0x0841, 0x0841, 0x0841, 0x0841, 
  0x0841, 0x0841, 0x0841, 0x0841, 0x0841, 0x0001, 0x0905, 0x4C94, 0x11C8, 0x0042, 0x0883, 0x0083, 0x1AD0, 0x3C76, 0x3C76, 0x5369, 
  0x3BAF, 0x3B90, 0x0042, 0x0042, 0x0021, 0x0021, 0x0042, 0x0021, 0x0042, 0x0862, 0x0862, 0x0842, 0x0842, 0x0842, 0x0842, 0x0842, 
  0x0842, 0x0022, 0x0021, 0x0021, 0x0042, 0x0041, 0x0021, 0x7577, 0x3B6F, 0x0107, 0x33F5, 0x3C97, 0x2330, 0x0883, 0x10E5, 0x08C4, 
  0x2AED, 0x3C12, 0x1A2A, 0x0021, 0x0841, 0x0841, 0x0841, 0x0841, 0x0841, 0x0841, 0x0841, 0x0841, 0x0841, 0x0841, 0x0841, 0x0841, 
  0x0841, 0x0841, 0x0841, 0x0841, 0x0841, 0x0841, 0x0841, 0x0841, 0x0841, 0x0841, 0x0841, 0x0841, 0x0841, 0x0841, 0x0841, 0x0841, 
  0x0841, 0x0841, 0x0000, 0x1104, 0x19C9, 0x0062, 0x0841, 0x0862, 0x0861, 0x0862, 0x0861, 0x0862, 0x0862, 0x0862, 0x0862, 0x0861, 
  0x08A3, 0x0862, 0x0862, 0x0862, 0x0862, 0x0883, 0x0883, 0x08A3, 0x0883, 0x08A4, 0x08A4, 0x08C5, 0x0905, 0x08C5, 0x08C5, 0x08E5, 
  0x08E5, 0x09A9, 0x0A4C, 0x09C9, 0x11E9, 0x1A6D, 0x11C9, 0x0926, 0x0987, 0x0946, 0x0906, 0x1188, 0x1167, 0x0967, 0x11C9, 0x126C, 
  0x2392, 0x4D38, 0x3C35, 0x124C, 0x11A8, 0x1168, 0x0925, 0x19C9, 0x11C8, 0x11A9, 0x128D, 0x3C13, 0x6DDA, 0x559A, 0x1ACF, 0x01A9, 
  0x0A0B, 0x0926, 0x08E5, 0x08C5, 0x08C4, 0x08E5, 0x08E5, 0x08C4, 0x08A4, 0x08A3, 0x0883, 0x08A3, 0x0883, 0x0862, 0x0862, 0x0862, 
  0x0862, 0x0861, 0x0862, 0x0861, 0x0861, 0x0862, 0x0861, 0x0862, 0x0861, 0x0862, 0x0861, 0x0882, 0x0021, 0x08E4, 0x19E9, 0x0861, 
  0x0820, 0x0841, 0x0841, 0x0841, 0x0841, 0x0841, 0x0841, 0x0841, 0x0841, 0x0841, 0x0841, 0x0841, 0x0841, 0x0841, 0x0841, 0x0841, 
  0x0841, 0x0841, 0x0841, 0x0841, 0x0841, 0x0841, 0x0841, 0x0841, 0x0841, 0x0841, 0x0841, 0x0841, 0x0841, 0x0841, 0x0841, 0x0841, 
  0x0841, 0x0841, 0x0841, 0x0841, 0x0841, 0x0841, 0x0841, 0x0841, 0x0841, 0x0841, 0x0841, 0x0841, 0x0841, 0x0841, 0x0841, 0x0841, 
  0x0841, 0x0841, 0x0841, 0x0841, 0x0841, 0x0841, 0x0841, 0x0841, 0x0841, 0x0841, 0x0841, 0x0841, 0x0841, 0x0841, 0x0841, 0x0841, 
  0x0841, 0x0841, 0x0841, 0x0841, 0x0841, 0x0841, 0x0841, 0x0841, 0x0841, 0x0841, 0x0841, 0x0841, 0x0841, 0x0841, 0x0841, 0x0841, 
  0x0841, 0x0841, 0x0841, 0x0841, 0x0841, 0x0841, 0x0841, 0x0841, 0x0841, 0x0841, 0x0841, 0x0841, 0x0841, 0x0841, 0x0841, 0x0841, 
  0x0841, 0x0841, 0x0841, 0x0841, 0x0841, 0x0841, 0x0841, 0x0841, 0x0841, 0x0841, 0x0841, 0x0841, 0x0841, 0x0841, 0x0841, 0x0020, 
  0x0020, 0x0841, 0x0841, 0x0841, 0x0841, 0x0841, 0x0841, 0x0841, 0x0841, 0x0841, 0x0841, 0x0841, 0x0841, 0x0841, 0x0841, 0x0841, 
  0x0841, 0x0841, 0x0841, 0x0841, 0x0841, 0x0841, 0x0841, 0x0841, 0x0841, 0x0841, 0x0841, 0x0841, 0x0841, 0x0841, 0x0841, 0x0841, 
  0x0841, 0x0841, 0x0841, 0x0841, 0x0841, 0x0001, 0x19C8, 0x5D16, 0x0926, 0x0062, 0x08E4, 0x0906, 0x1AD1, 0x3436, 0x4453, 0x4AC8, 
  0x5494, 0x4C53, 0x0001, 0x0001, 0x0042, 0x0042, 0x0000, 0x0021, 0x0863, 0x0042, 0x0001, 0x0021, 0x0001, 0x0021, 0x0021, 0x0862, 
  0x0001, 0x0022, 0x0001, 0x0021, 0x0000, 0x0021, 0x0000, 0x4BD1, 0x5D16, 0x00C5, 0x2311, 0x3436, 0x2BB3, 0x08C5, 0x0842, 0x0022, 
  0x330E, 0x4CD5, 0x228C, 0x0021, 0x0821, 0x0841, 0x0841, 0x0841, 0x0841, 0x0841, 0x0841, 0x0841, 0x0841, 0x0841, 0x0841, 0x0841, 
  0x0841, 0x0841, 0x0841, 0x0841, 0x0841, 0x0841, 0x0841, 0x0841, 0x0841, 0x0841, 0x0841, 0x0841, 0x0841, 0x0841, 0x0841, 0x0841, 
  0x0821, 0x0841, 0x0841, 0x0000, 0x10E4, 0x322A, 0x0883, 0x0821, 0x0841, 0x0861, 0x0841, 0x0841, 0x0841, 0x0841, 0x0841, 0x0020, 
  0x1105, 0x10C4, 0x0041, 0x0861, 0x0862, 0x0883, 0x0883, 0x0883, 0x08A4, 0x08C5, 0x08C4, 0x0905, 0x0906, 0x08C4, 0x08C4, 0x08E5, 
  0x0905, 0x0A0B, 0x01C9, 0x1A8D, 0x1AEF, 0x33F3, 0x2B70, 0x2B30, 0x11E9, 0x0926, 0x11C9, 0x1188, 0x1188, 0x1188, 0x09C9, 0x1310, 
  0x3476, 0x761B, 0x5D9A, 0x2C14, 0x126C, 0x0987, 0x19E9, 0x1188, 0x19E9, 0x0967, 0x43D2, 0x4496, 0xA67A, 0x9EDE, 0x3435, 0x09C9, 
  0x0A4C, 0x09A8, 0x08E5, 0x08C5, 0x08C4, 0x08E5, 0x0906, 0x08E5, 0x00C4, 0x08C4, 0x0083, 0x0883, 0x0883, 0x0062, 0x0862, 0x0841, 
  0x0861, 0x0841, 0x0841, 0x0841, 0x0841, 0x0841, 0x0041, 0x0841, 0x0040, 0x0841, 0x0841, 0x0020, 0x1126, 0x3A2A, 0x0041, 0x0821, 
  0x0821, 0x0841, 0x0841, 0x0841, 0x0841, 0x0841, 0x0841, 0x0841, 0x0841, 0x0841, 0x0841, 0x0841, 0x0841, 0x0841, 0x0841, 0x0841, 
  0x0841, 0x0841, 0x0841, 0x0841, 0x0841, 0x0841, 0x0841, 0x0841, 0x0841, 0x0841, 0x0841, 0x0841, 0x0841, 0x0841, 0x0841, 0x0841, 
  0x0841, 0x0841, 0x0841, 0x0841, 0x0841, 0x0841, 0x0841, 0x0841, 0x0841, 0x0841, 0x0841, 0x0841, 0x0841, 0x0841, 0x0841, 0x0841, 
  0x0841, 0x0841, 0x0841, 0x0841, 0x0841, 0x0841, 0x0841, 0x0841, 0x0841, 0x0841, 0x0841, 0x0841, 0x0841, 0x0841, 0x0841, 0x0841, 
  0x0841, 0x0841, 0x0841, 0x0841, 0x0841, 0x0841, 0x0841, 0x0841, 0x0841, 0x0841, 0x0841, 0x0841, 0x0841, 0x0841, 0x0841, 0x0841, 
  0x0841, 0x0841, 0x0841, 0x0841, 0x0841, 0x0841, 0x0841, 0x0841, 0x0841, 0x0841, 0x0841, 0x0841, 0x0841, 0x0841, 0x0841, 0x0841, 
  0x0841, 0x0841, 0x0841, 0x0841, 0x0841, 0x0841, 0x0841, 0x0841, 0x0841, 0x0841, 0x0841, 0x0841, 0x0841, 0x0841, 0x0841, 0x0020, 
  0x0020, 0x0841, 0x0841, 0x0841, 0x0841, 0x0841, 0x0841, 0x0841, 0x0841, 0x0841, 0x0841, 0x0841, 0x0841, 0x0841, 0x0841, 0x0841, 
  0x0841, 0x0841, 0x0841, 0x0841, 0x0841, 0x0841, 0x0841, 0x0841, 0x0841, 0x0841, 0x0841, 0x0841, 0x0841, 0x0841, 0x0841, 0x0841, 
  0x0841, 0x0841, 0x0841, 0x0841, 0x0841, 0x0001, 0x224A, 0x6DB8, 0x0105, 0x0042, 0x0062, 0x0907, 0x2373, 0x2C56, 0x43F0, 0x42A7, 
  0x4CD5, 0x2AED, 0x08E4, 0x3229, 0x0063, 0x0042, 0x4ACB, 0x2187, 0x0042, 0x1105, 0x42AC, 0x326B, 0x3A4A, 0x2A09, 0x29C8, 0x0021, 
  0x3A6B, 0x29C8, 0x29E8, 0x08A4, 0x42AB, 0x326B, 0x1926, 0x19A8, 0x54F6, 0x0147, 0x1A8F, 0x3436, 0x33F4, 0x0947, 0x08C4, 0x0863, 
  0x00A3, 0x4494, 0x230E, 0x0042, 0x0841, 0x0841, 0x0841, 0x0841, 0x0841, 0x0841, 0x0841, 0x0841, 0x0841, 0x0841, 0x0841, 0x0841, 
  0x0841, 0x0841, 0x0841, 0x0841, 0x0841, 0x0841, 0x0841, 0x0841, 0x0841, 0x0841, 0x0841, 0x0841, 0x0841, 0x0841, 0x0841, 0x0841, 
  0x0841, 0x0841, 0x0841, 0x0841, 0x0821, 0x3105, 0x11C8, 0x08E4, 0x0020, 0x0862, 0x0861, 0x0862, 0x0862, 0x0862, 0x0862, 0x0841, 
  0x08C3, 0x0882, 0x0862, 0x0862, 0x0883, 0x0883, 0x0882, 0x08A4, 0x08C4, 0x08C5, 0x08C5, 0x0906, 0x0906, 0x08C4, 0x08E5, 0x08E5, 
  0x0947, 0x0A6C, 0x09EA, 0x22CE, 0x1B51, 0x7DD9, 0x6D57, 0x4D39, 0x32AD, 0x0988, 0x1A6C, 0x1A2B, 0x1A6C, 0x128D, 0x3414, 0x5CD6, 
  0xB6BC, 0xE7BE, 0xDF9E, 0xA6DC, 0x5559, 0x2391, 0x0A6C, 0x1A4C, 0x11A8, 0x11C9, 0x1A4B, 0x33F3, 0x6537, 0x75FB, 0x3435, 0x122B, 
  0x0A6C, 0x0A2B, 0x08E5, 0x08E5, 0x08C4, 0x08E5, 0x0926, 0x08E5, 0x08C5, 0x08C4, 0x08A4, 0x0884, 0x0863, 0x0883, 0x0862, 0x0862, 
  0x0862, 0x0862, 0x0862, 0x0861, 0x0861, 0x0862, 0x0861, 0x0862, 0x0861, 0x0862, 0x0041, 0x1166, 0x21A8, 0x30A3, 0x0020, 0x0841, 
  0x0841, 0x0841, 0x0841, 0x0841, 0x0841, 0x0841, 0x0841, 0x0841, 0x0841, 0x0841, 0x0841, 0x0841, 0x0841, 0x0841, 0x0841, 0x0841, 
  0x0841, 0x0841, 0x0841, 0x0841, 0x0841, 0x0841, 0x0841, 0x0841, 0x0841, 0x0841, 0x0841, 0x0841, 0x0841, 0x0841, 0x0841, 0x0841, 
  0x0841, 0x0841, 0x0841, 0x0841, 0x0841, 0x0841, 0x0841, 0x0841, 0x0841, 0x0841, 0x0841, 0x0841, 0x0841, 0x0841, 0x0841, 0x0841, 
  0x0841, 0x0841, 0x0841, 0x0841, 0x0841, 0x0841, 0x0841, 0x0841, 0x0841, 0x0841, 0x0841, 0x0841, 0x0841, 0x0841, 0x0841, 0x0841, 
  0x0841, 0x0841, 0x0841, 0x0841, 0x0841, 0x0841, 0x0841, 0x0841, 0x0841, 0x0841, 0x0841, 0x0841, 0x0841, 0x0841, 0x0841, 0x0841, 
  0x0841, 0x0841, 0x0841, 0x0841, 0x0841, 0x0841, 0x0841, 0x0841, 0x0841, 0x0841, 0x0841, 0x0841, 0x0841, 0x0841, 0x0841, 0x0841, 
  0x0841, 0x0841, 0x0841, 0x0841, 0x0841, 0x0841, 0x0841, 0x0841, 0x0841, 0x0841, 0x0841, 0x0841, 0x0841, 0x0841, 0x0841, 0x0020, 
  0x0020, 0x0841, 0x0841, 0x0841, 0x0841, 0x0841, 0x0841, 0x0841, 0x0841, 0x0841, 0x0841, 0x0841, 0x0841, 0x0841, 0x0841, 0x0841, 
  0x0841, 0x0841, 0x0841, 0x0841, 0x0841, 0x0841, 0x0841, 0x0841, 0x0841, 0x0841, 0x0841, 0x0841, 0x0841, 0x0841, 0x0841, 0x0841, 
  0x0841, 0x0841, 0x0841, 0x0841, 0x0841, 0x0001, 0x2AAC, 0x6578, 0x00E4, 0x0883, 0x08E5, 0x0948, 0x2373, 0x3436, 0x4BAF, 0x42C9, 
  0x33D2, 0x00E5, 0x326A, 0xBE9B, 0x0084, 0x6C11, 0xCEFC, 0xB65A, 0x10E5, 0x428B, 0xCF1C, 0x9596, 0x9D96, 0x2A09, 0xA5B7, 0x6BF0, 
  0x84D4, 0x5B6E, 0x9D96, 0x1146, 0xAE39, 0x8D56, 0x63D0, 0x0022, 0x3BF1, 0x11C9, 0x122D, 0x33F5, 0x3435, 0x11EB, 0x0042, 0x0021, 
  0x21E9, 0x4CB5, 0x22ED, 0x0042, 0x0821, 0x0841, 0x0841, 0x0841, 0x0841, 0x0841, 0x0841, 0x0841, 0x0841, 0x0841, 0x0841, 0x0841, 
  0x0841, 0x0841, 0x0841, 0x0841, 0x0841, 0x0841, 0x0841, 0x0841, 0x0841, 0x0841, 0x0841, 0x0841, 0x0841, 0x0841, 0x0841, 0x0841, 
  0x0841, 0x0841, 0x0841, 0x0841, 0x1062, 0x30A3, 0x1883, 0x21E9, 0x0926, 0x0841, 0x0841, 0x0861, 0x0841, 0x0841, 0x0861, 0x0861, 
  0x0861, 0x0841, 0x0862, 0x0862, 0x0882, 0x0862, 0x08A3, 0x08A4, 0x08A4, 0x08E5, 0x08C4, 0x0905, 0x0905, 0x08C5, 0x08E5, 0x08E5, 
  0x0988, 0x0AAD, 0x09EA, 0x1A8D, 0x2352, 0x6D98, 0x5D58, 0x2BF3, 0x1167, 0x1A4B, 0x2B71, 0x6D78, 0x4496, 0x3CF8, 0x863B, 0xC6FC, 
  0x7516, 0x85F9, 0x7578, 0xBEFC, 0xC75D, 0x75DB, 0x4D18, 0x6557, 0x4BB1, 0x1A4C, 0x0906, 0x5453, 0x3BF3, 0x124C, 0x1A8D, 0x120A, 
  0x0A2C, 0x0A4C, 0x00E5, 0x08E5, 0x08E5, 0x08E5, 0x0906, 0x08E5, 0x08C4, 0x08C5, 0x08A4, 0x08A4, 0x0882, 0x0862, 0x0882, 0x0841, 
  0x0861, 0x0841, 0x0861, 0x0861, 0x0841, 0x0861, 0x0841, 0x0862, 0x0820, 0x0062, 0x19C8, 0x0946, 0x1022, 0x28C4, 0x0041, 0x0840, 
  0x0841, 0x0841, 0x0841, 0x0841, 0x0841, 0x0841, 0x0841, 0x0841, 0x0841, 0x0841, 0x0841, 0x0841, 0x0841, 0x0841, 0x0841, 0x0841, 
  0x0841, 0x0841, 0x0841, 0x0841, 0x0841, 0x0841, 0x0841, 0x0841, 0x0841, 0x0841, 0x0841, 0x0841, 0x0841, 0x0841, 0x0841, 0x0841, 
  0x0841, 0x0841, 0x0841, 0x0841, 0x0841, 0x0841, 0x0841, 0x0841, 0x0841, 0x0841, 0x0841, 0x0841, 0x0841, 0x0841, 0x0841, 0x0841, 
  0x0841, 0x0841, 0x0841, 0x0841, 0x0841, 0x0841, 0x0841, 0x0841, 0x0841, 0x0841, 0x0841, 0x0841, 0x0841, 0x0841, 0x0841, 0x0841, 
  0x0841, 0x0841, 0x0841, 0x0841, 0x0841, 0x0841, 0x0841, 0x0841, 0x0841, 0x0841, 0x0841, 0x0841, 0x0841, 0x0841, 0x0841, 0x0841, 
  0x0841, 0x0841, 0x0841, 0x0841, 0x0841, 0x0841, 0x0841, 0x0841, 0x0841, 0x0841, 0x0841, 0x0841, 0x0841, 0x0841, 0x0841, 0x0841, 
  0x0841, 0x0841, 0x0841, 0x0841, 0x0841, 0x0841, 0x0841, 0x0841, 0x0841, 0x0841, 0x0841, 0x0841, 0x0841, 0x0841, 0x0841, 0x0020, 
  0x0020, 0x0841, 0x0841, 0x0841, 0x0841, 0x0841, 0x0841, 0x0841, 0x0841, 0x0841, 0x0841, 0x0841, 0x0841, 0x0841, 0x0841, 0x0841, 
  0x0841, 0x0841, 0x0841, 0x0841, 0x0841, 0x0841, 0x0841, 0x0841, 0x0841, 0x0841, 0x0841, 0x0841, 0x0841, 0x0841, 0x0841, 0x0841, 
  0x0841, 0x0841, 0x0841, 0x0841, 0x0862, 0x0001, 0x2AAC, 0x5D57, 0x00E4, 0x0042, 0x0083, 0x00A4, 0x0947, 0x11CA, 0x3A49, 0x3AA8, 
  0x44B5, 0x11A8, 0x4B0D, 0x6C31, 0x21C9, 0x84F4, 0x3A8B, 0x6C31, 0x532E, 0x326B, 0x7431, 0x6BF0, 0x4B0D, 0x08C5, 0x4B0C, 0x9D76, 
  0x1146, 0x42ED, 0x6C11, 0x19C9, 0x536F, 0x7CB3, 0x6BD0, 0x10E5, 0x3390, 0x11C9, 0x0A0D, 0x2BB3, 0x2BD4, 0x1A2C, 0x08C4, 0x0041, 
  0x32ED, 0x5D17, 0x22AD, 0x0042, 0x0821, 0x0841, 0x0841, 0x0841, 0x0841, 0x0841, 0x0841, 0x0841, 0x0841, 0x0841, 0x0841, 0x0841, 
  0x0841, 0x0841, 0x0841, 0x0841, 0x0841, 0x0841, 0x0841, 0x0841, 0x0841, 0x0841, 0x0841, 0x0841, 0x0841, 0x0841, 0x0841, 0x0841, 
  0x0841, 0x0841, 0x0841, 0x0841, 0x0841, 0x38E4, 0x48E5, 0x38C4, 0x2187, 0x1188, 0x0042, 0x0841, 0x0862, 0x0841, 0x0861, 0x0841, 
  0x0862, 0x0861, 0x0882, 0x0882, 0x0882, 0x0882, 0x08A3, 0x08A4, 0x08A4, 0x08C5, 0x08C4, 0x0905, 0x0906, 0x0926, 0x0947, 0x08E5, 
  0x09C9, 0x0A8D, 0x09C9, 0x11E9, 0x22EF, 0x2B91, 0x3C35, 0x43B1, 0x0905, 0x22EE, 0x4454, 0x6DB8, 0x6E1C, 0x6DDA, 0xEFDF, 0x7D57, 
  0x8598, 0xCF3D, 0xB6DC, 0x6516, 0xEFBE, 0xBEFD, 0x8E9D, 0x869C, 0x3BB1, 0x0947, 0x1167, 0x08E5, 0x1126, 0x2A0A, 0x19E9, 0x1A2B, 
  0x0A0B, 0x0A6C, 0x0906, 0x0905, 0x0947, 0x0926, 0x0906, 0x08E5, 0x08C4, 0x08C4, 0x08A4, 0x08A3, 0x0883, 0x0862, 0x0882, 0x0862, 
  0x0862, 0x0841, 0x0862, 0x0861, 0x0841, 0x0862, 0x0861, 0x0041, 0x08A3, 0x19E9, 0x08E4, 0x1041, 0x2083, 0x28A3, 0x0040, 0x0841, 
  0x0841, 0x0841, 0x0841, 0x0841, 0x0841, 0x0841, 0x0841, 0x0841, 0x0841, 0x0841, 0x0841, 0x0841, 0x0841, 0x0841, 0x0841, 0x0841, 
  0x0841, 0x0841, 0x0841, 0x0841, 0x0841, 0x0841, 0x0841, 0x0841, 0x0841, 0x0841, 0x0841, 0x0841, 0x0841, 0x0841, 0x0841, 0x0841, 
  0x0841, 0x0841, 0x0841, 0x0841, 0x0841, 0x0841, 0x0841, 0x0841, 0x0841, 0x0841, 0x0841, 0x0841, 0x0841, 0x0841, 0x0841, 0x0841, 
  0x0841, 0x0841, 0x0841, 0x0841, 0x0841, 0x0841, 0x0841, 0x0841, 0x0841, 0x0841, 0x0841, 0x0841, 0x0841, 0x0841, 0x0841, 0x0841, 
  0x0841, 0x0841, 0x0841, 0x0841, 0x0841, 0x0841, 0x0841, 0x0841, 0x0841, 0x0841, 0x0841, 0x0841, 0x0841, 0x0841, 0x0841, 0x0841, 
  0x0841, 0x0841, 0x0841, 0x0841, 0x0841, 0x0841, 0x0841, 0x0841, 0x0841, 0x0841, 0x0841, 0x0841, 0x0841, 0x0841, 0x0841, 0x0841, 
  0x0841, 0x0841, 0x0841, 0x0841, 0x0841, 0x0841, 0x0841, 0x0841, 0x0841, 0x0841, 0x0841, 0x0841, 0x0841, 0x0841, 0x0841, 0x0020, 
  0x0020, 0x0841, 0x0841, 0x0841, 0x0841, 0x0841, 0x0841, 0x0841, 0x0841, 0x0841, 0x0841, 0x0841, 0x0841, 0x0841, 0x0841, 0x0841, 
  0x0841, 0x0841, 0x0841, 0x0841, 0x0841, 0x0841, 0x0841, 0x0841, 0x0841, 0x0841, 0x0841, 0x0841, 0x0841, 0x0841, 0x0841, 0x0841, 
  0x0841, 0x0841, 0x0841, 0x0841, 0x0862, 0x0021, 0x224B, 0x5D58, 0x00E5, 0x0883, 0x1106, 0x0083, 0x0042, 0x0022, 0x5204, 0x4A87, 
  0x4CF7, 0x332E, 0x0021, 0x0042, 0x08A4, 0x0042, 0x0043, 0x0042, 0x0083, 0x0063, 0x0042, 0x0022, 0x0083, 0x0883, 0x0042, 0x0001, 
  0x0863, 0x0063, 0x0042, 0x08A3, 0x0883, 0x0042, 0x0001, 0x0083, 0x3370, 0x0967, 0x0A0D, 0x2BB4, 0x33D4, 0x1A0B, 0x0863, 0x0021, 
  0x32ED, 0x865B, 0x332F, 0x0021, 0x0841, 0x0841, 0x0841, 0x0841, 0x0841, 0x0841, 0x0841, 0x0841, 0x0841, 0x0841, 0x0841, 0x0841, 
  0x0841, 0x0841, 0x0841, 0x0841, 0x0841, 0x0841, 0x0841, 0x0841, 0x0841, 0x0841, 0x0841, 0x0841, 0x0841, 0x0841, 0x0841, 0x0841, 
  0x0841, 0x0841, 0x0841, 0x0841, 0x0020, 0x30A4, 0x6967, 0x40C4, 0x3083, 0x1105, 0x11C9, 0x0883, 0x0841, 0x0862, 0x0861, 0x1083, 
  0x08A3, 0x0841, 0x0882, 0x0882, 0x0862, 0x0883, 0x0883, 0x08A4, 0x08A4, 0x08C5, 0x0906, 0x0906, 0x0906, 0x0946, 0x0927, 0x08C5, 
  0x0A0A, 0x0A6D, 0x09A9, 0x0966, 0x11C8, 0x0967, 0x1188, 0x0926, 0x08E5, 0x3351, 0x2B30, 0x1AAE, 0x3C97, 0x8E5B, 0xE79E, 0xC6FB, 
  0xD77E, 0x43F3, 0x9DF9, 0xDF7D, 0xDF7D, 0xBEFC, 0x3CD8, 0x2C76, 0x1B71, 0x1A6C, 0x1167, 0x00C3, 0x1105, 0x5BD0, 0x4B2D, 0x22AC, 
  0x0A0B, 0x0A8D, 0x0947, 0x08E5, 0x0947, 0x0926, 0x0905, 0x0906, 0x0905, 0x08C5, 0x08A4, 0x08A3, 0x0883, 0x0863, 0x0882, 0x0862, 
  0x0862, 0x0841, 0x0841, 0x0841, 0x0841, 0x0862, 0x0020, 0x08E5, 0x19E9, 0x0883, 0x2062, 0x4905, 0x40E5, 0x2082, 0x0041, 0x0841, 
  0x0841, 0x0841, 0x0841, 0x0841, 0x0841, 0x0841, 0x0841, 0x0841, 0x0841, 0x0841, 0x0841, 0x0841, 0x0841, 0x0841, 0x0841, 0x0841, 
  0x0841, 0x0841, 0x0841, 0x0841, 0x0841, 0x0841, 0x0841, 0x0841, 0x0841, 0x0841, 0x0841, 0x0841, 0x0841, 0x0841, 0x0841, 0x0841, 
  0x0841, 0x0841, 0x0841, 0x0841, 0x0841, 0x0841, 0x0841, 0x0841, 0x0841, 0x0841, 0x0841, 0x0841, 0x0841, 0x0841, 0x0841, 0x0841, 
  0x0841, 0x0841, 0x0841, 0x0841, 0x0841, 0x0841, 0x0841, 0x0841, 0x0841, 0x0841, 0x0841, 0x0841, 0x0841, 0x0841, 0x0841, 0x0841, 
  0x0841, 0x0841, 0x0841, 0x0841, 0x0841, 0x0841, 0x0841, 0x0841, 0x0841, 0x0841, 0x0841, 0x0841, 0x0841, 0x0841, 0x0841, 0x0841, 
  0x0841, 0x0841, 0x0841, 0x0841, 0x0841, 0x0841, 0x0841, 0x0841, 0x0841, 0x0841, 0x0841, 0x0841, 0x0841, 0x0841, 0x0841, 0x0841, 
  0x0841, 0x0841, 0x0841, 0x0841, 0x0841, 0x0841, 0x0841, 0x0841, 0x0841, 0x0841, 0x0841, 0x0841, 0x0841, 0x0841, 0x0841, 0x0020, 
  0x0020, 0x0841, 0x0841, 0x0841, 0x0841, 0x0841, 0x0841, 0x0841, 0x0841, 0x0841, 0x0841, 0x0841, 0x0841, 0x0841, 0x0841, 0x0841, 
  0x0841, 0x0841, 0x0841, 0x0841, 0x0841, 0x0841, 0x0841, 0x0841, 0x0841, 0x0841, 0x0841, 0x0841, 0x0841, 0x0841, 0x0841, 0x0841, 
  0x0841, 0x0841, 0x0841, 0x0841, 0x0841, 0x0021, 0x19E9, 0x5D78, 0x0947, 0x0042, 0x0083, 0x0884, 0x0063, 0x0863, 0x5204, 0x39E5, 
  0x4454, 0x4412, 0x0021, 0x0862, 0x0042, 0x0062, 0x0042, 0x0862, 0x0862, 0x0042, 0x0042, 0x0842, 0x0042, 0x0041, 0x0842, 0x0842, 
  0x0842, 0x0041, 0x0041, 0x0021, 0x0001, 0x0041, 0x0001, 0x08A4, 0x2B4F, 0x0906, 0x0A0D, 0x2B93, 0x2BB3, 0x19EA, 0x08C4, 0x0001, 
  0x32CD, 0x75FA, 0x226B, 0x0041, 0x0841, 0x0841, 0x0841, 0x0841, 0x0841, 0x0841, 0x0841, 0x0841, 0x0841, 0x0841, 0x0841, 0x0841, 
  0x0841, 0x0841, 0x0841, 0x0841, 0x0841, 0x0841, 0x0841, 0x0841, 0x0841, 0x0841, 0x0841, 0x0841, 0x0841, 0x0841, 0x0841, 0x0841, 
  0x0841, 0x0841, 0x0841, 0x0841, 0x0020, 0x2083, 0x6947, 0x4905, 0x2083, 0x30A4, 0x10C4, 0x11E9, 0x08C3, 0x0020, 0x0841, 0x10C4, 
  0x1925, 0x0041, 0x0862, 0x0061, 0x0862, 0x0883, 0x0883, 0x08A4, 0x08A4, 0x08A4, 0x0905, 0x0967, 0x0906, 0x08E5, 0x08E5, 0x08E5, 
  0x0A0B, 0x0A8D, 0x09C9, 0x0946, 0x1146, 0x0904, 0x1126, 0x08E4, 0x00E4, 0x2B30, 0x1A4C, 0x09C9, 0x1B72, 0x75DA, 0xEFBE, 0xB6DB, 
  0xDF7E, 0x5495, 0xA619, 0xCF3D, 0xD73D, 0xA65A, 0x1331, 0x2310, 0x1A6C, 0x11E9, 0x0926, 0x1167, 0x11CA, 0x4391, 0x5C73, 0x228C, 
  0x09EA, 0x0A6C, 0x0947, 0x08E5, 0x08E5, 0x08E5, 0x0906, 0x0947, 0x00E5, 0x08A4, 0x08A4, 0x08A4, 0x0883, 0x0882, 0x0862, 0x0861, 
  0x0862, 0x0841, 0x0861, 0x0861, 0x0861, 0x0021, 0x1125, 0x11C8, 0x0062, 0x0841, 0x28C4, 0x40E5, 0x40E5, 0x1862, 0x0041, 0x0841, 
  0x0841, 0x0841, 0x0841, 0x0841, 0x0841, 0x0841, 0x0841, 0x0841, 0x0841, 0x0841, 0x0841, 0x0841, 0x0841, 0x0841, 0x0841, 0x0841, 
  0x0841, 0x0841, 0x0841, 0x0841, 0x0841, 0x0841, 0x0841, 0x0841, 0x0841, 0x0841, 0x0841, 0x0841, 0x0841, 0x0841, 0x0841, 0x0841, 
  0x0841, 0x0841, 0x0841, 0x0841, 0x0841, 0x0841, 0x0841, 0x0841, 0x0841, 0x0841, 0x0841, 0x0841, 0x0841, 0x0841, 0x0841, 0x0841, 
  0x0841, 0x0841, 0x0841, 0x0841, 0x0841, 0x0841, 0x0841, 0x0841, 0x0841, 0x0841, 0x0841, 0x0841, 0x0841, 0x0841, 0x0841, 0x0841, 
  0x0841, 0x0841, 0x0841, 0x0841, 0x0841, 0x0841, 0x0841, 0x0841, 0x0841, 0x0841, 0x0841, 0x0841, 0x0841, 0x0841, 0x0841, 0x0841, 
  0x0841, 0x0841, 0x0841, 0x0841, 0x0841, 0x0841, 0x0841, 0x0841, 0x0841, 0x0841, 0x0841, 0x0841, 0x0841, 0x0841, 0x0841, 0x0841, 
  0x0841, 0x0841, 0x0841, 0x0841, 0x0841, 0x0841, 0x0841, 0x0841, 0x0841, 0x0841, 0x0841, 0x0841, 0x0841, 0x0841, 0x0841, 0x0020, 
  0x0020, 0x0841, 0x0841, 0x0841, 0x0841, 0x0841, 0x0841, 0x0841, 0x0841, 0x0841, 0x0841, 0x0841, 0x0841, 0x0841, 0x0841, 0x0841, 
  0x0841, 0x0841, 0x0841, 0x0841, 0x0841, 0x0841, 0x0841, 0x0841, 0x0841, 0x0841, 0x0841, 0x0841, 0x0841, 0x0841, 0x0841, 0x0841, 
  0x0841, 0x0841, 0x0841, 0x0841, 0x0041, 0x0021, 0x0946, 0x5D78, 0x11E9, 0x0042, 0x1105, 0x08A4, 0x0063, 0x0062, 0x3184, 0x31A5, 
  0x2B0E, 0x5D17, 0x00A3, 0x0022, 0x0042, 0x0882, 0x0042, 0x0042, 0x0042, 0x0042, 0x0042, 0x0021, 0x0021, 0x0021, 0x0021, 0x0821, 
  0x0041, 0x0021, 0x0001, 0x0001, 0x0001, 0x0021, 0x0000, 0x19A8, 0x22CD, 0x0107, 0x126F, 0x2352, 0x2352, 0x1167, 0x0863, 0x0021, 
  0x21EA, 0x1A2A, 0x00A3, 0x0042, 0x0820, 0x0841, 0x0841, 0x0841, 0x0841, 0x0841, 0x0841, 0x0841, 0x0841, 0x0841, 0x0841, 0x0841, 
  0x0841, 0x0841, 0x0841, 0x0841, 0x0841, 0x0841, 0x0841, 0x0841, 0x0841, 0x0841, 0x0841, 0x0841, 0x0841, 0x0841, 0x0841, 0x0841, 
  0x0841, 0x0841, 0x0841, 0x0841, 0x0020, 0x1862, 0x40E5, 0x38C4, 0x0021, 0x1883, 0x38C4, 0x1083, 0x11C8, 0x0905, 0x0021, 0x0862, 
  0x0862, 0x0841, 0x0863, 0x18A4, 0x0883, 0x0883, 0x08A3, 0x08C4, 0x08A4, 0x08A4, 0x00C4, 0x0968, 0x0926, 0x08C5, 0x08E5, 0x08C5, 
  0x09C9, 0x12EE, 0x09EA, 0x0947, 0x11E9, 0x0987, 0x0946, 0x1147, 0x00C4, 0x2B50, 0x1A0A, 0x0967, 0x12CE, 0x4496, 0xEFDF, 0x8DB8, 
  0x7DD8, 0xD73D, 0xA639, 0x64B4, 0xE7DE, 0x7578, 0x1B72, 0x122B, 0x11A8, 0x1187, 0x00C4, 0x4B90, 0x3C35, 0x3C35, 0x4CF6, 0x122B, 
  0x09EA, 0x0A2B, 0x0906, 0x0905, 0x08E5, 0x08C5, 0x0947, 0x0927, 0x08A4, 0x08A4, 0x08A4, 0x08A4, 0x0883, 0x0882, 0x0882, 0x0862, 
  0x0862, 0x0861, 0x0862, 0x0841, 0x0041, 0x1187, 0x1186, 0x0863, 0x1883, 0x0862, 0x0841, 0x1042, 0x30C4, 0x0841, 0x0041, 0x0841, 
  0x0841, 0x0841, 0x0841, 0x0841, 0x0841, 0x0841, 0x0841, 0x0841, 0x0841, 0x0841, 0x0841, 0x0841, 0x0841, 0x0841, 0x0841, 0x0841, 
  0x0841, 0x0841, 0x0841, 0x0841, 0x0841, 0x0841, 0x0841, 0x0841, 0x0841, 0x0841, 0x0841, 0x0841, 0x0841, 0x0841, 0x0841, 0x0841, 
  0x0841, 0x0841, 0x0841, 0x0841, 0x0841, 0x0841, 0x0841, 0x0841, 0x0841, 0x0841, 0x0841, 0x0841, 0x0841, 0x0841, 0x0841, 0x0841, 
  0x0841, 0x0841, 0x0841, 0x0841, 0x0841, 0x0841, 0x0841, 0x0841, 0x0841, 0x0841, 0x0841, 0x0841, 0x0841, 0x0841, 0x0841, 0x0841, 
  0x0841, 0x0841, 0x0841, 0x0841, 0x0841, 0x0841, 0x0841, 0x0841, 0x0841, 0x0841, 0x0841, 0x0841, 0x0841, 0x0841, 0x0841, 0x0841, 
  0x0841, 0x0841, 0x0841, 0x0841, 0x0841, 0x0841, 0x0841, 0x0841, 0x0841, 0x0841, 0x0841, 0x0841, 0x0841, 0x0841, 0x0841, 0x0841, 
  0x0841, 0x0841, 0x0841, 0x0841, 0x0841, 0x0841, 0x0841, 0x0841, 0x0841, 0x0841, 0x0841, 0x0841, 0x0841, 0x0841, 0x0841, 0x0020, 
  0x0020, 0x0841, 0x0841, 0x0841, 0x0841, 0x0841, 0x0841, 0x0841, 0x0841, 0x0841, 0x0841, 0x0841, 0x0841, 0x0841, 0x0841, 0x0841, 
  0x0841, 0x0841, 0x0841, 0x0841, 0x0841, 0x0841, 0x0841, 0x0841, 0x0841, 0x0841, 0x0841, 0x0841, 0x0841, 0x0841, 0x0841, 0x0841, 
  0x0841, 0x0841, 0x0841, 0x0841, 0x0841, 0x0042, 0x0083, 0x54F6, 0x2AEE, 0x0022, 0x0083, 0x08A4, 0x0883, 0x0042, 0x2123, 0x41E5, 
  0x19E8, 0x5D58, 0x1A4B, 0x0001, 0x0883, 0x0083, 0x0883, 0x0882, 0x0862, 0x0042, 0x0842, 0x0863, 0x0862, 0x0862, 0x0862, 0x0862, 
  0x0862, 0x0021, 0x0001, 0x0001, 0x0021, 0x0021, 0x0001, 0x2AEE, 0x11C9, 0x0169, 0x1AB0, 0x2B93, 0x22EF, 0x1147, 0x0883, 0x0042, 
  0x19C8, 0x0042, 0x0021, 0x0021, 0x0841, 0x0841, 0x0841, 0x0841, 0x0841, 0x0841, 0x0841, 0x0841, 0x0841, 0x0841, 0x0841, 0x0841, 
  0x0841, 0x0841, 0x0841, 0x0841, 0x0841, 0x0841, 0x0841, 0x0841, 0x0841, 0x0841, 0x0841, 0x0841, 0x0841, 0x0841, 0x0841, 0x0841, 
  0x0841, 0x0841, 0x0841, 0x0841, 0x0841, 0x0841, 0x30C3, 0x28A3, 0x38E4, 0x0020, 0x1062, 0x30C4, 0x1862, 0x422A, 0x1946, 0x0000, 
  0x0841, 0x0841, 0x0862, 0x18A4, 0x0862, 0x0862, 0x08A3, 0x08A3, 0x0883, 0x08A3, 0x08A3, 0x0906, 0x0927, 0x08C5, 0x08E5, 0x08E5, 
  0x0988, 0x0ACE, 0x09EA, 0x11A8, 0x228D, 0x1A8D, 0x1AEF, 0x4C55, 0x0905, 0x1A4B, 0x11C9, 0x0967, 0x126C, 0x2C56, 0x7DD9, 0xEFBE, 
  0x8DF9, 0x4C54, 0x6CF6, 0xDF7D, 0xBEFC, 0x4D19, 0x1B30, 0x11C9, 0x0925, 0x08E4, 0x1104, 0x5C53, 0x1330, 0x44D7, 0x4474, 0x0A0A, 
  0x0A2B, 0x0A2B, 0x00E5, 0x08E5, 0x08C4, 0x08C5, 0x0947, 0x08E5, 0x0883, 0x0883, 0x0883, 0x08A3, 0x0883, 0x0862, 0x0862, 0x0841, 
  0x0841, 0x0841, 0x0820, 0x0041, 0x29E9, 0x41E8, 0x0000, 0x1062, 0x1083, 0x0841, 0x0020, 0x1862, 0x28C4, 0x0020, 0x0841, 0x0841, 
  0x0841, 0x0841, 0x0841, 0x0841, 0x0841, 0x0841, 0x0841, 0x0841, 0x0841, 0x0841, 0x0841, 0x0841, 0x0841, 0x0841, 0x0841, 0x0841, 
  0x0841, 0x0841, 0x0841, 0x0841, 0x0841, 0x0841, 0x0841, 0x0841, 0x0841, 0x0841, 0x0841, 0x0841, 0x0841, 0x0841, 0x0841, 0x0841, 
  0x0841, 0x0841, 0x0841, 0x0841, 0x0841, 0x0841, 0x0841, 0x0841, 0x0841, 0x0841, 0x0841, 0x0841, 0x0841, 0x0841, 0x0841, 0x0841, 
  0x0841, 0x0841, 0x0841, 0x0841, 0x0841, 0x0841, 0x0841, 0x0841, 0x0841, 0x0841, 0x0841, 0x0841, 0x0841, 0x0841, 0x0841, 0x0841, 
  0x0841, 0x0841, 0x0841, 0x0841, 0x0841, 0x0841, 0x0841, 0x0841, 0x0841, 0x0841, 0x0841, 0x0841, 0x0841, 0x0841, 0x0841, 0x0841, 
  0x0841, 0x0841, 0x0841, 0x0841, 0x0841, 0x0841, 0x0841, 0x0841, 0x0841, 0x0841, 0x0841, 0x0841, 0x0841, 0x0841, 0x0841, 0x0841, 
  0x0841, 0x0841, 0x0841, 0x0841, 0x0841, 0x0841, 0x0841, 0x0841, 0x0841, 0x0841, 0x0841, 0x0841, 0x0841, 0x0841, 0x0841, 0x0020, 
  0x0020, 0x0841, 0x0841, 0x0841, 0x0841, 0x0841, 0x0841, 0x0841, 0x0841, 0x0841, 0x0841, 0x0841, 0x0841, 0x0841, 0x0841, 0x0841, 
  0x0841, 0x0841, 0x0841, 0x0841, 0x0841, 0x0841, 0x0841, 0x0841, 0x0841, 0x0841, 0x0841, 0x0841, 0x0841, 0x0841, 0x0841, 0x0841, 
  0x0841, 0x0841, 0x0841, 0x0841, 0x0841, 0x0862, 0x0022, 0x3BD2, 0x3C33, 0x0042, 0x08E4, 0x08E5, 0x0063, 0x0062, 0x0883, 0x41E5, 
  0x2985, 0x3BF1, 0x5517, 0x00C5, 0x10C4, 0x1105, 0x1105, 0x0883, 0x0042, 0x0862, 0x0863, 0x10C4, 0x10E5, 0x10E4, 0x10E5, 0x08C4, 
  0x10E4, 0x0862, 0x0021, 0x0021, 0x0042, 0x0000, 0x19A8, 0x2B0F, 0x0927, 0x0A0D, 0x1AF0, 0x33D3, 0x228E, 0x08A4, 0x0063, 0x0905, 
  0x19C8, 0x0021, 0x0021, 0x0841, 0x0840, 0x0841, 0x0841, 0x0841, 0x0841, 0x0841, 0x0841, 0x0841, 0x0841, 0x0841, 0x0841, 0x0841, 
  0x0841, 0x0841, 0x0841, 0x0841, 0x0841, 0x0841, 0x0841, 0x0841, 0x0841, 0x0841, 0x0841, 0x0841, 0x0841, 0x0841, 0x0841, 0x0841, 
  0x0841, 0x0841, 0x0841, 0x0841, 0x0841, 0x0020, 0x30C4, 0x1062, 0x20A3, 0x38E4, 0x0020, 0x1042, 0x4905, 0x50E5, 0x1967, 0x1187, 
  0x0020, 0x0841, 0x0861, 0x0041, 0x0862, 0x0883, 0x08A3, 0x08A3, 0x0883, 0x0883, 0x0883, 0x08C4, 0x0906, 0x08C5, 0x08E5, 0x08E5, 
  0x0147, 0x0ACE, 0x0A4B, 0x120A, 0x1A6C, 0x1ACF, 0x1B31, 0x43D1, 0x42AB, 0x1187, 0x1187, 0x1146, 0x124C, 0x5518, 0x4D38, 0x6538, 
  0xB6FC, 0xBF1D, 0xC75E, 0xAEDC, 0x969C, 0x5D79, 0x1ACE, 0x11E9, 0x0905, 0x1105, 0x08E4, 0x3BB2, 0x2372, 0x3C34, 0x2BB2, 0x124C, 
  0x0A6C, 0x0A2B, 0x00E5, 0x08E5, 0x08C5, 0x0905, 0x0926, 0x08A4, 0x0883, 0x0883, 0x0883, 0x08A3, 0x0883, 0x0883, 0x0862, 0x0861, 
  0x0861, 0x0020, 0x0062, 0x11E9, 0x2125, 0x48E5, 0x1862, 0x0040, 0x0020, 0x0841, 0x0020, 0x30C3, 0x1882, 0x0041, 0x0841, 0x0841, 
  0x0841, 0x0841, 0x0841, 0x0841, 0x0841, 0x0841, 0x0841, 0x0841, 0x0841, 0x0841, 0x0841, 0x0841, 0x0841, 0x0841, 0x0841, 0x0841, 
  0x0841, 0x0841, 0x0841, 0x0841, 0x0841, 0x0841, 0x0841, 0x0841, 0x0841, 0x0841, 0x0841, 0x0841, 0x0841, 0x0841, 0x0841, 0x0841, 
  0x0841, 0x0841, 0x0841, 0x0841, 0x0841, 0x0841, 0x0841, 0x0841, 0x0841, 0x0841, 0x0841, 0x0841, 0x0841, 0x0841, 0x0841, 0x0841, 
  0x0841, 0x0841, 0x0841, 0x0841, 0x0841, 0x0841, 0x0841, 0x0841, 0x0841, 0x0841, 0x0841, 0x0841, 0x0841, 0x0841, 0x0841, 0x0841, 
  0x0841, 0x0841, 0x0841, 0x0841, 0x0841, 0x0841, 0x0841, 0x0841, 0x0841, 0x0841, 0x0841, 0x0841, 0x0841, 0x0841, 0x0841, 0x0841, 
  0x0841, 0x0841, 0x0841, 0x0841, 0x0841, 0x0841, 0x0841, 0x0841, 0x0841, 0x0841, 0x0841, 0x0841, 0x0841, 0x0841, 0x0841, 0x0841, 
  0x0841, 0x0841, 0x0841, 0x0841, 0x0841, 0x0841, 0x0841, 0x0841, 0x0841, 0x0841, 0x0841, 0x0841, 0x0841, 0x0841, 0x0841, 0x0020, 
  0x0020, 0x0841, 0x0841, 0x0841, 0x0841, 0x0841, 0x0841, 0x0841, 0x0841, 0x0841, 0x0841, 0x0841, 0x0841, 0x0841, 0x0841, 0x0841, 
  0x0841, 0x0841, 0x0841, 0x0841, 0x0841, 0x0841, 0x0841, 0x0841, 0x0841, 0x0841, 0x0841, 0x0841, 0x0841, 0x0841, 0x0841, 0x0841, 
  0x0841, 0x0841, 0x0841, 0x0841, 0x0841, 0x0861, 0x0022, 0x1A2B, 0x4D17, 0x0105, 0x0062, 0x0083, 0x08A4, 0x0062, 0x0042, 0x2924, 
  0x5A46, 0x19C8, 0x4D17, 0x3370, 0x0001, 0x0063, 0x0063, 0x0042, 0x0042, 0x0062, 0x0042, 0x0022, 0x0042, 0x0042, 0x0042, 0x0042, 
  0x0042, 0x0021, 0x0042, 0x0863, 0x0021, 0x0083, 0x3370, 0x11A8, 0x09AA, 0x1ACF, 0x2B92, 0x2372, 0x1A4B, 0x1146, 0x0883, 0x19E9, 
  0x1187, 0x0883, 0x0883, 0x0841, 0x0841, 0x0841, 0x0841, 0x0841, 0x0841, 0x0841, 0x0841, 0x0841, 0x0841, 0x0841, 0x0841, 0x0841, 
  0x0841, 0x0841, 0x0841, 0x0841, 0x0841, 0x0841, 0x0841, 0x0841, 0x0841, 0x0841, 0x0841, 0x0841, 0x0841, 0x0841, 0x0841, 0x0841, 
  0x0841, 0x0841, 0x0841, 0x0841, 0x0841, 0x0040, 0x1882, 0x28C4, 0x0020, 0x30A3, 0x38E4, 0x0020, 0x0841, 0x38C4, 0x2062, 0x1966, 
  0x3209, 0x0041, 0x0841, 0x0862, 0x0862, 0x0883, 0x0883, 0x0883, 0x0883, 0x0883, 0x1906, 0x08C4, 0x08E5, 0x08E5, 0x08E5, 0x08E5, 
  0x0106, 0x12CD, 0x0A4C, 0x124B, 0x124B, 0x1ACF, 0x1B30, 0x2BB2, 0x3B2F, 0x0021, 0x1105, 0x08C4, 0x1ACF, 0xA6FD, 0xBF7E, 0x3497, 
  0x2C77, 0x3476, 0x3496, 0x4D39, 0x865A, 0x6DB9, 0x2B30, 0x1147, 0x1167, 0x08E4, 0x00A3, 0x0905, 0x11A8, 0x22CE, 0x1ACE, 0x120B, 
  0x0A8D, 0x09C9, 0x08E5, 0x08E5, 0x08C5, 0x0905, 0x00E4, 0x08A3, 0x0883, 0x0883, 0x0883, 0x0883, 0x0883, 0x0883, 0x0862, 0x0862, 
  0x0820, 0x08C3, 0x3A4B, 0x08A3, 0x0000, 0x30A4, 0x30A3, 0x0020, 0x0841, 0x0841, 0x0841, 0x30E4, 0x0841, 0x0841, 0x0841, 0x0841, 
  0x0841, 0x0841, 0x0841, 0x0841, 0x0841, 0x0841, 0x0841, 0x0841, 0x0841, 0x0841, 0x0841, 0x0841, 0x0841, 0x0841, 0x0841, 0x0841, 
  0x0841, 0x0841, 0x0841, 0x0841, 0x0841, 0x0841, 0x0841, 0x0841, 0x0841, 0x0841, 0x0841, 0x0841, 0x0841, 0x0841, 0x0841, 0x0841, 
  0x0841, 0x0841, 0x0841, 0x0841, 0x0841, 0x0841, 0x0841, 0x0841, 0x0841, 0x0841, 0x0841, 0x0841, 0x0841, 0x0841, 0x0841, 0x0841, 
  0x0841, 0x0841, 0x0841, 0x0841, 0x0841, 0x0841, 0x0841, 0x0841, 0x0841, 0x0841, 0x0841, 0x0841, 0x0841, 0x0841, 0x0841, 0x0841, 
  0x0841, 0x0841, 0x0841, 0x0841, 0x0841, 0x0841, 0x0841, 0x0841, 0x0841, 0x0841, 0x0841, 0x0841, 0x0841, 0x0841, 0x0841, 0x0841, 
  0x0841, 0x0841, 0x0841, 0x0841, 0x0841, 0x0841, 0x0841, 0x0841, 0x0841, 0x0841, 0x0841, 0x0841, 0x0841, 0x0841, 0x0841, 0x0841, 
  0x0841, 0x0841, 0x0841, 0x0841, 0x0841, 0x0841, 0x0841, 0x0841, 0x0841, 0x0841, 0x0841, 0x0841, 0x0841, 0x0841, 0x0841, 0x0020, 
  0x0020, 0x0841, 0x0841, 0x0841, 0x0841, 0x0841, 0x0841, 0x0841, 0x0841, 0x0841, 0x0841, 0x0841, 0x0841, 0x0841, 0x0841, 0x0841, 
  0x0841, 0x0841, 0x0841, 0x0841, 0x0841, 0x0841, 0x0841, 0x0841, 0x0841, 0x0841, 0x0841, 0x0841, 0x0841, 0x0841, 0x0841, 0x0841, 
  0x0841, 0x0841, 0x0841, 0x0841, 0x0841, 0x0841, 0x0862, 0x00C5, 0x44B5, 0x124B, 0x0042, 0x08E5, 0x08A4, 0x0042, 0x0062, 0x0862, 
  0x2124, 0x08C4, 0x1A4B, 0x5D99, 0x22AD, 0x0001, 0x0863, 0x0883, 0x0062, 0x0042, 0x0042, 0x0042, 0x0062, 0x0863, 0x0862, 0x0862, 
  0x0862, 0x0042, 0x0042, 0x0042, 0x0043, 0x2B0F, 0x22AC, 0x1188, 0x122D, 0x2372, 0x33F3, 0x2B30, 0x19C8, 0x1126, 0x08E5, 0x1A4B, 
  0x08E4, 0x0882, 0x0862, 0x0841, 0x0841, 0x0841, 0x0841, 0x0841, 0x0841, 0x0841, 0x0841, 0x0841, 0x0841, 0x0841, 0x0841, 0x0841, 
  0x0841, 0x0841, 0x0841, 0x0841, 0x0841, 0x0841, 0x0841, 0x0841, 0x0841, 0x0841, 0x0841, 0x0841, 0x0841, 0x0841, 0x0841, 0x0841, 
  0x0841, 0x0841, 0x0841, 0x0841, 0x0841, 0x0841, 0x0841, 0x38E4, 0x0841, 0x0021, 0x30C4, 0x30A3, 0x30C4, 0x28A3, 0x38C4, 0x1841, 
  0x2146, 0x19C8, 0x0061, 0x0841, 0x0862, 0x0883, 0x0863, 0x0863, 0x0883, 0x0883, 0x1946, 0x08C4, 0x08E5, 0x08E5, 0x08C4, 0x08E5, 
  0x08E5, 0x0A0B, 0x0ACD, 0x0A0B, 0x11EA, 0x1A8D, 0x1B0F, 0x2B50, 0x19C9, 0x0062, 0x08A3, 0x11A8, 0x1AEE, 0x5D38, 0x54F7, 0x1AEF, 
  0x1A8D, 0x122B, 0x124C, 0x1AAE, 0x3BF3, 0x4433, 0x1A0A, 0x1167, 0x08C3, 0x0082, 0x0883, 0x0862, 0x08A3, 0x19C9, 0x120B, 0x0A2B, 
  0x12EE, 0x0927, 0x08E5, 0x08E5, 0x08C5, 0x0905, 0x08C4, 0x08A3, 0x0883, 0x0883, 0x0883, 0x0883, 0x0883, 0x0883, 0x0862, 0x0821, 
  0x08E4, 0x2209, 0x18A3, 0x0000, 0x28A4, 0x5926, 0x40C4, 0x0020, 0x0841, 0x0020, 0x1882, 0x30C4, 0x0020, 0x0841, 0x0841, 0x0841, 
  0x0841, 0x0841, 0x0841, 0x0841, 0x0841, 0x0841, 0x0841, 0x0841, 0x0841, 0x0841, 0x0841, 0x0841, 0x0841, 0x0841, 0x0841, 0x0841, 
  0x0841, 0x0841, 0x0841, 0x0841, 0x0841, 0x0841, 0x0841, 0x0841, 0x0841, 0x0841, 0x0841, 0x0841, 0x0841, 0x0841, 0x0841, 0x0841, 
  0x0841, 0x0841, 0x0841, 0x0841, 0x0841, 0x0841, 0x0841, 0x0841, 0x0841, 0x0841, 0x0841, 0x0841, 0x0841, 0x0841, 0x0841, 0x0841, 
  0x0841, 0x0841, 0x0841, 0x0841, 0x0841, 0x0841, 0x0841, 0x0841, 0x0841, 0x0841, 0x0841, 0x0841, 0x0841, 0x0841, 0x0841, 0x0841, 
  0x0841, 0x0841, 0x0841, 0x0841, 0x0841, 0x0841, 0x0841, 0x0841, 0x0841, 0x0841, 0x0841, 0x0841, 0x0841, 0x0841, 0x0841, 0x0841, 
  0x0841, 0x0841, 0x0841, 0x0841, 0x0841, 0x0841, 0x0841, 0x0841, 0x0841, 0x0841, 0x0841, 0x0841, 0x0841, 0x0841, 0x0841, 0x0841, 
  0x0841, 0x0841, 0x0841, 0x0841, 0x0841, 0x0841, 0x0841, 0x0841, 0x0841, 0x0841, 0x0841, 0x0841, 0x0841, 0x0841, 0x0841, 0x0020, 
  0x0020, 0x0841, 0x0841, 0x0841, 0x0841, 0x0841, 0x0841, 0x0841, 0x0841, 0x0841, 0x0841, 0x0841, 0x0841, 0x0841, 0x0841, 0x0841, 
  0x0841, 0x0841, 0x0841, 0x0841, 0x0841, 0x0841, 0x0841, 0x0841, 0x0841, 0x0841, 0x0841, 0x0841, 0x0841, 0x0841, 0x0841, 0x0841, 
  0x0841, 0x0841, 0x0841, 0x0841, 0x0841, 0x0841, 0x0862, 0x0022, 0x2B0F, 0x3413, 0x0083, 0x0062, 0x00A4, 0x08C4, 0x0062, 0x0062, 
  0x0042, 0x0063, 0x0083, 0x1AAD, 0x5579, 0x3370, 0x0063, 0x0021, 0x0863, 0x0863, 0x0062, 0x0062, 0x0062, 0x0062, 0x0863, 0x08A3, 
  0x0862, 0x0842, 0x0001, 0x00A4, 0x2B0F, 0x1A6C, 0x1167, 0x11CB, 0x0A4D, 0x2331, 0x22F0, 0x1A2A, 0x19A8, 0x00A3, 0x1167, 0x11A8, 
  0x0042, 0x0001, 0x0021, 0x0841, 0x0841, 0x0841, 0x0841, 0x0841, 0x0841, 0x0841, 0x0841, 0x0841, 0x0841, 0x0841, 0x0841, 0x0841, 
  0x0841, 0x0841, 0x0841, 0x0841, 0x0841, 0x0841, 0x0841, 0x0841, 0x0841, 0x0841, 0x0841, 0x0841, 0x0841, 0x0841, 0x0841, 0x0841, 
  0x0841, 0x0841, 0x0841, 0x0841, 0x0841, 0x0841, 0x0020, 0x28A3, 0x1862, 0x0841, 0x0021, 0x30A4, 0x5926, 0x40E4, 0x2883, 0x20A3, 
  0x0000, 0x3167, 0x21E8, 0x0062, 0x0862, 0x0863, 0x10C4, 0x08A3, 0x0862, 0x0883, 0x0883, 0x08A3, 0x08E5, 0x0905, 0x1106, 0x08E5, 
  0x08E5, 0x0126, 0x12AD, 0x0A2B, 0x11C9, 0x11C9, 0x22CE, 0x1167, 0x08A4, 0x00A3, 0x0062, 0x00A3, 0x11A8, 0x1A6C, 0x09C9, 0x0946, 
  0x1166, 0x0925, 0x0926, 0x1187, 0x1167, 0x11E9, 0x11C9, 0x08A3, 0x1125, 0x3BB1, 0x1167, 0x10E5, 0x1126, 0x11A8, 0x09C9, 0x130F, 
  0x0A2B, 0x08E5, 0x08E5, 0x08C5, 0x08C5, 0x0905, 0x08A4, 0x08A3, 0x0883, 0x0883, 0x0883, 0x0862, 0x0863, 0x0883, 0x0021, 0x08E4, 
  0x322A, 0x20E4, 0x0861, 0x0841, 0x38E5, 0x5105, 0x4105, 0x0020, 0x0840, 0x1083, 0x30E5, 0x1061, 0x0021, 0x0841, 0x0841, 0x0841, 
  0x0841, 0x0841, 0x0841, 0x0841, 0x0841, 0x0841, 0x0841, 0x0841, 0x0841, 0x0841, 0x0841, 0x0841, 0x0841, 0x0841, 0x0841, 0x0841, 
  0x0841, 0x0841, 0x0841, 0x0841, 0x0841, 0x0841, 0x0841, 0x0841, 0x0841, 0x0841, 0x0841, 0x0841, 0x0841, 0x0841, 0x0841, 0x0841, 
  0x0841, 0x0841, 0x0841, 0x0841, 0x0841, 0x0841, 0x0841, 0x0841, 0x0841, 0x0841, 0x0841, 0x0841, 0x0841, 0x0841, 0x0841, 0x0841, 
  0x0841, 0x0841, 0x0841, 0x0841, 0x0841, 0x0841, 0x0841, 0x0841, 0x0841, 0x0841, 0x0841, 0x0841, 0x0841, 0x0841, 0x0841, 0x0841, 
  0x0841, 0x0841, 0x0841, 0x0841, 0x0841, 0x0841, 0x0841, 0x0841, 0x0841, 0x0841, 0x0841, 0x0841, 0x0841, 0x0841, 0x0841, 0x0841, 
  0x0841, 0x0841, 0x0841, 0x0841, 0x0841, 0x0841, 0x0841, 0x0841, 0x0841, 0x0841, 0x0841, 0x0841, 0x0841, 0x0841, 0x0841, 0x0841, 
  0x0841, 0x0841, 0x0841, 0x0841, 0x0841, 0x0841, 0x0841, 0x0841, 0x0841, 0x0841, 0x0841, 0x0841, 0x0841, 0x0841, 0x0841, 0x0020, 
  0x0020, 0x0841, 0x0841, 0x0841, 0x0841, 0x0841, 0x0841, 0x0841, 0x0841, 0x0841, 0x0841, 0x0841, 0x0841, 0x0841, 0x0841, 0x0841, 
  0x0841, 0x0841, 0x0841, 0x0841, 0x0841, 0x0841, 0x0841, 0x0841, 0x0841, 0x0841, 0x0841, 0x0841, 0x0841, 0x0841, 0x0841, 0x0841, 
  0x0841, 0x0841, 0x0841, 0x0841, 0x0841, 0x0841, 0x0841, 0x0042, 0x08E5, 0x44B6, 0x120A, 0x0022, 0x08E5, 0x0884, 0x0063, 0x0062, 
  0x0062, 0x0063, 0x0063, 0x00A4, 0x1A6C, 0x4D17, 0x4495, 0x1A0A, 0x0083, 0x0021, 0x0042, 0x0863, 0x0883, 0x0883, 0x0862, 0x0862, 
  0x0821, 0x0042, 0x1167, 0x22CE, 0x120A, 0x08C5, 0x11A9, 0x126D, 0x22F0, 0x1AB0, 0x19EB, 0x1146, 0x08E4, 0x08E4, 0x1A2A, 0x0883, 
  0x0021, 0x0000, 0x0841, 0x0841, 0x0841, 0x0841, 0x0841, 0x0841, 0x0841, 0x0841, 0x0841, 0x0841, 0x0841, 0x0841, 0x0841, 0x0841, 
  0x0841, 0x0841, 0x0841, 0x0841, 0x0841, 0x0841, 0x0841, 0x0841, 0x0841, 0x0841, 0x0841, 0x0841, 0x0841, 0x0841, 0x0841, 0x0841, 
  0x0841, 0x0841, 0x0841, 0x0841, 0x0841, 0x0841, 0x1862, 0x5105, 0x30C4, 0x0020, 0x0841, 0x0821, 0x6146, 0x40E4, 0x38C4, 0x1862, 
  0x1061, 0x3083, 0x18C4, 0x2A2A, 0x0083, 0x0042, 0x10A3, 0x0883, 0x0862, 0x0883, 0x0883, 0x08A3, 0x08A4, 0x0905, 0x0906, 0x08C5, 
  0x08E5, 0x08E5, 0x09C9, 0x0A8D, 0x0A0B, 0x11C9, 0x1188, 0x0905, 0x08C3, 0x08A3, 0x222A, 0x2AAD, 0x0062, 0x08E4, 0x08E4, 0x08E4, 
  0x08C4, 0x08E4, 0x0904, 0x08E4, 0x1105, 0x1126, 0x1167, 0x19EA, 0x33B3, 0x33D3, 0x2B0F, 0x22AE, 0x1A4B, 0x0967, 0x0A0B, 0x12CE, 
  0x0126, 0x08E5, 0x08E5, 0x08C5, 0x08E5, 0x08E5, 0x08A3, 0x0883, 0x0883, 0x0883, 0x0862, 0x0862, 0x0883, 0x0021, 0x1125, 0x2A09, 
  0x1862, 0x30C4, 0x0861, 0x0841, 0x1862, 0x30A3, 0x28A3, 0x0820, 0x0040, 0x0861, 0x4926, 0x30A3, 0x1041, 0x0841, 0x0841, 0x0841, 
  0x0841, 0x0841, 0x0841, 0x0841, 0x0841, 0x0841, 0x0841, 0x0841, 0x0841, 0x0841, 0x0841, 0x0841, 0x0841, 0x0841, 0x0841, 0x0841, 
  0x0841, 0x0841, 0x0841, 0x0841, 0x0841, 0x0841, 0x0841, 0x0841, 0x0841, 0x0841, 0x0841, 0x0841, 0x0841, 0x0841, 0x0841, 0x0841, 
  0x0841, 0x0841, 0x0841, 0x0841, 0x0841, 0x0841, 0x0841, 0x0841, 0x0841, 0x0841, 0x0841, 0x0841, 0x0841, 0x0841, 0x0841, 0x0841, 
  0x0841, 0x0841, 0x0841, 0x0841, 0x0841, 0x0841, 0x0841, 0x0841, 0x0841, 0x0841, 0x0841, 0x0841, 0x0841, 0x0841, 0x0841, 0x0841, 
  0x0841, 0x0841, 0x0841, 0x0841, 0x0841, 0x0841, 0x0841, 0x0841, 0x0841, 0x0841, 0x0841, 0x0841, 0x0841, 0x0841, 0x0841, 0x0841, 
  0x0841, 0x0841, 0x0841, 0x0841, 0x0841, 0x0841, 0x0841, 0x0841, 0x0841, 0x0841, 0x0841, 0x0841, 0x0841, 0x0841, 0x0841, 0x0841, 
  0x0841, 0x0841, 0x0841, 0x0841, 0x0841, 0x0841, 0x0841, 0x0841, 0x0841, 0x0841, 0x0841, 0x0841, 0x0841, 0x0841, 0x0841, 0x0020, 
  0x0020, 0x0841, 0x0841, 0x0841, 0x0841, 0x0841, 0x0841, 0x0841, 0x0841, 0x0841, 0x0841, 0x0841, 0x0841, 0x0841, 0x0841, 0x0841, 
  0x0841, 0x0841, 0x0841, 0x0841, 0x0841, 0x0841, 0x0841, 0x0841, 0x0841, 0x0841, 0x0841, 0x0841, 0x0841, 0x0841, 0x0841, 0x0841, 
  0x0841, 0x0841, 0x0841, 0x0841, 0x0841, 0x0840, 0x0820, 0x0862, 0x0022, 0x228D, 0x3C55, 0x00A4, 0x0042, 0x08C4, 0x0906, 0x0063, 
  0x0083, 0x0083, 0x0083, 0x08A3, 0x00C4, 0x0988, 0x33D1, 0x4CF7, 0x3C55, 0x2AEE, 0x00A4, 0x0062, 0x0883, 0x0883, 0x0883, 0x08E4, 
  0x19A8, 0x22AD, 0x22CE, 0x0947, 0x00A3, 0x0042, 0x1166, 0x1A4B, 0x1A8E, 0x19C9, 0x10E5, 0x1126, 0x08A3, 0x11E9, 0x1167, 0x0022, 
  0x0021, 0x0021, 0x0841, 0x0841, 0x0841, 0x0841, 0x0841, 0x0841, 0x0841, 0x0841, 0x0841, 0x0841, 0x0841, 0x0841, 0x0841, 0x0841, 
  0x0841, 0x0841, 0x0841, 0x0841, 0x0841, 0x0841, 0x0841, 0x0841, 0x0841, 0x0841, 0x0841, 0x0841, 0x0841, 0x0841, 0x0841, 0x0841, 
  0x0841, 0x0841, 0x0841, 0x0841, 0x0040, 0x1041, 0x40E5, 0x2062, 0x40E5, 0x0821, 0x0041, 0x1062, 0x28C4, 0x2082, 0x1862, 0x0021, 
  0x1061, 0x4905, 0x30A3, 0x4146, 0x322A, 0x08A3, 0x0021, 0x0862, 0x0862, 0x0883, 0x0883, 0x0883, 0x08A3, 0x08C5, 0x08E6, 0x08C5, 
  0x08E5, 0x08E5, 0x0906, 0x128C, 0x0A0B, 0x1A2B, 0x1187, 0x1988, 0x1146, 0x1187, 0x3351, 0x22EF, 0x2A8C, 0x19A8, 0x0062, 0x0883, 
  0x0062, 0x0062, 0x0061, 0x0042, 0x0082, 0x00A3, 0x0906, 0x3BF4, 0x3C76, 0x6473, 0x33B1, 0x2392, 0x1A4B, 0x0988, 0x126D, 0x09C9, 
  0x08E5, 0x08E5, 0x08C5, 0x08E5, 0x0905, 0x08A4, 0x0883, 0x0883, 0x0883, 0x0883, 0x0862, 0x0862, 0x0021, 0x1946, 0x31E9, 0x38E5, 
  0x2883, 0x38E4, 0x0020, 0x0841, 0x0020, 0x0841, 0x30C4, 0x0821, 0x0020, 0x1862, 0x38E4, 0x2062, 0x38C5, 0x0821, 0x0841, 0x0841, 
  0x0841, 0x0841, 0x0841, 0x0841, 0x0841, 0x0841, 0x0841, 0x0841, 0x0841, 0x0841, 0x0841, 0x0841, 0x0841, 0x0841, 0x0841, 0x0841, 
  0x0841, 0x0841, 0x0841, 0x0841, 0x0841, 0x0841, 0x0841, 0x0841, 0x0841, 0x0841, 0x0841, 0x0841, 0x0841, 0x0841, 0x0841, 0x0841, 
  0x0841, 0x0841, 0x0841, 0x0841, 0x0841, 0x0841, 0x0841, 0x0841, 0x0841, 0x0841, 0x0841, 0x0841, 0x0841, 0x0841, 0x0841, 0x0841, 
  0x0841, 0x0841, 0x0841, 0x0841, 0x0841, 0x0841, 0x0841, 0x0841, 0x0841, 0x0841, 0x0841, 0x0841, 0x0841, 0x0841, 0x0841, 0x0841, 
  0x0841, 0x0841, 0x0841, 0x0841, 0x0841, 0x0841, 0x0841, 0x0841, 0x0841, 0x0841, 0x0841, 0x0841, 0x0841, 0x0841, 0x0841, 0x0841, 
  0x0841, 0x0841, 0x0841, 0x0841, 0x0841, 0x0841, 0x0841, 0x0841, 0x0841, 0x0841, 0x0841, 0x0841, 0x0841, 0x0841, 0x0841, 0x0841, 
  0x0841, 0x0841, 0x0841, 0x0841, 0x0841, 0x0841, 0x0841, 0x0841, 0x0841, 0x0841, 0x0841, 0x0841, 0x0841, 0x0841, 0x0841, 0x0020, 
  0x0020, 0x0841, 0x0841, 0x0841, 0x0841, 0x0841, 0x0841, 0x0841, 0x0841, 0x0841, 0x0841, 0x0841, 0x0841, 0x0841, 0x0841, 0x0841, 
  0x0841, 0x0841, 0x0841, 0x0841, 0x0841, 0x0841, 0x0841, 0x0841, 0x0841, 0x0841, 0x0841, 0x0841, 0x0841, 0x0841, 0x0841, 0x0841, 
  0x0841, 0x0841, 0x0841, 0x0841, 0x0841, 0x0841, 0x0841, 0x0841, 0x0862, 0x0063, 0x33F3, 0x232F, 0x0063, 0x0906, 0x0905, 0x1126, 
  0x0906, 0x08E5, 0x08E5, 0x08A4, 0x0883, 0x08A3, 0x00C4, 0x09A9, 0x230F, 0x3C55, 0x2B91, 0x2B50, 0x22EF, 0x1A8D, 0x230E, 0x230E, 
  0x1A6B, 0x11A8, 0x1105, 0x0883, 0x0022, 0x0001, 0x0862, 0x0907, 0x0906, 0x1126, 0x0062, 0x0862, 0x11A8, 0x1A6C, 0x0883, 0x0842, 
  0x0021, 0x0841, 0x0841, 0x0841, 0x0841, 0x0841, 0x0841, 0x0841, 0x0841, 0x0841, 0x0841, 0x0841, 0x0841, 0x0841, 0x0841, 0x0841, 
  0x0841, 0x0841, 0x0841, 0x0841, 0x0841, 0x0841, 0x0841, 0x0841, 0x0841, 0x0841, 0x0841, 0x0841, 0x0841, 0x0841, 0x0841, 0x0841, 
  0x0841, 0x0841, 0x0841, 0x0841, 0x0841, 0x0840, 0x38E4, 0x30C3, 0x4905, 0x1862, 0x0020, 0x1882, 0x28C4, 0x0020, 0x0041, 0x0041, 
  0x1062, 0x40E4, 0x30C4, 0x50E5, 0x6187, 0x2A0A, 0x08E4, 0x0841, 0x0883, 0x0882, 0x0883, 0x0883, 0x08A4, 0x08C4, 0x0906, 0x08E5, 
  0x08E5, 0x08E5, 0x08E5, 0x0968, 0x126C, 0x01CA, 0x1AAC, 0x19E9, 0x1A4C, 0x2330, 0x54B5, 0x43F2, 0x2B71, 0x2AAD, 0x0062, 0x00A3, 
  0x0925, 0x220A, 0x324B, 0x3B4F, 0x1988, 0x0082, 0x08C4, 0x19EA, 0x43D1, 0x43F2, 0x23D3, 0x2391, 0x09CA, 0x0A0A, 0x0A0A, 0x0906, 
  0x08E5, 0x08E5, 0x08C5, 0x0905, 0x08E5, 0x08A4, 0x08A3, 0x0883, 0x0883, 0x0882, 0x0862, 0x0041, 0x1967, 0x39E9, 0x5905, 0x38C5, 
  0x30C4, 0x38E4, 0x0041, 0x0841, 0x0841, 0x1041, 0x30E4, 0x0841, 0x0020, 0x30C4, 0x40E4, 0x38C4, 0x28A3, 0x0840, 0x0841, 0x0841, 
  0x0841, 0x0841, 0x0841, 0x0841, 0x0841, 0x0841, 0x0841, 0x0841, 0x0841, 0x0841, 0x0841, 0x0841, 0x0841, 0x0841, 0x0841, 0x0841, 
  0x0841, 0x0841, 0x0841, 0x0841, 0x0841, 0x0841, 0x0841, 0x0841, 0x0841, 0x0841, 0x0841, 0x0841, 0x0841, 0x0841, 0x0841, 0x0841, 
  0x0841, 0x0841, 0x0841, 0x0841, 0x0841, 0x0841, 0x0841, 0x0841, 0x0841, 0x0841, 0x0841, 0x0841, 0x0841, 0x0841, 0x0841, 0x0841, 
  0x0841, 0x0841, 0x0841, 0x0841, 0x0841, 0x0841, 0x0841, 0x0841, 0x0841, 0x0841, 0x0841, 0x0841, 0x0841, 0x0841, 0x0841, 0x0841, 
  0x0841, 0x0841, 0x0841, 0x0841, 0x0841, 0x0841, 0x0841, 0x0841, 0x0841, 0x0841, 0x0841, 0x0841, 0x0841, 0x0841, 0x0841, 0x0841, 
  0x0841, 0x0841, 0x0841, 0x0841, 0x0841, 0x0841, 0x0841, 0x0841, 0x0841, 0x0841, 0x0841, 0x0841, 0x0841, 0x0841, 0x0841, 0x0841, 
  0x0841, 0x0841, 0x0841, 0x0841, 0x0841, 0x0841, 0x0841, 0x0841, 0x0841, 0x0841, 0x0841, 0x0841, 0x0841, 0x0841, 0x0841, 0x0020, 
  0x0020, 0x0841, 0x0841, 0x0841, 0x0841, 0x0841, 0x0841, 0x0841, 0x0841, 0x0841, 0x0841, 0x0841, 0x0841, 0x0841, 0x0841, 0x0841, 
  0x0841, 0x0841, 0x0841, 0x0841, 0x0841, 0x0841, 0x0841, 0x0841, 0x0841, 0x0841, 0x0841, 0x0841, 0x0841, 0x0841, 0x0841, 0x0841, 
  0x0841, 0x0841, 0x0841, 0x0841, 0x0841, 0x0841, 0x0841, 0x0840, 0x0861, 0x0042, 0x0906, 0x3C55, 0x09A9, 0x0042, 0x00C4, 0x0947, 
  0x08E5, 0x08A4, 0x08C4, 0x08A4, 0x0883, 0x0883, 0x0863, 0x0883, 0x0083, 0x0947, 0x11E9, 0x2B50, 0x22EE, 0x11A9, 0x11C8, 0x1166, 
  0x08E4, 0x10C4, 0x18E4, 0x0021, 0x0001, 0x0022, 0x08A3, 0x08A4, 0x1127, 0x0927, 0x0863, 0x08E4, 0x22ED, 0x0946, 0x1105, 0x0042, 
  0x0841, 0x0841, 0x0841, 0x0841, 0x0841, 0x0841, 0x0841, 0x0841, 0x0841, 0x0841, 0x0841, 0x0841, 0x0841, 0x0841, 0x0841, 0x0841, 
  0x0841, 0x0841, 0x0841, 0x0841, 0x0841, 0x0841, 0x0841, 0x0841, 0x0841, 0x0841, 0x0841, 0x0841, 0x0841, 0x0841, 0x0841, 0x0841, 
  0x0841, 0x0841, 0x0841, 0x0841, 0x0841, 0x0841, 0x0841, 0x0821, 0x1862, 0x28C3, 0x0020, 0x1882, 0x28A3, 0x0841, 0x0841, 0x0020, 
  0x1882, 0x28A3, 0x0020, 0x28C3, 0x5105, 0x30E5, 0x11C8, 0x08E5, 0x0041, 0x0883, 0x0883, 0x0883, 0x0883, 0x08A4, 0x08C5, 0x0906, 
  0x08C5, 0x08E5, 0x0905, 0x08C5, 0x0188, 0x2B70, 0x2ACE, 0x124B, 0x228D, 0x2310, 0x2B92, 0x3413, 0x2330, 0x0905, 0x08C3, 0x08C3, 
  0x226C, 0x33F3, 0x22CE, 0x3BF3, 0x19EA, 0x10C4, 0x1905, 0x21A9, 0x230F, 0x2BB3, 0x1AEF, 0x0A0A, 0x332F, 0x126C, 0x00E5, 0x08E5, 
  0x08E5, 0x08E5, 0x08E5, 0x0906, 0x08A4, 0x08A3, 0x08A3, 0x0883, 0x0883, 0x0882, 0x0041, 0x1167, 0x1987, 0x40E5, 0x4905, 0x1062, 
  0x0020, 0x30C4, 0x0841, 0x0841, 0x0841, 0x0841, 0x30C4, 0x0841, 0x0841, 0x30C4, 0x0821, 0x0841, 0x0841, 0x0841, 0x0841, 0x0841, 
  0x0841, 0x0841, 0x0841, 0x0841, 0x0841, 0x0841, 0x0841, 0x0841, 0x0841, 0x0841, 0x0841, 0x0841, 0x0841, 0x0841, 0x0841, 0x0841, 
  0x0841, 0x0841, 0x0841, 0x0841, 0x0841, 0x0841, 0x0841, 0x0841, 0x0841, 0x0841, 0x0841, 0x0841, 0x0841, 0x0841, 0x0841, 0x0841, 
  0x0841, 0x0841, 0x0841, 0x0841, 0x0841, 0x0841, 0x0841, 0x0841, 0x0841, 0x0841, 0x0841, 0x0841, 0x0841, 0x0841, 0x0841, 0x0841, 
  0x0841, 0x0841, 0x0841, 0x0841, 0x0841, 0x0841, 0x0841, 0x0841, 0x0841, 0x0841, 0x0841, 0x0841, 0x0841, 0x0841, 0x0841, 0x0841, 
  0x0841, 0x0841, 0x0841, 0x0841, 0x0841, 0x0841, 0x0841, 0x0841, 0x0841, 0x0841, 0x0841, 0x0841, 0x0841, 0x0841, 0x0841, 0x0841, 
  0x0841, 0x0841, 0x0841, 0x0841, 0x0841, 0x0841, 0x0841, 0x0841, 0x0841, 0x0841, 0x0841, 0x0841, 0x0841, 0x0841, 0x0841, 0x0841, 
  0x0841, 0x0841, 0x0841, 0x0841, 0x0841, 0x0841, 0x0841, 0x0841, 0x0841, 0x0841, 0x0841, 0x0841, 0x0841, 0x0841, 0x0841, 0x0020, 
  0x0020, 0x0841, 0x0841, 0x0841, 0x0841, 0x0841, 0x0841, 0x0841, 0x0841, 0x0841, 0x0841, 0x0841, 0x0841, 0x0841, 0x0841, 0x0841, 
  0x0841, 0x0841, 0x0841, 0x0841, 0x0841, 0x0841, 0x0841, 0x0841, 0x0841, 0x0841, 0x0841, 0x0841, 0x0841, 0x0841, 0x0841, 0x0841, 
  0x0841, 0x0841, 0x0841, 0x0841, 0x0841, 0x0841, 0x0841, 0x0841, 0x0841, 0x0062, 0x0042, 0x11A9, 0x2370, 0x00C4, 0x08C5, 0x0926, 
  0x1147, 0x0906, 0x08A4, 0x08C5, 0x0083, 0x0063, 0x0883, 0x0863, 0x0062, 0x0042, 0x0021, 0x0083, 0x0905, 0x0883, 0x0883, 0x08A3, 
  0x0862, 0x1083, 0x1883, 0x0042, 0x0043, 0x0863, 0x10C4, 0x0862, 0x08E5, 0x1169, 0x0084, 0x228D, 0x1A09, 0x1925, 0x1125, 0x0862, 
  0x0841, 0x0841, 0x0841, 0x0841, 0x0841, 0x0841, 0x0841, 0x0841, 0x0841, 0x0841, 0x0841, 0x0841, 0x0841, 0x0841, 0x0841, 0x0841, 
  0x0841, 0x0841, 0x0841, 0x0841, 0x0841, 0x0841, 0x0841, 0x0841, 0x0841, 0x0841, 0x0841, 0x0841, 0x0841, 0x0841, 0x0841, 0x0841, 
  0x0841, 0x0841, 0x0841, 0x0841, 0x0841, 0x0841, 0x0841, 0x0041, 0x1041, 0x40E5, 0x0020, 0x20A3, 0x28A3, 0x0041, 0x0841, 0x0040, 
  0x1883, 0x28A3, 0x0021, 0x0020, 0x1061, 0x1041, 0x0041, 0x1987, 0x08E5, 0x0842, 0x0883, 0x0883, 0x08A3, 0x08A3, 0x08A4, 0x0905, 
  0x0906, 0x08A4, 0x08C4, 0x1188, 0x120A, 0x19E9, 0x62AC, 0x21CA, 0x126C, 0x2330, 0x22F0, 0x22EF, 0x22CE, 0x1146, 0x08A3, 0x08C4, 
  0x1A0A, 0x1AEE, 0x1B0F, 0x12AE, 0x1AAD, 0x21C9, 0x1988, 0x1A0A, 0x122B, 0x122B, 0x09A9, 0x3A0A, 0x31EA, 0x11C8, 0x1A09, 0x0926, 
  0x08A4, 0x08E5, 0x0926, 0x08C5, 0x08A3, 0x08A3, 0x0883, 0x0883, 0x0083, 0x0062, 0x1167, 0x1125, 0x0000, 0x1062, 0x0821, 0x0041, 
  0x0841, 0x28A3, 0x0841, 0x0841, 0x0841, 0x0841, 0x30C4, 0x0841, 0x1862, 0x30C4, 0x0821, 0x0841, 0x0841, 0x0841, 0x0841, 0x0841, 
  0x0841, 0x0841, 0x0841, 0x0841, 0x0841, 0x0841, 0x0841, 0x0841, 0x0841, 0x0841, 0x0841, 0x0841, 0x0841, 0x0841, 0x0841, 0x0841, 
  0x0841, 0x0841, 0x0841, 0x0841, 0x0841, 0x0841, 0x0841, 0x0841, 0x0841, 0x0841, 0x0841, 0x0841, 0x0841, 0x0841, 0x0841, 0x0841, 
  0x0841, 0x0841, 0x0841, 0x0841, 0x0841, 0x0841, 0x0841, 0x0841, 0x0841, 0x0841, 0x0841, 0x0841, 0x0841, 0x0841, 0x0841, 0x0841, 
  0x0841, 0x0841, 0x0841, 0x0841, 0x0841, 0x0841, 0x0841, 0x0841, 0x0841, 0x0841, 0x0841, 0x0841, 0x0841, 0x0841, 0x0841, 0x0841, 
  0x0841, 0x0841, 0x0841, 0x0841, 0x0841, 0x0841, 0x0841, 0x0841, 0x0841, 0x0841, 0x0841, 0x0841, 0x0841, 0x0841, 0x0841, 0x0841, 
  0x0841, 0x0841, 0x0841, 0x0841, 0x0841, 0x0841, 0x0841, 0x0841, 0x0841, 0x0841, 0x0841, 0x0841, 0x0841, 0x0841, 0x0841, 0x0841, 
  0x0841, 0x0841, 0x0841, 0x0841, 0x0841, 0x0841, 0x0841, 0x0841, 0x0841, 0x0841, 0x0841, 0x0841, 0x0841, 0x0841, 0x0841, 0x0020, 
  0x0020, 0x0841, 0x0841, 0x0841, 0x0841, 0x0841, 0x0841, 0x0841, 0x0841, 0x0841, 0x0841, 0x0841, 0x0841, 0x0841, 0x0841, 0x0841, 
  0x0841, 0x0841, 0x0841, 0x0841, 0x0841, 0x0841, 0x0841, 0x0841, 0x0841, 0x0841, 0x0841, 0x0841, 0x0841, 0x0841, 0x0841, 0x0841, 
  0x0841, 0x0841, 0x0841, 0x0841, 0x0841, 0x0841, 0x0841, 0x0841, 0x0841, 0x0841, 0x0862, 0x0042, 0x120B, 0x2350, 0x0947, 0x08C5, 
  0x0906, 0x08C4, 0x08E5, 0x08E5, 0x0083, 0x0883, 0x0063, 0x0042, 0x0062, 0x0042, 0x0042, 0x0083, 0x0063, 0x0842, 0x0062, 0x0083, 
  0x0042, 0x0862, 0x0884, 0x08A4, 0x0883, 0x0042, 0x08C4, 0x0863, 0x0000, 0x00A4, 0x1A8E, 0x11A9, 0x1925, 0x1905, 0x0882, 0x0841, 
  0x0841, 0x0841, 0x0841, 0x0841, 0x0841, 0x0841, 0x0841, 0x0841, 0x0841, 0x0841, 0x0841, 0x0841, 0x0841, 0x0841, 0x0841, 0x0841, 
  0x0841, 0x0841, 0x0841, 0x0841, 0x0841, 0x0841, 0x0841, 0x0841, 0x0841, 0x0841, 0x0841, 0x0841, 0x0841, 0x0841, 0x0841, 0x0841, 
  0x0841, 0x0841, 0x0841, 0x0841, 0x0841, 0x0841, 0x0841, 0x0841, 0x0020, 0x30C4, 0x28A3, 0x2083, 0x28C4, 0x0041, 0x0862, 0x0841, 
  0x20A3, 0x28A3, 0x0020, 0x0841, 0x0840, 0x0841, 0x0840, 0x0821, 0x19A8, 0x1126, 0x0842, 0x08A3, 0x08A3, 0x08A3, 0x08C4, 0x08C4, 
  0x08E5, 0x1167, 0x11C9, 0x19A8, 0x10E5, 0x08C5, 0x1967, 0x5A8C, 0x3A0B, 0x1A0B, 0x126D, 0x1AAE, 0x224C, 0x19C9, 0x1988, 0x19C9, 
  0x22CE, 0x1AEF, 0x1B10, 0x1AEF, 0x1ACE, 0x1A6C, 0x11E9, 0x0188, 0x09A8, 0x29EA, 0x524B, 0x39E9, 0x08E5, 0x08C5, 0x1146, 0x19E9, 
  0x11A8, 0x0906, 0x08C5, 0x08C4, 0x08A4, 0x08A3, 0x0884, 0x0883, 0x0062, 0x1187, 0x1105, 0x0020, 0x0841, 0x0841, 0x0841, 0x0841, 
  0x0841, 0x28C4, 0x0862, 0x0862, 0x0862, 0x0862, 0x30C4, 0x0861, 0x38E4, 0x2082, 0x0041, 0x0841, 0x0841, 0x0841, 0x0841, 0x0841, 
  0x0841, 0x0841, 0x0841, 0x0841, 0x0841, 0x0841, 0x0841, 0x0841, 0x0841, 0x0841, 0x0841, 0x0841, 0x0841, 0x0841, 0x0841, 0x0841, 
  0x0841, 0x0841, 0x0841, 0x0841, 0x0841, 0x0841, 0x0841, 0x0841, 0x0841, 0x0841, 0x0841, 0x0841, 0x0841, 0x0841, 0x0841, 0x0841, 
  0x0841, 0x0841, 0x0841, 0x0841, 0x0841, 0x0841, 0x0841, 0x0841, 0x0841, 0x0841, 0x0841, 0x0841, 0x0841, 0x0841, 0x0841, 0x0841, 
  0x0841, 0x0841, 0x0841, 0x0841, 0x0841, 0x0841, 0x0841, 0x0841, 0x0841, 0x0841, 0x0841, 0x0841, 0x0841, 0x0841, 0x0841, 0x0841, 
  0x0841, 0x0841, 0x0841, 0x0841, 0x0841, 0x0841, 0x0841, 0x0841, 0x0841, 0x0841, 0x0841, 0x0841, 0x0841, 0x0841, 0x0841, 0x0841, 
  0x0841, 0x0841, 0x0841, 0x0841, 0x0841, 0x0841, 0x0841, 0x0841, 0x0841, 0x0841, 0x0841, 0x0841, 0x0841, 0x0841, 0x0841, 0x0841, 
  0x0841, 0x0841, 0x0841, 0x0841, 0x0841, 0x0841, 0x0841, 0x0841, 0x0841, 0x0841, 0x0841, 0x0841, 0x0841, 0x0841, 0x0841, 0x0020, 
  0x0020, 0x0841, 0x0841, 0x0841, 0x0841, 0x0841, 0x0841, 0x0841, 0x0841, 0x0841, 0x0841, 0x0841, 0x0841, 0x0841, 0x0841, 0x0841, 
  0x0841, 0x0841, 0x0841, 0x0841, 0x0841, 0x0841, 0x0841, 0x0841, 0x0841, 0x0841, 0x0841, 0x0841, 0x0841, 0x0841, 0x0841, 0x0841, 
  0x0841, 0x0841, 0x0841, 0x0841, 0x0841, 0x0841, 0x0841, 0x0841, 0x0841, 0x0841, 0x0841, 0x0062, 0x0042, 0x11CA, 0x2370, 0x11A9, 
  0x0064, 0x08A4, 0x08E5, 0x00C4, 0x1126, 0x08A4, 0x10A4, 0x0063, 0x0042, 0x0042, 0x0022, 0x0063, 0x0083, 0x0042, 0x0862, 0x0863, 
  0x0042, 0x0883, 0x08E5, 0x0083, 0x0883, 0x0863, 0x0863, 0x0862, 0x08E5, 0x228D, 0x0906, 0x10E4, 0x0882, 0x0021, 0x0841, 0x0841, 
  0x0841, 0x0841, 0x0841, 0x0841, 0x0841, 0x0841, 0x0841, 0x0841, 0x0841, 0x0841, 0x0841, 0x0841, 0x0841, 0x0841, 0x0841, 0x0841, 
  0x0841, 0x0841, 0x0841, 0x0841, 0x0841, 0x0841, 0x0841, 0x0841, 0x0841, 0x0841, 0x0841, 0x0841, 0x0841, 0x0841, 0x0841, 0x0841, 
  0x0841, 0x0841, 0x0841, 0x0841, 0x0841, 0x0841, 0x0841, 0x0841, 0x0841, 0x0841, 0x30A3, 0x4905, 0x2082, 0x0041, 0x0841, 0x0021, 
  0x1883, 0x28A3, 0x0020, 0x0841, 0x0841, 0x0841, 0x0841, 0x0841, 0x0041, 0x19C8, 0x0905, 0x0862, 0x08A3, 0x0883, 0x0862, 0x08C4, 
  0x11A8, 0x2A2A, 0x2147, 0x0083, 0x10C4, 0x10C5, 0x08C5, 0x1106, 0x39C9, 0x524B, 0x4A4B, 0x1A0A, 0x124C, 0x122B, 0x09EA, 0x122B, 
  0x124B, 0x1A8C, 0x124C, 0x0A0B, 0x01C9, 0x09C9, 0x09A9, 0x29EA, 0x5A8D, 0x4A2B, 0x1927, 0x08E5, 0x10E5, 0x10E5, 0x08A4, 0x08A4, 
  0x39EA, 0x1A09, 0x0946, 0x0883, 0x0883, 0x08A3, 0x0883, 0x0862, 0x1187, 0x0905, 0x0020, 0x0841, 0x0041, 0x0841, 0x0841, 0x0841, 
  0x0841, 0x28A3, 0x0842, 0x0841, 0x0841, 0x0841, 0x38C4, 0x4105, 0x2083, 0x0041, 0x0841, 0x0841, 0x0841, 0x0841, 0x0841, 0x0841, 
  0x0841, 0x0841, 0x0841, 0x0841, 0x0841, 0x0841, 0x0841, 0x0841, 0x0841, 0x0841, 0x0841, 0x0841, 0x0841, 0x0841, 0x0841, 0x0841, 
  0x0841, 0x0841, 0x0841, 0x0841, 0x0841, 0x0841, 0x0841, 0x0841, 0x0841, 0x0841, 0x0841, 0x0841, 0x0841, 0x0841, 0x0841, 0x0841, 
  0x0841, 0x0841, 0x0841, 0x0841, 0x0841, 0x0841, 0x0841, 0x0841, 0x0841, 0x0841, 0x0841, 0x0841, 0x0841, 0x0841, 0x0841, 0x0841, 
  0x0841, 0x0841, 0x0841, 0x0841, 0x0841, 0x0841, 0x0841, 0x0841, 0x0841, 0x0841, 0x0841, 0x0841, 0x0841, 0x0841, 0x0841, 0x0841, 
  0x0841, 0x0841, 0x0841, 0x0841, 0x0841, 0x0841, 0x0841, 0x0841, 0x0841, 0x0841, 0x0841, 0x0841, 0x0841, 0x0841, 0x0841, 0x0841, 
  0x0841, 0x0841, 0x0841, 0x0841, 0x0841, 0x0841, 0x0841, 0x0841, 0x0841, 0x0841, 0x0841, 0x0841, 0x0841, 0x0841, 0x0841, 0x0841, 
  0x0841, 0x0841, 0x0841, 0x0841, 0x0841, 0x0841, 0x0841, 0x0841, 0x0841, 0x0841, 0x0841, 0x0841, 0x0841, 0x0841, 0x0841, 0x0020, 
  0x0020, 0x0841, 0x0841, 0x0841, 0x0841, 0x0841, 0x0841, 0x0841, 0x0841, 0x0841, 0x0841, 0x0841, 0x0841, 0x0841, 0x0841, 0x0841, 
  0x0841, 0x0841, 0x0841, 0x0841, 0x0841, 0x0841, 0x0841, 0x0841, 0x0841, 0x0841, 0x0841, 0x0841, 0x0841, 0x0841, 0x0841, 0x0841, 
  0x0841, 0x0841, 0x0841, 0x0841, 0x0841, 0x0841, 0x0841, 0x0841, 0x0841, 0x0841, 0x0841, 0x0841, 0x0862, 0x0062, 0x0967, 0x1AEF, 
  0x124C, 0x00C5, 0x0063, 0x08A4, 0x08E5, 0x0884, 0x10E5, 0x0083, 0x08A4, 0x0062, 0x0063, 0x0063, 0x0884, 0x0062, 0x0883, 0x0884, 
  0x10C4, 0x08A4, 0x0083, 0x08C4, 0x0001, 0x0021, 0x0042, 0x11AA, 0x1A8D, 0x08E5, 0x0862, 0x0882, 0x0841, 0x0840, 0x0841, 0x0841, 
  0x0841, 0x0841, 0x0841, 0x0841, 0x0841, 0x0841, 0x0841, 0x0841, 0x0841, 0x0841, 0x0841, 0x0841, 0x0841, 0x0841, 0x0841, 0x0841, 
  0x0841, 0x0841, 0x0841, 0x0841, 0x0841, 0x0841, 0x0841, 0x0841, 0x0841, 0x0841, 0x0841, 0x0841, 0x0841, 0x0841, 0x0841, 0x0841, 
  0x0841, 0x0841, 0x0841, 0x0841, 0x0841, 0x0841, 0x0841, 0x0841, 0x0841, 0x0841, 0x0020, 0x4905, 0x2083, 0x0041, 0x0861, 0x0041, 
  0x20A3, 0x28A3, 0x0020, 0x0841, 0x0841, 0x0841, 0x0841, 0x0841, 0x0820, 0x0041, 0x19A8, 0x0905, 0x0042, 0x0883, 0x1147, 0x19C9, 
  0x08E4, 0x0000, 0x3905, 0x2906, 0x08A3, 0x08C4, 0x10C4, 0x10C4, 0x08C4, 0x1106, 0x31A9, 0x4A2B, 0x422B, 0x3A4B, 0x322B, 0x220B, 
  0x19EA, 0x11C9, 0x220A, 0x320B, 0x322B, 0x4A4C, 0x522B, 0x41EA, 0x2126, 0x00C4, 0x08A4, 0x10C4, 0x10A4, 0x08A4, 0x10E5, 0x4167, 
  0x1842, 0x0041, 0x1166, 0x19C8, 0x08E4, 0x0063, 0x0862, 0x11A7, 0x08C4, 0x0000, 0x0840, 0x0841, 0x0841, 0x0841, 0x0841, 0x0841, 
  0x0841, 0x28A3, 0x0862, 0x0841, 0x0862, 0x0041, 0x4105, 0x28A3, 0x0020, 0x0841, 0x0841, 0x0841, 0x0841, 0x0841, 0x0841, 0x0841, 
  0x0841, 0x0841, 0x0841, 0x0841, 0x0841, 0x0841, 0x0841, 0x0841, 0x0841, 0x0841, 0x0841, 0x0841, 0x0841, 0x0841, 0x0841, 0x0841, 
  0x0841, 0x0841, 0x0841, 0x0841, 0x0841, 0x0841, 0x0841, 0x0841, 0x0841, 0x0841, 0x0841, 0x0841, 0x0841, 0x0841, 0x0841, 0x0841, 
  0x0841, 0x0841, 0x0841, 0x0841, 0x0841, 0x0841, 0x0841, 0x0841, 0x0841, 0x0841, 0x0841, 0x0841, 0x0841, 0x0841, 0x0841, 0x0841, 
  0x0841, 0x0841, 0x0841, 0x0841, 0x0841, 0x0841, 0x0841, 0x0841, 0x0841, 0x0841, 0x0841, 0x0841, 0x0841, 0x0841, 0x0841, 0x0841, 
  0x0841, 0x0841, 0x0841, 0x0841, 0x0841, 0x0841, 0x0841, 0x0841, 0x0841, 0x0841, 0x0841, 0x0841, 0x0841, 0x0841, 0x0841, 0x0841, 
  0x0841, 0x0841, 0x0841, 0x0841, 0x0841, 0x0841, 0x0841, 0x0841, 0x0841, 0x0841, 0x0841, 0x0841, 0x0841, 0x0841, 0x0841, 0x0841, 
  0x0841, 0x0841, 0x0841, 0x0841, 0x0841, 0x0841, 0x0841, 0x0841, 0x0841, 0x0841, 0x0841, 0x0841, 0x0841, 0x0841, 0x0841, 0x0020, 
  0x0020, 0x0841, 0x0841, 0x0841, 0x0841, 0x0841, 0x0841, 0x0841, 0x0841, 0x0841, 0x0841, 0x0841, 0x0841, 0x0841, 0x0841, 0x0841, 
  0x0841, 0x0841, 0x0841, 0x0841, 0x0841, 0x0841, 0x0841, 0x0841, 0x0841, 0x0841, 0x0841, 0x0841, 0x0841, 0x0841, 0x0841, 0x0841, 
  0x0841, 0x0841, 0x0841, 0x0841, 0x0841, 0x0841, 0x0841, 0x0841, 0x0841, 0x0841, 0x0841, 0x0841, 0x0841, 0x0862, 0x0063, 0x00C4, 
  0x122B, 0x1AAE, 0x09A9, 0x00A4, 0x0062, 0x0063, 0x08A3, 0x0083, 0x08C5, 0x0063, 0x08A4, 0x0083, 0x08C4, 0x0883, 0x08C4, 0x08E5, 
  0x0883, 0x10E5, 0x0022, 0x0022, 0x0021, 0x0906, 0x22EF, 0x3436, 0x122B, 0x0021, 0x0022, 0x0841, 0x0841, 0x0841, 0x0841, 0x0841, 
  0x0841, 0x0841, 0x0841, 0x0841, 0x0841, 0x0841, 0x0841, 0x0841, 0x0841, 0x0841, 0x0841, 0x0841, 0x0841, 0x0841, 0x0841, 0x0841, 
  0x0841, 0x0841, 0x0841, 0x0841, 0x0841, 0x0841, 0x0841, 0x0841, 0x0841, 0x0841, 0x0841, 0x0841, 0x0841, 0x0841, 0x0841, 0x0841, 
  0x0841, 0x0841, 0x0841, 0x0841, 0x0841, 0x0841, 0x0841, 0x0841, 0x0841, 0x0841, 0x0041, 0x2082, 0x38E4, 0x0041, 0x0861, 0x0041, 
  0x1883, 0x28A3, 0x0020, 0x0841, 0x0841, 0x0841, 0x0841, 0x0841, 0x0841, 0x0841, 0x0041, 0x19C8, 0x1167, 0x11A8, 0x1146, 0x0041, 
  0x0821, 0x0841, 0x0020, 0x3105, 0x3126, 0x08A4, 0x08A3, 0x10C4, 0x10C4, 0x10C4, 0x08A4, 0x10E5, 0x2167, 0x31A9, 0x41E9, 0x4A0A, 
  0x41EA, 0x29A8, 0x5A2B, 0x4A0A, 0x39C9, 0x3188, 0x1926, 0x08C4, 0x10A4, 0x10C4, 0x10C4, 0x08A4, 0x08A4, 0x18E5, 0x4147, 0x1082, 
  0x0040, 0x0841, 0x0020, 0x08A3, 0x19C8, 0x1187, 0x19C8, 0x1125, 0x0000, 0x0861, 0x0841, 0x0841, 0x0841, 0x0841, 0x0841, 0x0841, 
  0x0841, 0x28A3, 0x0841, 0x0841, 0x0041, 0x1062, 0x30C4, 0x0821, 0x0840, 0x0841, 0x0841, 0x0841, 0x0841, 0x0841, 0x0841, 0x0841, 
  0x0841, 0x0841, 0x0841, 0x0841, 0x0841, 0x0841, 0x0841, 0x0841, 0x0841, 0x0841, 0x0841, 0x0841, 0x0841, 0x0841, 0x0841, 0x0841, 
  0x0841, 0x0841, 0x0841, 0x0841, 0x0841, 0x0841, 0x0841, 0x0841, 0x0841, 0x0841, 0x0841, 0x0841, 0x0841, 0x0841, 0x0841, 0x0841, 
  0x0841, 0x0841, 0x0841, 0x0841, 0x0841, 0x0841, 0x0841, 0x0841, 0x0841, 0x0841, 0x0841, 0x0841, 0x0841, 0x0841, 0x0841, 0x0841, 
  0x0841, 0x0841, 0x0841, 0x0841, 0x0841, 0x0841, 0x0841, 0x0841, 0x0841, 0x0841, 0x0841, 0x0841, 0x0841, 0x0841, 0x0841, 0x0841, 
  0x0841, 0x0841, 0x0841, 0x0841, 0x0841, 0x0841, 0x0841, 0x0841, 0x0841, 0x0841, 0x0841, 0x0841, 0x0841, 0x0841, 0x0841, 0x0841, 
  0x0841, 0x0841, 0x0841, 0x0841, 0x0841, 0x0841, 0x0841, 0x0841, 0x0841, 0x0841, 0x0841, 0x0841, 0x0841, 0x0841, 0x0841, 0x0841, 
  0x0841, 0x0841, 0x0841, 0x0841, 0x0841, 0x0841, 0x0841, 0x0841, 0x0841, 0x0841, 0x0841, 0x0841, 0x0841, 0x0841, 0x0841, 0x0020, 
  0x0020, 0x0841, 0x0841, 0x0841, 0x0841, 0x0841, 0x0841, 0x0841, 0x0841, 0x0841, 0x0841, 0x0841, 0x0841, 0x0841, 0x0841, 0x0841, 
  0x0841, 0x0841, 0x0841, 0x0841, 0x0841, 0x0841, 0x0841, 0x0841, 0x0841, 0x0841, 0x0841, 0x0841, 0x0841, 0x0841, 0x0841, 0x0841, 
  0x0841, 0x0841, 0x0841, 0x0841, 0x0841, 0x0841, 0x0841, 0x0841, 0x0841, 0x0841, 0x0841, 0x0841, 0x0841, 0x0841, 0x0861, 0x0083, 
  0x0084, 0x0968, 0x126D, 0x128D, 0x11EA, 0x08E5, 0x1084, 0x0042, 0x0022, 0x0042, 0x0063, 0x0063, 0x0883, 0x0883, 0x08A4, 0x10E5, 
  0x0842, 0x0862, 0x0084, 0x0989, 0x22CF, 0x33F5, 0x2BD4, 0x1A8D, 0x1146, 0x0862, 0x0820, 0x0841, 0x0841, 0x0841, 0x0841, 0x0841, 
  0x0841, 0x0841, 0x0841, 0x0841, 0x0841, 0x0841, 0x0841, 0x0841, 0x0841, 0x0841, 0x0841, 0x0841, 0x0841, 0x0841, 0x0841, 0x0841, 
  0x0841, 0x0841, 0x0841, 0x0841, 0x0841, 0x0841, 0x0841, 0x0841, 0x0841, 0x0841, 0x0841, 0x0841, 0x0841, 0x0841, 0x0841, 0x0841, 
  0x0841, 0x0841, 0x0841, 0x0841, 0x0841, 0x0841, 0x0841, 0x0841, 0x0841, 0x0841, 0x0841, 0x0020, 0x28A3, 0x38E5, 0x0841, 0x1041, 
  0x30C4, 0x28A3, 0x0020, 0x0841, 0x0841, 0x0841, 0x0841, 0x0841, 0x0841, 0x0841, 0x0821, 0x0862, 0x0904, 0x0862, 0x0020, 0x0841, 
  0x0841, 0x0841, 0x0841, 0x0020, 0x28E4, 0x4147, 0x2906, 0x10A4, 0x0883, 0x10C4, 0x10C4, 0x10C4, 0x08A4, 0x08C4, 0x08C4, 0x08C4, 
  0x10E5, 0x10C5, 0x08C4, 0x08C4, 0x08A4, 0x08A4, 0x10A4, 0x10A4, 0x10A4, 0x08A3, 0x0883, 0x18A4, 0x49A8, 0x51A8, 0x1041, 0x0041, 
  0x0841, 0x0841, 0x0841, 0x0820, 0x0020, 0x08C3, 0x08C3, 0x0020, 0x0841, 0x0841, 0x0841, 0x0841, 0x0841, 0x0841, 0x0841, 0x0841, 
  0x0821, 0x38C4, 0x2083, 0x0861, 0x1862, 0x38E5, 0x1041, 0x0841, 0x0841, 0x0841, 0x0841, 0x0841, 0x0841, 0x0841, 0x0841, 0x0841, 
  0x0841, 0x0841, 0x0841, 0x0841, 0x0841, 0x0841, 0x0841, 0x0841, 0x0841, 0x0841, 0x0841, 0x0841, 0x0841, 0x0841, 0x0841, 0x0841, 
  0x0841, 0x0841, 0x0841, 0x0841, 0x0841, 0x0841, 0x0841, 0x0841, 0x0841, 0x0841, 0x0841, 0x0841, 0x0841, 0x0841, 0x0841, 0x0841, 
  0x0841, 0x0841, 0x0841, 0x0841, 0x0841, 0x0841, 0x0841, 0x0841, 0x0841, 0x0841, 0x0841, 0x0841, 0x0841, 0x0841, 0x0841, 0x0841, 
  0x0841, 0x0841, 0x0841, 0x0841, 0x0841, 0x0841, 0x0841, 0x0841, 0x0841, 0x0841, 0x0841, 0x0841, 0x0841, 0x0841, 0x0841, 0x0841, 
  0x0841, 0x0841, 0x0841, 0x0841, 0x0841, 0x0841, 0x0841, 0x0841, 0x0841, 0x0841, 0x0841, 0x0841, 0x0841, 0x0841, 0x0841, 0x0841, 
  0x0841, 0x0841, 0x0841, 0x0841, 0x0841, 0x0841, 0x0841, 0x0841, 0x0841, 0x0841, 0x0841, 0x0841, 0x0841, 0x0841, 0x0841, 0x0841, 
  0x0841, 0x0841, 0x0841, 0x0841, 0x0841, 0x0841, 0x0841, 0x0841, 0x0841, 0x0841, 0x0841, 0x0841, 0x0841, 0x0841, 0x0841, 0x0020, 
  0x0020, 0x0841, 0x0841, 0x0841, 0x0841, 0x0841, 0x0841, 0x0841, 0x0841, 0x0841, 0x0841, 0x0841, 0x0841, 0x0841, 0x0841, 0x0841, 
  0x0841, 0x0841, 0x0841, 0x0841, 0x0841, 0x0841, 0x0841, 0x0841, 0x0841, 0x0841, 0x0841, 0x0841, 0x0841, 0x0841, 0x0841, 0x0841, 
  0x0841, 0x0841, 0x0841, 0x0841, 0x0841, 0x0841, 0x0841, 0x0841, 0x0841, 0x0841, 0x0841, 0x0841, 0x0841, 0x0841, 0x0840, 0x0841, 
  0x0842, 0x0062, 0x0083, 0x0926, 0x120B, 0x124D, 0x124C, 0x11EA, 0x0989, 0x00A4, 0x0021, 0x0863, 0x0042, 0x0021, 0x0862, 0x0883, 
  0x0001, 0x00A4, 0x2352, 0x2C15, 0x2BB3, 0x1AAE, 0x0968, 0x08A3, 0x0862, 0x0841, 0x0840, 0x0841, 0x0841, 0x0841, 0x0841, 0x0841, 
  0x0841, 0x0841, 0x0841, 0x0841, 0x0841, 0x0841, 0x0841, 0x0841, 0x0841, 0x0841, 0x0841, 0x0841, 0x0841, 0x0841, 0x0841, 0x0841, 
  0x0841, 0x0841, 0x0841, 0x0841, 0x0841, 0x0841, 0x0841, 0x0841, 0x0841, 0x0841, 0x0841, 0x0841, 0x0841, 0x0841, 0x0841, 0x0841, 
  0x0841, 0x0841, 0x0841, 0x0841, 0x0841, 0x0841, 0x0841, 0x0841, 0x0841, 0x0841, 0x0841, 0x0841, 0x0020, 0x28A3, 0x38E4, 0x40E4, 
  0x38E4, 0x0841, 0x0841, 0x0841, 0x0841, 0x0841, 0x0841, 0x0841, 0x0841, 0x0841, 0x0841, 0x0841, 0x0820, 0x0841, 0x0841, 0x0841, 
  0x0841, 0x0841, 0x0841, 0x0841, 0x0021, 0x1041, 0x30E4, 0x4147, 0x2905, 0x10A4, 0x0883, 0x08A4, 0x10A4, 0x10C4, 0x10C4, 0x10A4, 
  0x10C4, 0x10A4, 0x10A4, 0x10C4, 0x10A4, 0x10A3, 0x10A3, 0x0883, 0x0883, 0x18C4, 0x3926, 0x4146, 0x20A3, 0x0821, 0x0041, 0x0841, 
  0x0841, 0x0841, 0x0841, 0x0841, 0x0841, 0x0820, 0x0820, 0x0841, 0x0841, 0x0841, 0x0841, 0x0841, 0x0841, 0x0841, 0x0841, 0x0841, 
  0x0040, 0x1862, 0x40E4, 0x30C4, 0x30C4, 0x1061, 0x0040, 0x0841, 0x0841, 0x0841, 0x0841, 0x0841, 0x0841, 0x0841, 0x0841, 0x0841, 
  0x0841, 0x0841, 0x0841, 0x0841, 0x0841, 0x0841, 0x0841, 0x0841, 0x0841, 0x0841, 0x0841, 0x0841, 0x0841, 0x0841, 0x0841, 0x0841, 
  0x0841, 0x0841, 0x0841, 0x0841, 0x0841, 0x0841, 0x0841, 0x0841, 0x0841, 0x0841, 0x0841, 0x0841, 0x0841, 0x0841, 0x0841, 0x0841, 
  0x0841, 0x0841, 0x0841, 0x0841, 0x0841, 0x0841, 0x0841, 0x0841, 0x0841, 0x0841, 0x0841, 0x0841, 0x0841, 0x0841, 0x0841, 0x0841, 
  0x0841, 0x0841, 0x0841, 0x0841, 0x0841, 0x0841, 0x0841, 0x0841, 0x0841, 0x0841, 0x0841, 0x0841, 0x0841, 0x0841, 0x0841, 0x0841, 
  0x0841, 0x0841, 0x0841, 0x0841, 0x0841, 0x0841, 0x0841, 0x0841, 0x0841, 0x0841, 0x0841, 0x0841, 0x0841, 0x0841, 0x0841, 0x0841, 
  0x0841, 0x0841, 0x0841, 0x0841, 0x0841, 0x0841, 0x0841, 0x0841, 0x0841, 0x0841, 0x0841, 0x0841, 0x0841, 0x0841, 0x0841, 0x0841, 
  0x0841, 0x0841, 0x0841, 0x0841, 0x0841, 0x0841, 0x0841, 0x0841, 0x0841, 0x0841, 0x0841, 0x0841, 0x0841, 0x0841, 0x0841, 0x0020, 
  0x0020, 0x0841, 0x0841, 0x0841, 0x0841, 0x0841, 0x0841, 0x0841, 0x0841, 0x0841, 0x0841, 0x0841, 0x0841, 0x0841, 0x0841, 0x0841, 
  0x0841, 0x0841, 0x0841, 0x0841, 0x0841, 0x0841, 0x0841, 0x0841, 0x0841, 0x0841, 0x0841, 0x0841, 0x0841, 0x0841, 0x0841, 0x0841, 
  0x0841, 0x0841, 0x0841, 0x0841, 0x0841, 0x0841, 0x0841, 0x0841, 0x0841, 0x0841, 0x0841, 0x0841, 0x0841, 0x0841, 0x0841, 0x0841, 
  0x0841, 0x0841, 0x0841, 0x0021, 0x0042, 0x00A3, 0x0906, 0x0988, 0x09C9, 0x1AAE, 0x1A2C, 0x0083, 0x08A4, 0x08C4, 0x08C5, 0x08C5, 
  0x0905, 0x120B, 0x1AAF, 0x120B, 0x0946, 0x08A3, 0x0862, 0x0841, 0x0841, 0x0841, 0x0841, 0x0841, 0x0841, 0x0841, 0x0841, 0x0841, 
  0x0841, 0x0841, 0x0841, 0x0841, 0x0841, 0x0841, 0x0841, 0x0841, 0x0841, 0x0841, 0x0841, 0x0841, 0x0841, 0x0841, 0x0841, 0x0841, 
  0x0841, 0x0841, 0x0841, 0x0841, 0x0841, 0x0841, 0x0841, 0x0841, 0x0841, 0x0841, 0x0841, 0x0841, 0x0841, 0x0841, 0x0841, 0x0841, 
  0x0841, 0x0841, 0x0841, 0x0841, 0x0841, 0x0841, 0x0841, 0x0841, 0x0841, 0x0841, 0x0841, 0x0841, 0x0841, 0x0040, 0x0840, 0x0840, 
  0x0020, 0x0841, 0x0841, 0x0841, 0x0841, 0x0841, 0x0841, 0x0841, 0x0841, 0x0841, 0x0841, 0x0841, 0x0841, 0x0841, 0x0841, 0x0841, 
  0x0841, 0x0841, 0x0841, 0x0841, 0x0841, 0x0841, 0x0020, 0x1041, 0x30E4, 0x4146, 0x3105, 0x20C5, 0x10A4, 0x10A4, 0x0883, 0x0883, 
  0x08A3, 0x0883, 0x0883, 0x0883, 0x1083, 0x10A4, 0x18C4, 0x20E5, 0x3926, 0x4125, 0x20A3, 0x0820, 0x0020, 0x0841, 0x0841, 0x0841, 
  0x0841, 0x0841, 0x0841, 0x0841, 0x0841, 0x0841, 0x0841, 0x0841, 0x0841, 0x0841, 0x0841, 0x0841, 0x0841, 0x0841, 0x0841, 0x0841, 
  0x0841, 0x0041, 0x0020, 0x0821, 0x0041, 0x0841, 0x0841, 0x0841, 0x0841, 0x0841, 0x0841, 0x0841, 0x0841, 0x0841, 0x0841, 0x0841, 
  0x0841, 0x0841, 0x0841, 0x0841, 0x0841, 0x0841, 0x0841, 0x0841, 0x0841, 0x0841, 0x0841, 0x0841, 0x0841, 0x0841, 0x0841, 0x0841, 
  0x0841, 0x0841, 0x0841, 0x0841, 0x0841, 0x0841, 0x0841, 0x0841, 0x0841, 0x0841, 0x0841, 0x0841, 0x0841, 0x0841, 0x0841, 0x0841, 
  0x0841, 0x0841, 0x0841, 0x0841, 0x0841, 0x0841, 0x0841, 0x0841, 0x0841, 0x0841, 0x0841, 0x0841, 0x0841, 0x0841, 0x0841, 0x0841, 
  0x0841, 0x0841, 0x0841, 0x0841, 0x0841, 0x0841, 0x0841, 0x0841, 0x0841, 0x0841, 0x0841, 0x0841, 0x0841, 0x0841, 0x0841, 0x0841, 
  0x0841, 0x0841, 0x0841, 0x0841, 0x0841, 0x0841, 0x0841, 0x0841, 0x0841, 0x0841, 0x0841, 0x0841, 0x0841, 0x0841, 0x0841, 0x0841, 
  0x0841, 0x0841, 0x0841, 0x0841, 0x0841, 0x0841, 0x0841, 0x0841, 0x0841, 0x0841, 0x0841, 0x0841, 0x0841, 0x0841, 0x0841, 0x0841, 
  0x0841, 0x0841, 0x0841, 0x0841, 0x0841, 0x0841, 0x0841, 0x0841, 0x0841, 0x0841, 0x0841, 0x0841, 0x0841, 0x0841, 0x0841, 0x0020, 
  0x0020, 0x0841, 0x0841, 0x0841, 0x0841, 0x0841, 0x0841, 0x0841, 0x0841, 0x0841, 0x0841, 0x0841, 0x0841, 0x0841, 0x0841, 0x0841, 
  0x0841, 0x0841, 0x0841, 0x0841, 0x0841, 0x0841, 0x0841, 0x0841, 0x0841, 0x0841, 0x0841, 0x0841, 0x0841, 0x0841, 0x0841, 0x0841, 
  0x0841, 0x0841, 0x0841, 0x0841, 0x0841, 0x0841, 0x0841, 0x0841, 0x0841, 0x0841, 0x0841, 0x0841, 0x0841, 0x0841, 0x0841, 0x0841, 
  0x0841, 0x0841, 0x0841, 0x0841, 0x0041, 0x0041, 0x0021, 0x0021, 0x0021, 0x1168, 0x120B, 0x1147, 0x1106, 0x1147, 0x1126, 0x0926, 
  0x08E5, 0x08A3, 0x0062, 0x0862, 0x0841, 0x0841, 0x0841, 0x0841, 0x0841, 0x0841, 0x0841, 0x0841, 0x0841, 0x0841, 0x0841, 0x0841, 
  0x0841, 0x0841, 0x0841, 0x0841, 0x0841, 0x0841, 0x0841, 0x0841, 0x0841, 0x0841, 0x0841, 0x0841, 0x0841, 0x0841, 0x0841, 0x0841, 
  0x0841, 0x0841, 0x0841, 0x0841, 0x0841, 0x0841, 0x0841, 0x0841, 0x0841, 0x0841, 0x0841, 0x0841, 0x0841, 0x0841, 0x0841, 0x0841, 
  0x0841, 0x0841, 0x0841, 0x0841, 0x0841, 0x0841, 0x0841, 0x0841, 0x0841, 0x0841, 0x0841, 0x0841, 0x0841, 0x0841, 0x0841, 0x0841, 
  0x0841, 0x0841, 0x0841, 0x0841, 0x0841, 0x0841, 0x0841, 0x0841, 0x0841, 0x0841, 0x0841, 0x0841, 0x0841, 0x0841, 0x0841, 0x0841, 
  0x0841, 0x0841, 0x0841, 0x0841, 0x0841, 0x0841, 0x0841, 0x0841, 0x0020, 0x0841, 0x30C4, 0x3905, 0x3926, 0x3926, 0x3926, 0x3126, 
  0x2905, 0x2905, 0x3106, 0x3926, 0x3926, 0x3926, 0x3905, 0x3104, 0x1882, 0x0020, 0x0020, 0x0841, 0x0841, 0x0841, 0x0841, 0x0841, 
  0x0841, 0x0841, 0x0841, 0x0841, 0x0841, 0x0841, 0x0841, 0x0841, 0x0841, 0x0841, 0x0841, 0x0841, 0x0841, 0x0841, 0x0841, 0x0841, 
  0x0841, 0x0841, 0x0841, 0x0841, 0x0841, 0x0841, 0x0841, 0x0841, 0x0841, 0x0841, 0x0841, 0x0841, 0x0841, 0x0841, 0x0841, 0x0841, 
  0x0841, 0x0841, 0x0841, 0x0841, 0x0841, 0x0841, 0x0841, 0x0841, 0x0841, 0x0841, 0x0841, 0x0841, 0x0841, 0x0841, 0x0841, 0x0841, 
  0x0841, 0x0841, 0x0841, 0x0841, 0x0841, 0x0841, 0x0841, 0x0841, 0x0841, 0x0841, 0x0841, 0x0841, 0x0841, 0x0841, 0x0841, 0x0841, 
  0x0841, 0x0841, 0x0841, 0x0841, 0x0841, 0x0841, 0x0841, 0x0841, 0x0841, 0x0841, 0x0841, 0x0841, 0x0841, 0x0841, 0x0841, 0x0841, 
  0x0841, 0x0841, 0x0841, 0x0841, 0x0841, 0x0841, 0x0841, 0x0841, 0x0841, 0x0841, 0x0841, 0x0841, 0x0841, 0x0841, 0x0841, 0x0841, 
  0x0841, 0x0841, 0x0841, 0x0841, 0x0841, 0x0841, 0x0841, 0x0841, 0x0841, 0x0841, 0x0841, 0x0841, 0x0841, 0x0841, 0x0841, 0x0841, 
  0x0841, 0x0841, 0x0841, 0x0841, 0x0841, 0x0841, 0x0841, 0x0841, 0x0841, 0x0841, 0x0841, 0x0841, 0x0841, 0x0841, 0x0841, 0x0841, 
  0x0841, 0x0841, 0x0841, 0x0841, 0x0841, 0x0841, 0x0841, 0x0841, 0x0841, 0x0841, 0x0841, 0x0841, 0x0841, 0x0841, 0x0841, 0x0020, 
  0x0020, 0x0841, 0x0020, 0x0841, 0x0841, 0x0841, 0x0841, 0x0841, 0x0841, 0x0841, 0x0841, 0x0841, 0x0841, 0x0841, 0x0841, 0x0841, 
  0x0841, 0x0841, 0x0841, 0x0841, 0x0841, 0x0841, 0x0841, 0x0841, 0x0841, 0x0841, 0x0841, 0x0841, 0x0841, 0x0841, 0x0841, 0x0841, 
  0x0841, 0x0841, 0x0841, 0x0841, 0x0841, 0x0841, 0x0841, 0x0841, 0x0841, 0x0841, 0x0841, 0x0841, 0x0841, 0x0841, 0x0841, 0x0841, 
  0x0841, 0x0841, 0x0840, 0x0840, 0x0840, 0x0841, 0x0841, 0x0821, 0x0041, 0x0000, 0x0061, 0x0062, 0x0041, 0x0041, 0x0041, 0x0041, 
  0x0021, 0x0041, 0x0040, 0x0841, 0x0041, 0x0841, 0x0841, 0x0841, 0x0841, 0x0841, 0x0841, 0x0841, 0x0841, 0x0841, 0x0841, 0x0841, 
  0x0841, 0x0841, 0x0841, 0x0841, 0x0841, 0x0841, 0x0841, 0x0841, 0x0841, 0x0841, 0x0841, 0x0841, 0x0841, 0x0841, 0x0841, 0x0841, 
  0x0841, 0x0841, 0x0841, 0x0841, 0x0841, 0x0841, 0x0841, 0x0841, 0x0841, 0x0841, 0x0841, 0x0841, 0x0841, 0x0841, 0x0841, 0x0841, 
  0x0841, 0x0841, 0x0841, 0x0841, 0x0841, 0x0841, 0x0841, 0x0841, 0x0841, 0x0841, 0x0841, 0x0841, 0x0841, 0x0841, 0x0841, 0x0841, 
  0x0841, 0x0841, 0x0841, 0x0841, 0x0841, 0x0841, 0x0841, 0x0841, 0x0841, 0x0841, 0x0841, 0x0841, 0x0841, 0x0841, 0x0841, 0x0841, 
  0x0841, 0x0841, 0x0841, 0x0841, 0x0841, 0x0841, 0x0841, 0x0841, 0x0841, 0x0041, 0x0020, 0x0020, 0x0821, 0x0841, 0x1062, 0x2083, 
  0x28C3, 0x28A3, 0x1883, 0x1862, 0x1041, 0x0821, 0x0020, 0x0021, 0x0020, 0x0841, 0x0841, 0x0841, 0x0841, 0x0841, 0x0841, 0x0841, 
  0x0841, 0x0841, 0x0841, 0x0841, 0x0841, 0x0841, 0x0841, 0x0841, 0x0841, 0x0841, 0x0841, 0x0841, 0x0841, 0x0841, 0x0841, 0x0841, 
  0x0841, 0x0841, 0x0841, 0x0841, 0x0841, 0x0841, 0x0841, 0x0841, 0x0841, 0x0841, 0x0841, 0x0841, 0x0841, 0x0841, 0x0841, 0x0841, 
  0x0841, 0x0841, 0x0841, 0x0841, 0x0841, 0x0841, 0x0841, 0x0841, 0x0841, 0x0841, 0x0841, 0x0841, 0x0841, 0x0841, 0x0841, 0x0841, 
  0x0841, 0x0841, 0x0841, 0x0841, 0x0841, 0x0841, 0x0841, 0x0841, 0x0841, 0x0841, 0x0841, 0x0841, 0x0841, 0x0841, 0x0841, 0x0841, 
  0x0841, 0x0841, 0x0841, 0x0841, 0x0841, 0x0841, 0x0841, 0x0841, 0x0841, 0x0841, 0x0841, 0x0841, 0x0841, 0x0841, 0x0841, 0x0841, 
  0x0841, 0x0841, 0x0841, 0x0841, 0x0841, 0x0841, 0x0841, 0x0841, 0x0841, 0x0841, 0x0841, 0x0841, 0x0841, 0x0841, 0x0841, 0x0841, 
  0x0841, 0x0841, 0x0841, 0x0841, 0x0841, 0x0841, 0x0841, 0x0841, 0x0841, 0x0841, 0x0841, 0x0841, 0x0841, 0x0841, 0x0841, 0x0841, 
  0x0841, 0x0841, 0x0841, 0x0841, 0x0841, 0x0841, 0x0841, 0x0841, 0x0841, 0x0841, 0x0841, 0x0841, 0x0841, 0x0841, 0x0841, 0x0841, 
  0x0841, 0x0841, 0x0841, 0x0841, 0x0841, 0x0841, 0x0841, 0x0841, 0x0841, 0x0841, 0x0841, 0x0841, 0x0841, 0x0841, 0x0841, 0x0020, 
  0x0020, 0x0841, 0x0841, 0x0841, 0x0841, 0x0841, 0x0841, 0x0841, 0x0841, 0x0841, 0x0841, 0x0841, 0x0841, 0x0841, 0x0841, 0x0841, 
  0x0841, 0x0841, 0x0841, 0x0841, 0x0841, 0x0841, 0x0841, 0x0841, 0x0841, 0x0841, 0x0841, 0x0841, 0x0841, 0x0841, 0x0841, 0x0841, 
  0x0841, 0x0841, 0x0841, 0x0841, 0x0841, 0x0841, 0x0841, 0x0841, 0x0841, 0x0841, 0x0841, 0x0841, 0x0841, 0x0841, 0x0841, 0x0841, 
  0x0841, 0x0841, 0x0841, 0x0841, 0x0841, 0x0841, 0x0841, 0x0841, 0x0841, 0x0841, 0x0841, 0x0840, 0x0841, 0x0841, 0x0841, 0x0841, 
  0x0841, 0x0841, 0x0841, 0x0841, 0x0841, 0x0841, 0x0841, 0x0841, 0x0841, 0x0841, 0x0841, 0x0841, 0x0841, 0x0841, 0x0841, 0x0841, 
  0x0841, 0x0841, 0x0841, 0x0841, 0x0841, 0x0841, 0x0841, 0x0841, 0x0841, 0x0841, 0x0841, 0x0841, 0x0841, 0x0841, 0x0841, 0x0841, 
  0x0841, 0x0841, 0x0841, 0x0841, 0x0841, 0x0841, 0x0841, 0x0841, 0x0841, 0x0841, 0x0841, 0x0841, 0x0841, 0x0841, 0x0841, 0x0841, 
  0x0841, 0x0841, 0x0841, 0x0841, 0x0841, 0x0841, 0x0841, 0x0841, 0x0841, 0x0841, 0x0841, 0x0841, 0x0841, 0x0841, 0x0841, 0x0841, 
  0x0841, 0x0841, 0x0841, 0x0841, 0x0841, 0x0841, 0x0841, 0x0841, 0x0841, 0x0841, 0x0841, 0x0841, 0x0841, 0x0841, 0x0841, 0x0841, 
  0x0841, 0x0841, 0x0841, 0x0841, 0x0841, 0x0841, 0x0841, 0x0841, 0x0841, 0x0841, 0x0841, 0x0841, 0x0841, 0x0841, 0x0020, 0x0020, 
  0x0020, 0x0020, 0x0020, 0x0020, 0x0040, 0x0841, 0x0841, 0x0841, 0x0841, 0x0841, 0x0841, 0x0841, 0x0841, 0x0841, 0x0841, 0x0841, 
  0x0841, 0x0841, 0x0841, 0x0841, 0x0841, 0x0841, 0x0841, 0x0841, 0x0841, 0x0841, 0x0841, 0x0841, 0x0841, 0x0841, 0x0841, 0x0841, 
  0x0841, 0x0841, 0x0841, 0x0841, 0x0841, 0x0841, 0x0841, 0x0841, 0x0841, 0x0841, 0x0841, 0x0841, 0x0841, 0x0841, 0x0841, 0x0841, 
  0x0841, 0x0841, 0x0841, 0x0841, 0x0841, 0x0841, 0x0841, 0x0841, 0x0841, 0x0841, 0x0841, 0x0841, 0x0841, 0x0841, 0x0841, 0x0841, 
  0x0841, 0x0841, 0x0841, 0x0841, 0x0841, 0x0841, 0x0841, 0x0841, 0x0841, 0x0841, 0x0841, 0x0841, 0x0841, 0x0841, 0x0841, 0x0841, 
  0x0841, 0x0841, 0x0841, 0x0841, 0x0841, 0x0841, 0x0841, 0x0841, 0x0841, 0x0841, 0x0841, 0x0841, 0x0841, 0x0841, 0x0841, 0x0841, 
  0x0841, 0x0841, 0x0841, 0x0841, 0x0841, 0x0841, 0x0841, 0x0841, 0x0841, 0x0841, 0x0841, 0x0841, 0x0841, 0x0841, 0x0841, 0x0841, 
  0x0841, 0x0841, 0x0841, 0x0841, 0x0841, 0x0841, 0x0841, 0x0841, 0x0841, 0x0841, 0x0841, 0x0841, 0x0841, 0x0841, 0x0841, 0x0841, 
  0x0841, 0x0841, 0x0841, 0x0841, 0x0841, 0x0841, 0x0841, 0x0841, 0x0841, 0x0841, 0x0841, 0x0841, 0x0841, 0x0841, 0x0841, 0x0841, 
  0x0841, 0x0841, 0x0841, 0x0841, 0x0841, 0x0841, 0x0841, 0x0841, 0x0841, 0x0841, 0x0841, 0x0841, 0x0841, 0x0841, 0x0841, 0x0020, 
  0x0020, 0x0841, 0x0841, 0x0841, 0x0841, 0x0841, 0x0841, 0x0841, 0x0841, 0x0841, 0x0841, 0x0841, 0x0841, 0x0841, 0x0841, 0x0841, 
  0x0841, 0x0841, 0x0841, 0x0841, 0x0841, 0x0841, 0x0841, 0x0841, 0x0841, 0x0841, 0x0841, 0x0841, 0x0841, 0x0841, 0x0841, 0x0841, 
  0x0841, 0x0841, 0x0841, 0x0841, 0x0841, 0x0841, 0x0841, 0x0841, 0x0841, 0x0841, 0x0841, 0x0841, 0x0841, 0x0841, 0x0841, 0x0841, 
  0x0841, 0x0841, 0x0841, 0x0841, 0x0841, 0x0841, 0x0841, 0x0841, 0x0841, 0x0841, 0x0841, 0x0841, 0x0841, 0x0841, 0x0841, 0x0841, 
  0x0841, 0x0841, 0x0841, 0x0841, 0x0841, 0x0841, 0x0841, 0x0841, 0x0841, 0x0841, 0x0841, 0x0841, 0x0841, 0x0841, 0x0841, 0x0841, 
  0x0841, 0x0841, 0x0841, 0x0841, 0x0841, 0x0841, 0x0841, 0x0841, 0x0841, 0x0841, 0x0841, 0x0841, 0x0841, 0x0841, 0x0841, 0x0841, 
  0x0841, 0x0841, 0x0841, 0x0841, 0x0841, 0x0841, 0x0841, 0x0841, 0x0841, 0x0841, 0x0841, 0x0841, 0x0841, 0x0841, 0x0841, 0x0841, 
  0x0841, 0x0841, 0x0841, 0x0841, 0x0841, 0x0841, 0x0841, 0x0841, 0x0841, 0x0841, 0x0841, 0x0841, 0x0841, 0x0841, 0x0841, 0x0841, 
  0x0841, 0x0841, 0x0841, 0x0841, 0x0841, 0x0841, 0x0841, 0x0841, 0x0841, 0x0841, 0x0841, 0x0841, 0x0841, 0x0841, 0x0841, 0x0841, 
  0x0841, 0x0841, 0x0841, 0x0841, 0x0841, 0x0841, 0x0841, 0x0841, 0x0841, 0x0841, 0x0841, 0x0841, 0x0841, 0x0841, 0x0841, 0x0841, 
  0x0841, 0x0841, 0x0841, 0x0841, 0x0841, 0x0841, 0x0841, 0x0841, 0x0841, 0x0841, 0x0841, 0x0841, 0x0841, 0x0841, 0x0841, 0x0841, 
  0x0841, 0x0841, 0x0841, 0x0841, 0x0841, 0x0841, 0x0841, 0x0841, 0x0841, 0x0841, 0x0841, 0x0841, 0x0841, 0x0841, 0x0841, 0x0841, 
  0x0841, 0x0841, 0x0841, 0x0841, 0x0841, 0x0841, 0x0841, 0x0841, 0x0841, 0x0841, 0x0841, 0x0841, 0x0841, 0x0841, 0x0841, 0x0841, 
  0x0841, 0x0841, 0x0841, 0x0841, 0x0841, 0x0841, 0x0841, 0x0841, 0x0841, 0x0841, 0x0841, 0x0841, 0x0841, 0x0841, 0x0841, 0x0841, 
  0x0841, 0x0841, 0x0841, 0x0841, 0x0841, 0x0841, 0x0841, 0x0841, 0x0841, 0x0841, 0x0841, 0x0841, 0x0841, 0x0841, 0x0841, 0x0841, 
  0x0841, 0x0841, 0x0841, 0x0841, 0x0841, 0x0841, 0x0841, 0x0841, 0x0841, 0x0841, 0x0841, 0x0841, 0x0841, 0x0841, 0x0841, 0x0841, 
  0x0841, 0x0841, 0x0841, 0x0841, 0x0841, 0x0841, 0x0841, 0x0841, 0x0841, 0x0841, 0x0841, 0x0841, 0x0841, 0x0841, 0x0841, 0x0841, 
  0x0841, 0x0841, 0x0841, 0x0841, 0x0841, 0x0841, 0x0841, 0x0841, 0x0841, 0x0841, 0x0841, 0x0841, 0x0841, 0x0841, 0x0841, 0x0841, 
  0x0841, 0x0841, 0x0841, 0x0841, 0x0841, 0x0841, 0x0841, 0x0841, 0x0841, 0x0841, 0x0841, 0x0841, 0x0841, 0x0841, 0x0841, 0x0841, 
  0x0841, 0x0841, 0x0841, 0x0841, 0x0841, 0x0841, 0x0841, 0x0841, 0x0841, 0x0841, 0x0841, 0x0841, 0x0841, 0x0841, 0x0841, 0x0020, 
  0x0020, 0x0841, 0x0841, 0x0841, 0x0841, 0x0841, 0x0841, 0x0841, 0x0841, 0x0841, 0x0841, 0x0841, 0x0841, 0x0841, 0x0841, 0x0841, 
  0x0841, 0x0841, 0x0841, 0x0841, 0x0841, 0x0841, 0x0841, 0x0841, 0x0841, 0x0841, 0x0841, 0x0841, 0x0841, 0x0841, 0x0841, 0x0841, 
  0x0841, 0x0841, 0x0841, 0x0841, 0x0841, 0x0841, 0x0841, 0x0841, 0x0841, 0x0841, 0x0841, 0x0841, 0x0841, 0x0841, 0x0841, 0x0841, 
  0x0841, 0x0841, 0x0841, 0x0841, 0x0841, 0x0841, 0x0841, 0x0841, 0x0841, 0x0841, 0x0841, 0x0841, 0x0841, 0x0841, 0x0841, 0x0841, 
  0x0841, 0x0841, 0x0841, 0x0841, 0x0841, 0x0841, 0x0841, 0x0841, 0x0841, 0x0841, 0x0841, 0x0841, 0x0841, 0x0841, 0x0841, 0x0841, 
  0x0841, 0x0841, 0x0841, 0x0841, 0x0841, 0x0841, 0x0841, 0x0841, 0x0841, 0x0841, 0x0841, 0x0841, 0x0841, 0x0841, 0x0841, 0x0841, 
  0x0841, 0x0841, 0x0841, 0x0841, 0x0841, 0x0841, 0x0841, 0x0841, 0x0841, 0x0841, 0x0841, 0x0841, 0x0841, 0x0841, 0x0841, 0x0841, 
  0x0841, 0x0841, 0x0841, 0x0841, 0x0841, 0x0841, 0x0841, 0x0841, 0x0841, 0x0841, 0x0841, 0x0841, 0x0841, 0x0841, 0x0841, 0x0841, 
  0x0841, 0x0841, 0x0841, 0x0841, 0x0841, 0x0841, 0x0841, 0x0841, 0x0841, 0x0841, 0x0841, 0x0841, 0x0841, 0x0841, 0x0841, 0x0841, 
  0x0841, 0x0841, 0x0841, 0x0841, 0x0841, 0x0841, 0x0841, 0x0841, 0x0841, 0x0841, 0x0841, 0x0841, 0x0841, 0x0841, 0x0841, 0x0841, 
  0x0841, 0x0841, 0x0841, 0x0841, 0x0841, 0x0841, 0x0841, 0x0841, 0x0841, 0x0841, 0x0841, 0x0841, 0x0841, 0x0841, 0x0841, 0x0841, 
  0x0841, 0x0841, 0x0841, 0x0841, 0x0841, 0x0841, 0x0841, 0x0841, 0x0841, 0x0841, 0x0841, 0x0841, 0x0841, 0x0841, 0x0841, 0x0841, 
  0x0841, 0x0841, 0x0841, 0x0841, 0x0841, 0x0841, 0x0841, 0x0841, 0x0841, 0x0841, 0x0841, 0x0841, 0x0841, 0x0841, 0x0841, 0x0841, 
  0x0841, 0x0841, 0x0841, 0x0841, 0x0841, 0x0841, 0x0841, 0x0841, 0x0841, 0x0841, 0x0841, 0x0841, 0x0841, 0x0841, 0x0841, 0x0841, 
  0x0841, 0x0841, 0x0841, 0x0841, 0x0841, 0x0841, 0x0841, 0x0841, 0x0841, 0x0841, 0x0841, 0x0841, 0x0841, 0x0841, 0x0841, 0x0841, 
  0x0841, 0x0841, 0x0841, 0x0841, 0x0841, 0x0841, 0x0841, 0x0841, 0x0841, 0x0841, 0x0841, 0x0841, 0x0841, 0x0841, 0x0841, 0x0841, 
  0x0841, 0x0841, 0x0841, 0x0841, 0x0841, 0x0841, 0x0841, 0x0841, 0x0841, 0x0841, 0x0841, 0x0841, 0x0841, 0x0841, 0x0841, 0x0841, 
  0x0841, 0x0841, 0x0841, 0x0841, 0x0841, 0x0841, 0x0841, 0x0841, 0x0841, 0x0841, 0x0841, 0x0841, 0x0841, 0x0841, 0x0841, 0x0841, 
  0x0841, 0x0841, 0x0841, 0x0841, 0x0841, 0x0841, 0x0841, 0x0841, 0x0841, 0x0841, 0x0841, 0x0841, 0x0841, 0x0841, 0x0841, 0x0841, 
  0x0841, 0x0841, 0x0841, 0x0841, 0x0841, 0x0841, 0x0841, 0x0841, 0x0841, 0x0841, 0x0841, 0x0841, 0x0841, 0x0841, 0x0841, 0x0020, 
  0x0020, 0x0841, 0x0841, 0x0841, 0x0841, 0x0841, 0x0841, 0x0841, 0x0841, 0x0841, 0x0841, 0x0841, 0x0841, 0x0841, 0x0841, 0x0841, 
  0x0841, 0x0841, 0x0841, 0x0841, 0x0841, 0x0841, 0x0841, 0x0841, 0x0841, 0x0841, 0x0841, 0x0841, 0x0841, 0x0841, 0x0841, 0x0841, 
  0x0841, 0x0841, 0x0841, 0x0841, 0x0841, 0x0841, 0x0841, 0x0841, 0x0841, 0x0841, 0x0841, 0x0841, 0x0841, 0x0841, 0x0841, 0x0841, 
  0x0841, 0x0841, 0x0841, 0x0841, 0x0841, 0x0841, 0x0841, 0x0841, 0x0841, 0x0841, 0x0841, 0x0841, 0x0841, 0x0841, 0x0841, 0x0841, 
  0x0841, 0x0841, 0x0841, 0x0841, 0x0841, 0x0841, 0x0841, 0x0841, 0x0841, 0x0841, 0x0841, 0x0841, 0x0841, 0x0841, 0x0841, 0x0841, 
  0x0841, 0x0841, 0x0841, 0x0841, 0x0841, 0x0841, 0x0841, 0x0841, 0x0841, 0x0841, 0x0841, 0x0841, 0x0841, 0x0841, 0x0841, 0x0841, 
  0x0841, 0x0841, 0x0841, 0x0841, 0x0841, 0x0841, 0x0841, 0x0841, 0x0841, 0x0841, 0x0841, 0x0841, 0x0841, 0x0841, 0x0841, 0x0841, 
  0x0841, 0x0841, 0x0841, 0x0841, 0x0841, 0x0841, 0x0841, 0x0841, 0x0841, 0x0841, 0x0841, 0x0841, 0x0841, 0x0841, 0x0841, 0x0841, 
  0x0841, 0x0841, 0x0841, 0x0841, 0x0841, 0x0841, 0x0841, 0x0841, 0x0841, 0x0841, 0x0841, 0x0841, 0x0841, 0x0841, 0x0841, 0x0841, 
  0x0841, 0x0841, 0x0841, 0x0841, 0x0841, 0x0841, 0x0841, 0x0841, 0x0841, 0x0841, 0x0841, 0x0841, 0x0841, 0x0841, 0x0841, 0x0841, 
  0x0841, 0x0841, 0x0841, 0x0841, 0x0841, 0x0841, 0x0841, 0x0841, 0x0841, 0x0841, 0x0841, 0x0841, 0x0841, 0x0841, 0x0841, 0x0841, 
  0x0841, 0x0841, 0x0841, 0x0841, 0x0841, 0x0841, 0x0841, 0x0841, 0x0841, 0x0841, 0x0841, 0x0841, 0x0841, 0x0841, 0x0841, 0x0841, 
  0x0841, 0x0841, 0x0841, 0x0841, 0x0841, 0x0841, 0x0841, 0x0841, 0x0841, 0x0841, 0x0841, 0x0841, 0x0841, 0x0841, 0x0841, 0x0841, 
  0x0841, 0x0841, 0x0841, 0x0841, 0x0841, 0x0841, 0x0841, 0x0841, 0x0841, 0x0841, 0x0841, 0x0841, 0x0841, 0x0841, 0x0841, 0x0841, 
  0x0841, 0x0841, 0x0841, 0x0841, 0x0841, 0x0841, 0x0841, 0x0841, 0x0841, 0x0841, 0x0841, 0x0841, 0x0841, 0x0841, 0x0841, 0x0841, 
  0x0841, 0x0841, 0x0841, 0x0841, 0x0841, 0x0841, 0x0841, 0x0841, 0x0841, 0x0841, 0x0841, 0x0841, 0x0841, 0x0841, 0x0841, 0x0841, 
  0x0841, 0x0841, 0x0841, 0x0841, 0x0841, 0x0841, 0x0841, 0x0841, 0x0841, 0x0841, 0x0841, 0x0841, 0x0841, 0x0841, 0x0841, 0x0841, 
  0x0841, 0x0841, 0x0841, 0x0841, 0x0841, 0x0841, 0x0841, 0x0841, 0x0841, 0x0841, 0x0841, 0x0841, 0x0841, 0x0841, 0x0841, 0x0841, 
  0x0841, 0x0841, 0x0841, 0x0841, 0x0841, 0x0841, 0x0841, 0x0841, 0x0841, 0x0841, 0x0841, 0x0841, 0x0841, 0x0841, 0x0841, 0x0841, 
  0x0841, 0x0841, 0x0841, 0x0841, 0x0841, 0x0841, 0x0841, 0x0841, 0x0841, 0x0841, 0x0841, 0x0841, 0x0841, 0x0841, 0x0841, 0x0020, 
  0x0020, 0x0841, 0x0841, 0x0841, 0x0841, 0x0841, 0x0841, 0x0841, 0x0841, 0x0841, 0x0841, 0x0841, 0x0841, 0x0841, 0x0841, 0x0841, 
  0x0841, 0x0841, 0x0841, 0x0841, 0x0841, 0x0841, 0x0841, 0x0841, 0x0841, 0x0841, 0x0841, 0x0841, 0x0841, 0x0841, 0x0841, 0x0841, 
  0x0841, 0x0841, 0x0841, 0x0841, 0x0841, 0x0841, 0x0841, 0x0841, 0x0841, 0x0841, 0x0841, 0x0841, 0x0841, 0x0841, 0x0841, 0x0841, 
  0x0841, 0x0841, 0x0841, 0x0841, 0x0841, 0x0841, 0x0841, 0x0841, 0x0841, 0x0841, 0x0841, 0x0841, 0x0841, 0x0841, 0x0841, 0x0841, 
  0x0841, 0x0841, 0x0841, 0x0841, 0x0841, 0x0841, 0x0841, 0x0841, 0x0841, 0x0841, 0x0841, 0x0841, 0x0841, 0x0841, 0x0841, 0x0841, 
  0x0841, 0x0841, 0x0841, 0x0841, 0x0841, 0x0841, 0x0841, 0x0841, 0x0841, 0x0841, 0x0841, 0x0841, 0x0841, 0x0841, 0x0841, 0x0841, 
  0x0841, 0x0841, 0x0841, 0x0841, 0x0841, 0x0841, 0x0841, 0x0841, 0x0841, 0x0841, 0x0841, 0x0841, 0x0841, 0x0841, 0x0841, 0x0841, 
  0x0841, 0x0841, 0x0841, 0x0841, 0x0841, 0x0841, 0x0841, 0x0841, 0x0841, 0x0841, 0x0841, 0x0841, 0x0841, 0x0841, 0x0841, 0x0841, 
  0x0841, 0x0841, 0x0841, 0x0841, 0x0841, 0x0841, 0x0841, 0x0841, 0x0841, 0x0841, 0x0841, 0x0841, 0x0841, 0x0841, 0x0841, 0x0841, 
  0x0841, 0x0841, 0x0841, 0x0841, 0x0841, 0x0841, 0x0841, 0x0841, 0x0841, 0x0841, 0x0841, 0x0841, 0x0841, 0x0841, 0x0841, 0x0841, 
  0x0841, 0x0841, 0x0841, 0x0841, 0x0841, 0x0841, 0x0841, 0x0841, 0x0841, 0x0841, 0x0841, 0x0841, 0x0841, 0x0841, 0x0841, 0x0841, 
  0x0841, 0x0841, 0x0841, 0x0841, 0x0841, 0x0841, 0x0841, 0x0841, 0x0841, 0x0841, 0x0841, 0x0841, 0x0841, 0x0841, 0x0841, 0x0841, 
  0x0841, 0x0841, 0x0841, 0x0841, 0x0841, 0x0841, 0x0841, 0x0841, 0x0841, 0x0841, 0x0841, 0x0841, 0x0841, 0x0841, 0x0841, 0x0841, 
  0x0841, 0x0841, 0x0841, 0x0841, 0x0841, 0x0841, 0x0841, 0x0841, 0x0841, 0x0841, 0x0841, 0x0841, 0x0841, 0x0841, 0x0841, 0x0841, 
  0x0841, 0x0841, 0x0841, 0x0841, 0x0841, 0x0841, 0x0841, 0x0841, 0x0841, 0x0841, 0x0841, 0x0841, 0x0841, 0x0841, 0x0841, 0x0841, 
  0x0841, 0x0841, 0x0841, 0x0841, 0x0841, 0x0841, 0x0841, 0x0841, 0x0841, 0x0841, 0x0841, 0x0841, 0x0841, 0x0841, 0x0841, 0x0841, 
  0x0841, 0x0841, 0x0841, 0x0841, 0x0841, 0x0841, 0x0841, 0x0841, 0x0841, 0x0841, 0x0841, 0x0841, 0x0841, 0x0841, 0x0841, 0x0841, 
  0x0841, 0x0841, 0x0841, 0x0841, 0x0841, 0x0841, 0x0841, 0x0841, 0x0841, 0x0841, 0x0841, 0x0841, 0x0841, 0x0841, 0x0841, 0x0841, 
  0x0841, 0x0841, 0x0841, 0x0841, 0x0841, 0x0841, 0x0841, 0x0841, 0x0841, 0x0841, 0x0841, 0x0841, 0x0841, 0x0841, 0x0841, 0x0841, 
  0x0841, 0x0841, 0x0841, 0x0841, 0x0841, 0x0841, 0x0841, 0x0841, 0x0841, 0x0841, 0x0841, 0x0841, 0x0841, 0x0841, 0x0841, 0x0020, 
  0x0020, 0x0841, 0x0841, 0x0841, 0x0841, 0x0841, 0x0841, 0x0841, 0x0841, 0x0841, 0x0841, 0x0841, 0x0841, 0x0841, 0x0841, 0x0841, 
  0x0841, 0x0841, 0x0841, 0x0841, 0x0841, 0x0841, 0x0841, 0x0841, 0x0841, 0x0841, 0x0841, 0x0841, 0x0841, 0x0841, 0x0841, 0x0841, 
  0x0841, 0x0841, 0x0841, 0x0841, 0x0841, 0x0841, 0x0841, 0x0841, 0x0841, 0x0841, 0x0841, 0x0841, 0x0841, 0x0841, 0x0841, 0x0841, 
  0x0841, 0x0841, 0x0841, 0x0841, 0x0841, 0x0841, 0x0841, 0x0841, 0x0841, 0x0841, 0x0841, 0x0841, 0x0841, 0x0841, 0x0841, 0x0841, 
  0x0841, 0x0841, 0x0841, 0x0841, 0x0841, 0x0841, 0x0841, 0x0841, 0x0841, 0x0841, 0x0841, 0x0841, 0x0841, 0x0841, 0x0841, 0x0841, 
  0x0841, 0x0841, 0x0841, 0x0841, 0x0841, 0x0841, 0x0841, 0x0841, 0x0841, 0x0841, 0x0841, 0x0841, 0x0841, 0x0841, 0x0841, 0x0841, 
  0x0841, 0x0841, 0x0841, 0x0841, 0x0841, 0x0841, 0x0841, 0x0841, 0x0841, 0x0841, 0x0841, 0x0841, 0x0841, 0x0841, 0x0841, 0x0841, 
  0x0841, 0x0841, 0x0841, 0x0841, 0x0841, 0x0841, 0x0841, 0x0841, 0x0841, 0x0841, 0x0841, 0x0841, 0x0841, 0x0841, 0x0841, 0x0841, 
  0x0841, 0x0841, 0x0841, 0x0841, 0x0841, 0x0841, 0x0841, 0x0841, 0x0841, 0x0841, 0x0841, 0x0841, 0x0841, 0x0841, 0x0841, 0x0841, 
  0x0841, 0x0841, 0x0841, 0x0841, 0x0841, 0x0841, 0x0841, 0x0841, 0x0841, 0x0841, 0x0841, 0x0841, 0x0841, 0x0841, 0x0841, 0x0841, 
  0x0841, 0x0841, 0x0841, 0x0841, 0x0841, 0x0841, 0x0841, 0x0841, 0x0841, 0x0841, 0x0841, 0x0841, 0x0841, 0x0841, 0x0841, 0x0841, 
  0x0841, 0x0841, 0x0841, 0x0841, 0x0841, 0x0841, 0x0841, 0x0841, 0x0841, 0x0841, 0x0841, 0x0841, 0x0841, 0x0841, 0x0841, 0x0841, 
  0x0841, 0x0841, 0x0841, 0x0841, 0x0841, 0x0841, 0x0841, 0x0841, 0x0841, 0x0841, 0x0841, 0x0841, 0x0841, 0x0841, 0x0841, 0x0841, 
  0x0841, 0x0841, 0x0841, 0x0841, 0x0841, 0x0841, 0x0841, 0x0841, 0x0841, 0x0841, 0x0841, 0x0841, 0x0841, 0x0841, 0x0841, 0x0841, 
  0x0841, 0x0841, 0x0841, 0x0841, 0x0841, 0x0841, 0x0841, 0x0841, 0x0841, 0x0841, 0x0841, 0x0841, 0x0841, 0x0841, 0x0841, 0x0841, 
  0x0841, 0x0841, 0x0841, 0x0841, 0x0841, 0x0841, 0x0841, 0x0841, 0x0841, 0x0841, 0x0841, 0x0841, 0x0841, 0x0841, 0x0841, 0x0841, 
  0x0841, 0x0841, 0x0841, 0x0841, 0x0841, 0x0841, 0x0841, 0x0841, 0x0841, 0x0841, 0x0841, 0x0841, 0x0841, 0x0841, 0x0841, 0x0841, 
  0x0841, 0x0841, 0x0841, 0x0841, 0x0841, 0x0841, 0x0841, 0x0841, 0x0841, 0x0841, 0x0841, 0x0841, 0x0841, 0x0841, 0x0841, 0x0841, 
  0x0841, 0x0841, 0x0841, 0x0841, 0x0841, 0x0841, 0x0841, 0x0841, 0x0841, 0x0841, 0x0841, 0x0841, 0x0841, 0x0841, 0x0841, 0x0841, 
  0x0841, 0x0841, 0x0841, 0x0841, 0x0841, 0x0841, 0x0841, 0x0841, 0x0841, 0x0841, 0x0841, 0x0841, 0x0841, 0x0841, 0x0841, 0x0020, 
  0x0020, 0x0841, 0x0841, 0x0841, 0x0841, 0x0841, 0x0841, 0x0841, 0x0841, 0x0841, 0x0841, 0x0841, 0x0841, 0x0841, 0x0841, 0x0841, 
  0x0841, 0x0841, 0x0841, 0x0841, 0x0841, 0x0841, 0x0841, 0x0841, 0x0841, 0x0841, 0x0841, 0x0841, 0x0841, 0x0841, 0x0841, 0x0841, 
  0x0841, 0x0841, 0x0841, 0x0841, 0x0841, 0x0841, 0x0841, 0x0841, 0x0841, 0x0841, 0x0841, 0x0841, 0x0841, 0x0841, 0x0841, 0x0841, 
  0x0841, 0x0841, 0x0841, 0x0841, 0x0841, 0x0841, 0x0841, 0x0841, 0x0841, 0x0841, 0x0841, 0x0841, 0x0841, 0x0841, 0x0841, 0x0841, 
  0x0841, 0x0841, 0x0841, 0x0841, 0x0841, 0x0841, 0x0841, 0x0841, 0x0841, 0x0841, 0x0841, 0x0841, 0x0841, 0x0841, 0x0841, 0x0841, 
  0x0841, 0x0841, 0x0841, 0x0841, 0x0841, 0x0841, 0x0841, 0x0841, 0x0841, 0x0841, 0x0841, 0x0841, 0x0841, 0x0841, 0x0841, 0x0841, 
  0x0841, 0x0841, 0x0841, 0x0841, 0x0841, 0x0841, 0x0841, 0x0841, 0x0841, 0x0841, 0x0841, 0x0841, 0x0841, 0x0841, 0x0841, 0x0841, 
  0x0841, 0x0841, 0x0841, 0x0841, 0x0841, 0x0841, 0x0841, 0x0841, 0x0841, 0x0841, 0x0841, 0x0841, 0x0841, 0x0841, 0x0841, 0x0841, 
  0x0841, 0x0841, 0x0841, 0x0841, 0x0841, 0x0841, 0x0841, 0x0841, 0x0841, 0x0841, 0x0841, 0x0841, 0x0841, 0x0841, 0x0841, 0x0841, 
  0x0841, 0x0841, 0x0841, 0x0841, 0x0841, 0x0841, 0x0841, 0x0841, 0x0841, 0x0841, 0x0841, 0x0841, 0x0841, 0x0841, 0x0841, 0x0841, 
  0x0841, 0x0841, 0x0841, 0x0841, 0x0841, 0x0841, 0x0841, 0x0841, 0x0841, 0x0841, 0x0841, 0x0841, 0x0841, 0x0841, 0x0841, 0x0841, 
  0x0841, 0x0841, 0x0841, 0x0841, 0x0841, 0x0841, 0x0841, 0x0841, 0x0841, 0x0841, 0x0841, 0x0841, 0x0841, 0x0841, 0x0841, 0x0841, 
  0x0841, 0x0841, 0x0841, 0x0841, 0x0841, 0x0841, 0x0841, 0x0841, 0x0841, 0x0841, 0x0841, 0x0841, 0x0841, 0x0841, 0x0841, 0x0841, 
  0x0841, 0x0841, 0x0841, 0x0841, 0x0841, 0x0841, 0x0841, 0x0841, 0x0841, 0x0841, 0x0841, 0x0841, 0x0841, 0x0841, 0x0841, 0x0841, 
  0x0841, 0x0841, 0x0841, 0x0841, 0x0841, 0x0841, 0x0841, 0x0841, 0x0841, 0x0841, 0x0841, 0x0841, 0x0841, 0x0841, 0x0841, 0x0841, 
  0x0841, 0x0841, 0x0841, 0x0841, 0x0841, 0x0841, 0x0841, 0x0841, 0x0841, 0x0841, 0x0841, 0x0841, 0x0841, 0x0841, 0x0841, 0x0841, 
  0x0841, 0x0841, 0x0841, 0x0841, 0x0841, 0x0841, 0x0841, 0x0841, 0x0841, 0x0841, 0x0841, 0x0841, 0x0841, 0x0841, 0x0841, 0x0841, 
  0x0841, 0x0841, 0x0841, 0x0841, 0x0841, 0x0841, 0x0841, 0x0841, 0x0841, 0x0841, 0x0841, 0x0841, 0x0841, 0x0841, 0x0841, 0x0841, 
  0x0841, 0x0841, 0x0841, 0x0841, 0x0841, 0x0841, 0x0841, 0x0841, 0x0841, 0x0841, 0x0841, 0x0841, 0x0841, 0x0841, 0x0841, 0x0841, 
  0x0841, 0x0841, 0x0841, 0x0841, 0x0841, 0x0841, 0x0841, 0x0841, 0x0841, 0x0841, 0x0841, 0x0841, 0x0841, 0x0841, 0x0841, 0x0020, 
  0x0020, 0x0841, 0x0841, 0x0841, 0x0841, 0x0841, 0x0841, 0x0841, 0x0841, 0x0841, 0x0841, 0x0841, 0x0841, 0x0841, 0x0841, 0x0841, 
  0x0841, 0x0841, 0x0841, 0x0841, 0x0841, 0x0841, 0x0841, 0x0841, 0x0841, 0x0841, 0x0841, 0x0841, 0x0841, 0x0841, 0x0841, 0x0841, 
  0x0841, 0x0841, 0x0841, 0x0841, 0x0841, 0x0841, 0x0841, 0x0841, 0x0841, 0x0841, 0x0841, 0x0841, 0x0841, 0x0841, 0x0841, 0x0841, 
  0x0841, 0x0841, 0x0841, 0x0841, 0x0841, 0x0841, 0x0841, 0x0841, 0x0841, 0x0841, 0x0841, 0x0841, 0x0841, 0x0841, 0x0841, 0x0841, 
  0x0841, 0x0841, 0x0841, 0x0841, 0x0841, 0x0841, 0x0841, 0x0841, 0x0841, 0x0841, 0x0841, 0x0841, 0x0841, 0x0841, 0x0841, 0x0841, 
  0x0841, 0x0841, 0x0841, 0x0841, 0x0841, 0x0841, 0x0841, 0x0841, 0x0841, 0x0841, 0x0841, 0x0841, 0x0841, 0x0841, 0x0841, 0x0841, 
  0x0841, 0x0841, 0x0841, 0x0841, 0x0841, 0x0841, 0x0841, 0x0841, 0x0841, 0x0841, 0x0841, 0x0841, 0x0841, 0x0841, 0x0841, 0x0841, 
  0x0841, 0x0841, 0x0841, 0x0841, 0x0841, 0x0841, 0x0841, 0x0841, 0x0841, 0x0841, 0x0841, 0x0841, 0x0841, 0x0841, 0x0841, 0x0841, 
  0x0841, 0x0841, 0x0841, 0x0841, 0x0841, 0x0841, 0x0841, 0x0841, 0x0841, 0x0841, 0x0841, 0x0841, 0x0841, 0x0841, 0x0841, 0x0841, 
  0x0841, 0x0841, 0x0841, 0x0841, 0x0841, 0x0841, 0x0841, 0x0841, 0x0841, 0x0841, 0x0841, 0x0841, 0x0841, 0x0841, 0x0841, 0x0841, 
  0x0841, 0x0841, 0x0841, 0x0841, 0x0841, 0x0841, 0x0841, 0x0841, 0x0841, 0x0841, 0x0841, 0x0841, 0x0841, 0x0841, 0x0841, 0x0841, 
  0x0841, 0x0841, 0x0841, 0x0841, 0x0841, 0x0841, 0x0841, 0x0841, 0x0841, 0x0841, 0x0841, 0x0841, 0x0841, 0x0841, 0x0841, 0x0841, 
  0x0841, 0x0841, 0x0841, 0x0841, 0x0841, 0x0841, 0x0841, 0x0841, 0x0841, 0x0841, 0x0841, 0x0841, 0x0841, 0x0841, 0x0841, 0x0841, 
  0x0841, 0x0841, 0x0841, 0x0841, 0x0841, 0x0841, 0x0841, 0x0841, 0x0841, 0x0841, 0x0841, 0x0841, 0x0841, 0x0841, 0x0841, 0x0841, 
  0x0841, 0x0841, 0x0841, 0x0841, 0x0841, 0x0841, 0x0841, 0x0841, 0x0841, 0x0841, 0x0841, 0x0841, 0x0841, 0x0841, 0x0841, 0x0841, 
  0x0841, 0x0841, 0x0841, 0x0841, 0x0841, 0x0841, 0x0841, 0x0841, 0x0841, 0x0841, 0x0841, 0x0841, 0x0841, 0x0841, 0x0841, 0x0841, 
  0x0841, 0x0841, 0x0841, 0x0841, 0x0841, 0x0841, 0x0841, 0x0841, 0x0841, 0x0841, 0x0841, 0x0841, 0x0841, 0x0841, 0x0841, 0x0841, 
  0x0841, 0x0841, 0x0841, 0x0841, 0x0841, 0x0841, 0x0841, 0x0841, 0x0841, 0x0841, 0x0841, 0x0841, 0x0841, 0x0841, 0x0841, 0x0841, 
  0x0841, 0x0841, 0x0841, 0x0841, 0x0841, 0x0841, 0x0841, 0x0841, 0x0841, 0x0841, 0x0841, 0x0841, 0x0841, 0x0841, 0x0841, 0x0841, 
  0x0841, 0x0841, 0x0841, 0x0841, 0x0841, 0x0841, 0x0841, 0x0841, 0x0841, 0x0841, 0x0841, 0x0841, 0x0841, 0x0841, 0x0841, 0x0020, 
  0x0020, 0x0841, 0x0841, 0x0841, 0x0841, 0x0841, 0x0841, 0x0841, 0x0841, 0x0841, 0x0841, 0x0841, 0x0841, 0x0841, 0x0841, 0x0841, 
  0x0841, 0x0841, 0x0841, 0x0841, 0x0841, 0x0841, 0x0841, 0x0841, 0x0841, 0x0841, 0x0841, 0x0841, 0x0841, 0x0841, 0x0841, 0x0841, 
  0x0841, 0x0841, 0x0841, 0x0841, 0x0841, 0x0841, 0x0841, 0x0841, 0x0841, 0x0841, 0x0841, 0x0841, 0x0841, 0x0841, 0x0841, 0x0841, 
  0x0841, 0x0841, 0x0841, 0x0841, 0x0841, 0x0841, 0x0841, 0x0841, 0x0841, 0x0841, 0x0841, 0x0841, 0x0841, 0x0841, 0x0841, 0x0841, 
  0x0841, 0x0841, 0x0841, 0x0841, 0x0841, 0x0841, 0x0841, 0x0841, 0x0841, 0x0841, 0x0841, 0x0841, 0x0841, 0x0841, 0x0841, 0x0841, 
  0x0841, 0x0841, 0x0841, 0x0841, 0x0841, 0x0841, 0x0841, 0x0841, 0x0841, 0x0841, 0x0841, 0x0841, 0x0841, 0x0841, 0x0841, 0x0841, 
  0x0841, 0x0841, 0x0841, 0x0841, 0x0841, 0x0841, 0x0841, 0x0841, 0x0841, 0x0841, 0x0841, 0x0841, 0x0841, 0x0841, 0x0841, 0x0841, 
  0x0841, 0x0841, 0x0841, 0x0841, 0x0841, 0x0841, 0x0841, 0x0841, 0x0841, 0x0841, 0x0841, 0x0841, 0x0841, 0x0841, 0x0841, 0x0841, 
  0x0841, 0x0841, 0x0841, 0x0841, 0x0841, 0x0841, 0x0841, 0x0841, 0x0841, 0x0841, 0x0841, 0x0841, 0x0841, 0x0841, 0x0841, 0x0841, 
  0x0841, 0x0841, 0x0841, 0x0841, 0x0841, 0x0841, 0x0841, 0x0841, 0x0841, 0x0841, 0x0841, 0x0841, 0x0841, 0x0841, 0x0841, 0x0841, 
  0x0841, 0x0841, 0x0841, 0x0841, 0x0841, 0x0841, 0x0841, 0x0841, 0x0841, 0x0841, 0x0841, 0x0841, 0x0841, 0x0841, 0x0841, 0x0841, 
  0x0841, 0x0841, 0x0841, 0x0841, 0x0841, 0x0841, 0x0841, 0x0841, 0x0841, 0x0841, 0x0841, 0x0841, 0x0841, 0x0841, 0x0841, 0x0841, 
  0x0841, 0x0841, 0x0841, 0x0841, 0x0841, 0x0841, 0x0841, 0x0841, 0x0841, 0x0841, 0x0841, 0x0841, 0x0841, 0x0841, 0x0841, 0x0841, 
  0x0841, 0x0841, 0x0841, 0x0841, 0x0841, 0x0841, 0x0841, 0x0841, 0x0841, 0x0841, 0x0841, 0x0841, 0x0841, 0x0841, 0x0841, 0x0841, 
  0x0841, 0x0841, 0x0841, 0x0841, 0x0841, 0x0841, 0x0841, 0x0841, 0x0841, 0x0841, 0x0841, 0x0841, 0x0841, 0x0841, 0x0841, 0x0841, 
  0x0841, 0x0841, 0x0841, 0x0841, 0x0841, 0x0841, 0x0841, 0x0841, 0x0841, 0x0841, 0x0841, 0x0841, 0x0841, 0x0841, 0x0841, 0x0841, 
  0x0841, 0x0841, 0x0841, 0x0841, 0x0841, 0x0841, 0x0841, 0x0841, 0x0841, 0x0841, 0x0841, 0x0841, 0x0841, 0x0841, 0x0841, 0x0841, 
  0x0841, 0x0841, 0x0841, 0x0841, 0x0841, 0x0841, 0x0841, 0x0841, 0x0841, 0x0841, 0x0841, 0x0841, 0x0841, 0x0841, 0x0841, 0x0841, 
  0x0841, 0x0841, 0x0841, 0x0841, 0x0841, 0x0841, 0x0841, 0x0841, 0x0841, 0x0841, 0x0841, 0x0841, 0x0841, 0x0841, 0x0841, 0x0841, 
  0x0841, 0x0841, 0x0841, 0x0841, 0x0841, 0x0841, 0x0841, 0x0841, 0x0841, 0x0841, 0x0841, 0x0841, 0x0841, 0x0841, 0x0841, 0x0020, 
  0x0020, 0x0841, 0x0841, 0x0841, 0x0841, 0x0841, 0x0841, 0x0841, 0x0841, 0x0841, 0x0841, 0x0841, 0x0841, 0x0841, 0x0841, 0x0841, 
  0x0841, 0x0841, 0x0841, 0x0841, 0x0841, 0x0841, 0x0841, 0x0841, 0x0841, 0x0841, 0x0841, 0x0841, 0x0841, 0x0841, 0x0841, 0x0841, 
  0x0841, 0x0841, 0x0841, 0x0841, 0x0841, 0x0841, 0x0841, 0x0841, 0x0841, 0x0841, 0x0841, 0x0841, 0x0841, 0x0841, 0x0841, 0x0841, 
  0x0841, 0x0841, 0x0841, 0x0841, 0x0841, 0x0841, 0x0841, 0x0841, 0x0841, 0x0841, 0x0841, 0x0841, 0x0841, 0x0841, 0x0841, 0x0841, 
  0x0841, 0x0841, 0x0841, 0x0841, 0x0841, 0x0841, 0x0841, 0x0841, 0x0841, 0x0841, 0x0841, 0x0841, 0x0841, 0x0841, 0x0841, 0x0841, 
  0x0841, 0x0841, 0x0841, 0x0841, 0x0841, 0x0841, 0x0841, 0x0841, 0x0841, 0x0841, 0x0841, 0x0841, 0x0841, 0x0841, 0x0841, 0x0841, 
  0x0841, 0x0841, 0x0841, 0x0841, 0x0841, 0x0841, 0x0841, 0x0841, 0x0841, 0x0841, 0x0841, 0x0841, 0x0841, 0x0841, 0x0841, 0x0841, 
  0x0841, 0x0841, 0x0841, 0x0841, 0x0841, 0x0841, 0x0841, 0x0841, 0x0841, 0x0841, 0x0841, 0x0841, 0x0841, 0x0841, 0x0841, 0x0841, 
  0x0841, 0x0841, 0x0841, 0x0841, 0x0841, 0x0841, 0x0841, 0x0841, 0x0841, 0x0841, 0x0841, 0x0841, 0x0841, 0x0841, 0x0841, 0x0841, 
  0x0841, 0x0841, 0x0841, 0x0841, 0x0841, 0x0841, 0x0841, 0x0841, 0x0841, 0x0841, 0x0841, 0x0841, 0x0841, 0x0841, 0x0841, 0x0841, 
  0x0841, 0x0841, 0x0841, 0x0841, 0x0841, 0x0841, 0x0841, 0x0841, 0x0841, 0x0841, 0x0841, 0x0841, 0x0841, 0x0841, 0x0841, 0x0841, 
  0x0841, 0x0841, 0x0841, 0x0841, 0x0841, 0x0841, 0x0841, 0x0841, 0x0841, 0x0841, 0x0841, 0x0841, 0x0841, 0x0841, 0x0841, 0x0841, 
  0x0841, 0x0841, 0x0841, 0x0841, 0x0841, 0x0841, 0x0841, 0x0841, 0x0841, 0x0841, 0x0841, 0x0841, 0x0841, 0x0841, 0x0841, 0x0841, 
  0x0841, 0x0841, 0x0841, 0x0841, 0x0841, 0x0841, 0x0841, 0x0841, 0x0841, 0x0841, 0x0841, 0x0841, 0x0841, 0x0841, 0x0841, 0x0841, 
  0x0841, 0x0841, 0x0841, 0x0841, 0x0841, 0x0841, 0x0841, 0x0841, 0x0841, 0x0841, 0x0841, 0x0841, 0x0841, 0x0841, 0x0841, 0x0841, 
  0x0841, 0x0841, 0x0841, 0x0841, 0x0841, 0x0841, 0x0841, 0x0841, 0x0841, 0x0841, 0x0841, 0x0841, 0x0841, 0x0841, 0x0841, 0x0841, 
  0x0841, 0x0841, 0x0841, 0x0841, 0x0841, 0x0841, 0x0841, 0x0841, 0x0841, 0x0841, 0x0841, 0x0841, 0x0841, 0x0841, 0x0841, 0x0841, 
  0x0841, 0x0841, 0x0841, 0x0841, 0x0841, 0x0841, 0x0841, 0x0841, 0x0841, 0x0841, 0x0841, 0x0841, 0x0841, 0x0841, 0x0841, 0x0841, 
  0x0841, 0x0841, 0x0841, 0x0841, 0x0841, 0x0841, 0x0841, 0x0841, 0x0841, 0x0841, 0x0841, 0x0841, 0x0841, 0x0841, 0x0841, 0x0841, 
  0x0841, 0x0841, 0x0841, 0x0841, 0x0841, 0x0841, 0x0841, 0x0841, 0x0841, 0x0841, 0x0841, 0x0841, 0x0841, 0x0841, 0x0841, 0x0020, 
  0x0020, 0x0841, 0x0841, 0x0841, 0x0841, 0x0841, 0x0841, 0x0841, 0x0841, 0x0841, 0x0841, 0x0841, 0x0841, 0x0841, 0x0841, 0x0841, 
  0x0841, 0x0841, 0x0841, 0x0841, 0x0841, 0x0841, 0x0841, 0x0841, 0x0841, 0x0841, 0x0841, 0x0841, 0x0841, 0x0841, 0x0841, 0x0841, 
  0x0841, 0x0841, 0x0841, 0x0841, 0x0841, 0x0841, 0x0841, 0x0841, 0x0841, 0x0841, 0x0841, 0x0841, 0x0841, 0x0841, 0x0841, 0x0841, 
  0x0841, 0x0841, 0x0841, 0x0841, 0x0841, 0x0841, 0x0841, 0x0841, 0x0841, 0x0841, 0x0841, 0x0841, 0x0841, 0x0841, 0x0841, 0x0841, 
  0x0841, 0x0841, 0x0841, 0x0841, 0x0841, 0x0841, 0x0841, 0x0841, 0x0841, 0x0841, 0x0841, 0x0841, 0x0841, 0x0841, 0x0841, 0x0841, 
  0x0841, 0x0841, 0x0841, 0x0841, 0x0841, 0x0841, 0x0841, 0x0841, 0x0841, 0x0841, 0x0841, 0x0841, 0x0841, 0x0841, 0x0841, 0x0841, 
  0x0841, 0x0841, 0x0841, 0x0841, 0x0841, 0x0841, 0x0841, 0x0841, 0x0841, 0x0841, 0x0841, 0x0841, 0x0841, 0x0841, 0x0841, 0x0841, 
  0x0841, 0x0841, 0x0841, 0x0841, 0x0841, 0x0841, 0x0841, 0x0841, 0x0841, 0x0841, 0x0841, 0x0841, 0x0841, 0x0841, 0x0841, 0x0841, 
  0x0841, 0x0841, 0x0841, 0x0841, 0x0841, 0x0841, 0x0841, 0x0841, 0x0841, 0x0841, 0x0841, 0x0841, 0x0841, 0x0841, 0x0841, 0x0841, 
  0x0841, 0x0841, 0x0841, 0x0841, 0x0841, 0x0841, 0x0841, 0x0841, 0x0841, 0x0841, 0x0841, 0x0841, 0x0841, 0x0841, 0x0841, 0x0841, 
  0x0841, 0x0841, 0x0841, 0x0841, 0x0841, 0x0841, 0x0841, 0x0841, 0x0841, 0x0841, 0x0841, 0x0841, 0x0841, 0x0841, 0x0841, 0x0841, 
  0x0841, 0x0841, 0x0841, 0x0841, 0x0841, 0x0841, 0x0841, 0x0841, 0x0841, 0x0841, 0x0841, 0x0841, 0x0841, 0x0841, 0x0841, 0x0841, 
  0x0841, 0x0841, 0x0841, 0x0841, 0x0841, 0x0841, 0x0841, 0x0841, 0x0841, 0x0841, 0x0841, 0x0841, 0x0841, 0x0841, 0x0841, 0x0841, 
  0x0841, 0x0841, 0x0841, 0x0841, 0x0841, 0x0841, 0x0841, 0x0841, 0x0841, 0x0841, 0x0841, 0x0841, 0x0841, 0x0841, 0x0841, 0x0841, 
  0x0841, 0x0841, 0x0841, 0x0841, 0x0841, 0x0841, 0x0841, 0x0841, 0x0841, 0x0841, 0x0841, 0x0841, 0x0841, 0x0841, 0x0841, 0x0841, 
  0x0841, 0x0841, 0x0841, 0x0841, 0x0841, 0x0841, 0x0841, 0x0841, 0x0841, 0x0841, 0x0841, 0x0841, 0x0841, 0x0841, 0x0841, 0x0841, 
  0x0841, 0x0841, 0x0841, 0x0841, 0x0841, 0x0841, 0x0841, 0x0841, 0x0841, 0x0841, 0x0841, 0x0841, 0x0841, 0x0841, 0x0841, 0x0841, 
  0x0841, 0x0841, 0x0841, 0x0841, 0x0841, 0x0841, 0x0841, 0x0841, 0x0841, 0x0841, 0x0841, 0x0841, 0x0841, 0x0841, 0x0841, 0x0841, 
  0x0841, 0x0841, 0x0841, 0x0841, 0x0841, 0x0841, 0x0841, 0x0841, 0x0841, 0x0841, 0x0841, 0x0841, 0x0841, 0x0841, 0x0841, 0x0841, 
  0x0841, 0x0841, 0x0841, 0x0841, 0x0841, 0x0841, 0x0841, 0x0841, 0x0841, 0x0841, 0x0841, 0x0841, 0x0841, 0x0841, 0x0841, 0x0020, 
  0x0020, 0x0841, 0x0841, 0x0841, 0x0841, 0x0841, 0x0841, 0x0841, 0x0841, 0x0841, 0x0841, 0x0841, 0x0841, 0x0841, 0x0841, 0x0841, 
  0x0841, 0x0841, 0x0841, 0x0841, 0x0841, 0x0841, 0x0841, 0x0841, 0x0841, 0x0841, 0x0841, 0x0841, 0x0841, 0x0841, 0x0841, 0x0841, 
  0x0841, 0x0841, 0x0841, 0x0841, 0x0841, 0x0841, 0x0841, 0x0841, 0x0841, 0x0841, 0x0841, 0x0841, 0x0841, 0x0841, 0x0841, 0x0841, 
  0x0841, 0x0841, 0x0841, 0x0841, 0x0841, 0x0841, 0x0841, 0x0841, 0x0841, 0x0841, 0x0841, 0x0841, 0x0841, 0x0841, 0x0841, 0x0841, 
  0x0841, 0x0841, 0x0841, 0x0841, 0x0841, 0x0841, 0x0841, 0x0841, 0x0841, 0x0841, 0x0841, 0x0841, 0x0841, 0x0841, 0x0841, 0x0841, 
  0x0841, 0x0841, 0x0841, 0x0841, 0x0841, 0x0841, 0x0841, 0x0841, 0x0841, 0x0841, 0x0841, 0x0841, 0x0841, 0x0841, 0x0841, 0x0841, 
  0x0841, 0x0841, 0x0841, 0x0841, 0x0841, 0x0841, 0x0841, 0x0841, 0x0841, 0x0841, 0x0841, 0x0841, 0x0841, 0x0841, 0x0841, 0x0841, 
  0x0841, 0x0841, 0x0841, 0x0841, 0x0841, 0x0841, 0x0841, 0x0841, 0x0841, 0x0841, 0x0841, 0x0841, 0x0841, 0x0841, 0x0841, 0x0841, 
  0x0841, 0x0841, 0x0841, 0x0841, 0x0841, 0x0841, 0x0841, 0x0841, 0x0841, 0x0841, 0x0841, 0x0841, 0x0841, 0x0841, 0x0841, 0x0841, 
  0x0841, 0x0841, 0x0841, 0x0841, 0x0841, 0x0841, 0x0841, 0x0841, 0x0841, 0x0841, 0x0841, 0x0841, 0x0841, 0x0841, 0x0841, 0x0841, 
  0x0841, 0x0841, 0x0841, 0x0841, 0x0841, 0x0841, 0x0841, 0x0841, 0x0841, 0x0841, 0x0841, 0x0841, 0x0841, 0x0841, 0x0841, 0x0841, 
  0x0841, 0x0841, 0x0841, 0x0841, 0x0841, 0x0841, 0x0841, 0x0841, 0x0841, 0x0841, 0x0841, 0x0841, 0x0841, 0x0841, 0x0841, 0x0841, 
  0x0841, 0x0841, 0x0841, 0x0841, 0x0841, 0x0841, 0x0841, 0x0841, 0x0841, 0x0841, 0x0841, 0x0841, 0x0841, 0x0841, 0x0841, 0x0841, 
  0x0841, 0x0841, 0x0841, 0x0841, 0x0841, 0x0841, 0x0841, 0x0841, 0x0841, 0x0841, 0x0841, 0x0841, 0x0841, 0x0841, 0x0841, 0x0841, 
  0x0841, 0x0841, 0x0841, 0x0841, 0x0841, 0x0841, 0x0841, 0x0841, 0x0841, 0x0841, 0x0841, 0x0841, 0x0841, 0x0841, 0x0841, 0x0841, 
  0x0841, 0x0841, 0x0841, 0x0841, 0x0841, 0x0841, 0x0841, 0x0841, 0x0841, 0x0841, 0x0841, 0x0841, 0x0841, 0x0841, 0x0841, 0x0841, 
  0x0841, 0x0841, 0x0841, 0x0841, 0x0841, 0x0841, 0x0841, 0x0841, 0x0841, 0x0841, 0x0841, 0x0841, 0x0841, 0x0841, 0x0841, 0x0841, 
  0x0841, 0x0841, 0x0841, 0x0841, 0x0841, 0x0841, 0x0841, 0x0841, 0x0841, 0x0841, 0x0841, 0x0841, 0x0841, 0x0841, 0x0841, 0x0841, 
  0x0841, 0x0841, 0x0841, 0x0841, 0x0841, 0x0841, 0x0841, 0x0841, 0x0841, 0x0841, 0x0841, 0x0841, 0x0841, 0x0841, 0x0841, 0x0841, 
  0x0841, 0x0841, 0x0841, 0x0841, 0x0841, 0x0841, 0x0841, 0x0841, 0x0841, 0x0841, 0x0841, 0x0841, 0x0841, 0x0841, 0x0841, 0x0020, 
  0x0020, 0x0841, 0x0841, 0x0841, 0x0841, 0x0841, 0x0841, 0x0841, 0x0841, 0x0841, 0x0841, 0x0841, 0x0841, 0x0841, 0x0841, 0x0841, 
  0x0841, 0x0841, 0x0841, 0x0841, 0x0841, 0x0841, 0x0841, 0x0841, 0x0841, 0x0841, 0x0841, 0x0841, 0x0841, 0x0841, 0x0841, 0x0841, 
  0x0841, 0x0841, 0x0841, 0x0841, 0x0841, 0x0841, 0x0841, 0x0841, 0x0841, 0x0841, 0x0841, 0x0841, 0x0841, 0x0841, 0x0841, 0x0841, 
  0x0841, 0x0841, 0x0841, 0x0841, 0x0841, 0x0841, 0x0841, 0x0841, 0x0841, 0x0841, 0x0841, 0x0841, 0x0841, 0x0841, 0x0841, 0x0841, 
  0x0841, 0x0841, 0x0841, 0x0841, 0x0841, 0x0841, 0x0841, 0x0841, 0x0841, 0x0841, 0x0841, 0x0841, 0x0841, 0x0841, 0x0841, 0x0841, 
  0x0841, 0x0841, 0x0841, 0x0841, 0x0841, 0x0841, 0x0841, 0x0841, 0x0841, 0x0841, 0x0841, 0x0841, 0x0841, 0x0841, 0x0841, 0x0841, 
  0x0841, 0x0841, 0x0841, 0x0841, 0x0841, 0x0841, 0x0841, 0x0841, 0x0841, 0x0841, 0x0841, 0x0841, 0x0841, 0x0841, 0x0841, 0x0841, 
  0x0841, 0x0841, 0x0841, 0x0841, 0x0841, 0x0841, 0x0841, 0x0841, 0x0841, 0x0841, 0x0841, 0x0841, 0x0841, 0x0841, 0x0841, 0x0841, 
  0x0841, 0x0841, 0x0841, 0x0841, 0x0841, 0x0841, 0x0841, 0x0841, 0x0841, 0x0841, 0x0841, 0x0841, 0x0841, 0x0841, 0x0841, 0x0841, 
  0x0841, 0x0841, 0x0841, 0x0841, 0x0841, 0x0841, 0x0841, 0x0841, 0x0841, 0x0841, 0x0841, 0x0841, 0x0841, 0x0841, 0x0841, 0x0841, 
  0x0841, 0x0841, 0x0841, 0x0841, 0x0841, 0x0841, 0x0841, 0x0841, 0x0841, 0x0841, 0x0841, 0x0841, 0x0841, 0x0841, 0x0841, 0x0841, 
  0x0841, 0x0841, 0x0841, 0x0841, 0x0841, 0x0841, 0x0841, 0x0841, 0x0841, 0x0841, 0x0841, 0x0841, 0x0841, 0x0841, 0x0841, 0x0841, 
  0x0841, 0x0841, 0x0841, 0x0841, 0x0841, 0x0841, 0x0841, 0x0841, 0x0841, 0x0841, 0x0841, 0x0841, 0x0841, 0x0841, 0x0841, 0x0841, 
  0x0841, 0x0841, 0x0841, 0x0841, 0x0841, 0x0841, 0x0841, 0x0841, 0x0841, 0x0841, 0x0841, 0x0841, 0x0841, 0x0841, 0x0841, 0x0841, 
  0x0841, 0x0841, 0x0841, 0x0841, 0x0841, 0x0841, 0x0841, 0x0841, 0x0841, 0x0841, 0x0841, 0x0841, 0x0841, 0x0841, 0x0841, 0x0841, 
  0x0841, 0x0841, 0x0841, 0x0841, 0x0841, 0x0841, 0x0841, 0x0841, 0x0841, 0x0841, 0x0841, 0x0841, 0x0841, 0x0841, 0x0841, 0x0841, 
  0x0841, 0x0841, 0x0841, 0x0841, 0x0841, 0x0841, 0x0841, 0x0841, 0x0841, 0x0841, 0x0841, 0x0841, 0x0841, 0x0841, 0x0841, 0x0841, 
  0x0841, 0x0841, 0x0841, 0x0841, 0x0841, 0x0841, 0x0841, 0x0841, 0x0841, 0x0841, 0x0841, 0x0841, 0x0841, 0x0841, 0x0841, 0x0841, 
  0x0841, 0x0841, 0x0841, 0x0841, 0x0841, 0x0841, 0x0841, 0x0841, 0x0841, 0x0841, 0x0841, 0x0841, 0x0841, 0x0841, 0x0841, 0x0841, 
  0x0841, 0x0841, 0x0841, 0x0841, 0x0841, 0x0841, 0x0841, 0x0841, 0x0841, 0x0841, 0x0841, 0x0841, 0x0841, 0x0841, 0x0841, 0x0020, 
  0x0020, 0x0841, 0x0841, 0x0841, 0x0841, 0x0841, 0x0841, 0x0841, 0x0841, 0x0841, 0x0841, 0x0841, 0x0841, 0x0841, 0x0841, 0x0841, 
  0x0841, 0x0841, 0x0841, 0x0841, 0x0841, 0x0841, 0x0841, 0x0841, 0x0841, 0x0841, 0x0841, 0x0841, 0x0841, 0x0841, 0x0841, 0x0841, 
  0x0841, 0x0841, 0x0841, 0x0841, 0x0841, 0x0841, 0x0841, 0x0841, 0x0841, 0x0841, 0x0841, 0x0841, 0x0841, 0x0841, 0x0841, 0x0841, 
  0x0841, 0x0841, 0x0841, 0x0841, 0x0841, 0x0841, 0x0841, 0x0841, 0x0841, 0x0841, 0x0841, 0x0841, 0x0841, 0x0841, 0x0841, 0x0841, 
  0x0841, 0x0841, 0x0841, 0x0841, 0x0841, 0x0841, 0x0841, 0x0841, 0x0841, 0x0841, 0x0841, 0x0841, 0x0841, 0x0841, 0x0841, 0x0841, 
  0x0841, 0x0841, 0x0841, 0x0841, 0x0841, 0x0841, 0x0841, 0x0841, 0x0841, 0x0841, 0x0841, 0x0841, 0x0841, 0x0841, 0x0841, 0x0841, 
  0x0841, 0x0841, 0x0841, 0x0841, 0x0841, 0x0841, 0x0841, 0x0841, 0x0841, 0x0841, 0x0841, 0x0841, 0x0841, 0x0841, 0x0841, 0x0841, 
  0x0841, 0x0841, 0x0841, 0x0841, 0x0841, 0x0841, 0x0841, 0x0841, 0x0841, 0x0841, 0x0841, 0x0841, 0x0841, 0x0841, 0x0841, 0x0841, 
  0x0841, 0x0841, 0x0841, 0x0841, 0x0841, 0x0841, 0x0841, 0x0841, 0x0841, 0x0841, 0x0841, 0x0841, 0x0841, 0x0841, 0x0841, 0x0841, 
  0x0841, 0x0841, 0x0841, 0x0841, 0x0841, 0x0841, 0x0841, 0x0841, 0x0841, 0x0841, 0x0841, 0x0841, 0x0841, 0x0841, 0x0841, 0x0841, 
  0x0841, 0x0841, 0x0841, 0x0841, 0x0841, 0x0841, 0x0841, 0x0841, 0x0841, 0x0841, 0x0841, 0x0841, 0x0841, 0x0841, 0x0841, 0x0841, 
  0x0841, 0x0841, 0x0841, 0x0841, 0x0841, 0x0841, 0x0841, 0x0841, 0x0841, 0x0841, 0x0841, 0x0841, 0x0841, 0x0841, 0x0841, 0x0841, 
  0x0841, 0x0841, 0x0841, 0x0841, 0x0841, 0x0841, 0x0841, 0x0841, 0x0841, 0x0841, 0x0841, 0x0841, 0x0841, 0x0841, 0x0841, 0x0841, 
  0x0841, 0x0841, 0x0841, 0x0841, 0x0841, 0x0841, 0x0841, 0x0841, 0x0841, 0x0841, 0x0841, 0x0841, 0x0841, 0x0841, 0x0841, 0x0841, 
  0x0841, 0x0841, 0x0841, 0x0841, 0x0841, 0x0841, 0x0841, 0x0841, 0x0841, 0x0841, 0x0841, 0x0841, 0x0841, 0x0841, 0x0841, 0x0841, 
  0x0841, 0x0841, 0x0841, 0x0841, 0x0841, 0x0841, 0x0841, 0x0841, 0x0841, 0x0841, 0x0841, 0x0841, 0x0841, 0x0841, 0x0841, 0x0841, 
  0x0841, 0x0841, 0x0841, 0x0841, 0x0841, 0x0841, 0x0841, 0x0841, 0x0841, 0x0841, 0x0841, 0x0841, 0x0841, 0x0841, 0x0841, 0x0841, 
  0x0841, 0x0841, 0x0841, 0x0841, 0x0841, 0x0841, 0x0841, 0x0841, 0x0841, 0x0841, 0x0841, 0x0841, 0x0841, 0x0841, 0x0841, 0x0841, 
  0x0841, 0x0841, 0x0841, 0x0841, 0x0841, 0x0841, 0x0841, 0x0841, 0x0841, 0x0841, 0x0841, 0x0841, 0x0841, 0x0841, 0x0841, 0x0841, 
  0x0841, 0x0841, 0x0841, 0x0841, 0x0841, 0x0841, 0x0841, 0x0841, 0x0841, 0x0841, 0x0841, 0x0841, 0x0841, 0x0841, 0x0841, 0x0020, 
  0x0020, 0x0841, 0x0841, 0x0841, 0x0841, 0x0841, 0x0841, 0x0841, 0x0841, 0x0841, 0x0841, 0x0841, 0x0841, 0x0841, 0x0841, 0x0841, 
  0x0841, 0x0841, 0x0841, 0x0841, 0x0841, 0x0841, 0x0841, 0x0841, 0x0841, 0x0841, 0x0841, 0x0841, 0x0841, 0x0841, 0x0841, 0x0841, 
  0x0841, 0x0841, 0x0841, 0x0841, 0x0841, 0x0841, 0x0841, 0x0841, 0x0841, 0x0841, 0x0841, 0x0841, 0x0841, 0x0841, 0x0841, 0x0841, 
  0x0841, 0x0841, 0x0841, 0x0841, 0x0841, 0x0841, 0x0841, 0x0841, 0x0841, 0x0841, 0x0841, 0x0841, 0x0841, 0x0841, 0x0841, 0x0841, 
  0x0841, 0x0841, 0x0841, 0x0841, 0x0841, 0x0841, 0x0841, 0x0841, 0x0841, 0x0841, 0x0841, 0x0841, 0x0841, 0x0841, 0x0841, 0x0841, 
  0x0841, 0x0841, 0x0841, 0x0841, 0x0841, 0x0841, 0x0841, 0x0841, 0x0841, 0x0841, 0x0841, 0x0841, 0x0841, 0x0841, 0x0841, 0x0841, 
  0x0841, 0x0841, 0x0841, 0x0841, 0x0841, 0x0841, 0x0841, 0x0841, 0x0841, 0x0841, 0x0841, 0x0841, 0x0841, 0x0841, 0x0841, 0x0841, 
  0x0841, 0x0841, 0x0841, 0x0841, 0x0841, 0x0841, 0x0841, 0x0841, 0x0841, 0x0841, 0x0841, 0x0841, 0x0841, 0x0841, 0x0841, 0x0841, 
  0x0841, 0x0841, 0x0841, 0x0841, 0x0841, 0x0841, 0x0841, 0x0841, 0x0841, 0x0841, 0x0841, 0x0841, 0x0841, 0x0841, 0x0841, 0x0841, 
  0x0841, 0x0841, 0x0841, 0x0841, 0x0841, 0x0841, 0x0841, 0x0841, 0x0841, 0x0841, 0x0841, 0x0841, 0x0841, 0x0841, 0x0841, 0x0841, 
  0x0841, 0x0841, 0x0841, 0x0841, 0x0841, 0x0841, 0x0841, 0x0841, 0x0841, 0x0841, 0x0841, 0x0841, 0x0841, 0x0841, 0x0841, 0x0841, 
  0x0841, 0x0841, 0x0841, 0x0841, 0x0841, 0x0841, 0x0841, 0x0841, 0x0841, 0x0841, 0x0841, 0x0841, 0x0841, 0x0841, 0x0841, 0x0841, 
  0x0841, 0x0841, 0x0841, 0x0841, 0x0841, 0x0841, 0x0841, 0x0841, 0x0841, 0x0841, 0x0841, 0x0841, 0x0841, 0x0841, 0x0841, 0x0841, 
  0x0841, 0x0841, 0x0841, 0x0841, 0x0841, 0x0841, 0x0841, 0x0841, 0x0841, 0x0841, 0x0841, 0x0841, 0x0841, 0x0841, 0x0841, 0x0841, 
  0x0841, 0x0841, 0x0841, 0x0841, 0x0841, 0x0841, 0x0841, 0x0841, 0x0841, 0x0841, 0x0841, 0x0841, 0x0841, 0x0841, 0x0841, 0x0841, 
  0x0841, 0x0841, 0x0841, 0x0841, 0x0841, 0x0841, 0x0841, 0x0841, 0x0841, 0x0841, 0x0841, 0x0841, 0x0841, 0x0841, 0x0841, 0x0841, 
  0x0841, 0x0841, 0x0841, 0x0841, 0x0841, 0x0841, 0x0841, 0x0841, 0x0841, 0x0841, 0x0841, 0x0841, 0x0841, 0x0841, 0x0841, 0x0841, 
  0x0841, 0x0841, 0x0841, 0x0841, 0x0841, 0x0841, 0x0841, 0x0841, 0x0841, 0x0841, 0x0841, 0x0841, 0x0841, 0x0841, 0x0841, 0x0841, 
  0x0841, 0x0841, 0x0841, 0x0841, 0x0841, 0x0841, 0x0841, 0x0841, 0x0841, 0x0841, 0x0841, 0x0841, 0x0841, 0x0841, 0x0841, 0x0841, 
  0x0841, 0x0841, 0x0841, 0x0841, 0x0841, 0x0841, 0x0841, 0x0841, 0x0841, 0x0841, 0x0841, 0x0841, 0x0841, 0x0841, 0x0841, 0x0020, 
  0x0020, 0x0841, 0x0841, 0x0841, 0x0841, 0x0841, 0x0841, 0x0841, 0x0841, 0x0841, 0x0841, 0x0841, 0x0841, 0x0841, 0x0841, 0x0841, 
  0x0841, 0x0841, 0x0841, 0x0841, 0x0841, 0x0841, 0x0841, 0x0841, 0x0841, 0x0841, 0x0841, 0x0841, 0x0841, 0x0841, 0x0841, 0x0841, 
  0x0841, 0x0841, 0x0841, 0x0841, 0x0841, 0x0841, 0x0841, 0x0841, 0x0841, 0x0841, 0x0841, 0x0841, 0x0841, 0x0841, 0x0841, 0x0841, 
  0x0841, 0x0841, 0x0841, 0x0841, 0x0841, 0x0841, 0x0841, 0x0841, 0x0841, 0x0841, 0x0841, 0x0841, 0x0841, 0x0841, 0x0841, 0x0841, 
  0x0841, 0x0841, 0x0841, 0x0841, 0x0841, 0x0841, 0x0841, 0x0841, 0x0841, 0x0841, 0x0841, 0x0841, 0x0841, 0x0841, 0x0841, 0x0841, 
  0x0841, 0x0841, 0x0841, 0x0841, 0x0841, 0x0841, 0x0841, 0x0841, 0x0841, 0x0841, 0x0841, 0x0841, 0x0841, 0x0841, 0x0841, 0x0841, 
  0x0841, 0x0841, 0x0841, 0x0841, 0x0841, 0x0841, 0x0841, 0x0841, 0x0841, 0x0841, 0x0841, 0x0841, 0x0841, 0x0841, 0x0841, 0x0841, 
  0x0841, 0x0841, 0x0841, 0x0841, 0x0841, 0x0841, 0x0841, 0x0841, 0x0841, 0x0841, 0x0841, 0x0841, 0x0841, 0x0841, 0x0841, 0x0841, 
  0x0841, 0x0841, 0x0841, 0x0841, 0x0841, 0x0841, 0x0841, 0x0841, 0x0841, 0x0841, 0x0841, 0x0841, 0x0841, 0x0841, 0x0841, 0x0841, 
  0x0841, 0x0841, 0x0841, 0x0841, 0x0841, 0x0841, 0x0841, 0x0841, 0x0841, 0x0841, 0x0841, 0x0841, 0x0841, 0x0841, 0x0841, 0x0841, 
  0x0841, 0x0841, 0x0841, 0x0841, 0x0841, 0x0841, 0x0841, 0x0841, 0x0841, 0x0841, 0x0841, 0x0841, 0x0841, 0x0841, 0x0841, 0x0841, 
  0x0841, 0x0841, 0x0841, 0x0841, 0x0841, 0x0841, 0x0841, 0x0841, 0x0841, 0x0841, 0x0841, 0x0841, 0x0841, 0x0841, 0x0841, 0x0841, 
  0x0841, 0x0841, 0x0841, 0x0841, 0x0841, 0x0841, 0x0841, 0x0841, 0x0841, 0x0841, 0x0841, 0x0841, 0x0841, 0x0841, 0x0841, 0x0841, 
  0x0841, 0x0841, 0x0841, 0x0841, 0x0841, 0x0841, 0x0841, 0x0841, 0x0841, 0x0841, 0x0841, 0x0841, 0x0841, 0x0841, 0x0841, 0x0841, 
  0x0841, 0x0841, 0x0841, 0x0841, 0x0841, 0x0841, 0x0841, 0x0841, 0x0841, 0x0841, 0x0841, 0x0841, 0x0841, 0x0841, 0x0841, 0x0841, 
  0x0841, 0x0841, 0x0841, 0x0841, 0x0841, 0x0841, 0x0841, 0x0841, 0x0841, 0x0841, 0x0841, 0x0841, 0x0841, 0x0841, 0x0841, 0x0841, 
  0x0841, 0x0841, 0x0841, 0x0841, 0x0841, 0x0841, 0x0841, 0x0841, 0x0841, 0x0841, 0x0841, 0x0841, 0x0841, 0x0841, 0x0841, 0x0841, 
  0x0841, 0x0841, 0x0841, 0x0841, 0x0841, 0x0841, 0x0841, 0x0841, 0x0841, 0x0841, 0x0841, 0x0841, 0x0841, 0x0841, 0x0841, 0x0841, 
  0x0841, 0x0841, 0x0841, 0x0841, 0x0841, 0x0841, 0x0841, 0x0841, 0x0841, 0x0841, 0x0841, 0x0841, 0x0841, 0x0841, 0x0841, 0x0841, 
  0x0841, 0x0841, 0x0841, 0x0841, 0x0841, 0x0841, 0x0841, 0x0841, 0x0841, 0x0841, 0x0841, 0x0841, 0x0841, 0x0841, 0x0841, 0x0020, 
  0x0020, 0x0841, 0x0841, 0x0841, 0x0841, 0x0841, 0x0841, 0x0841, 0x0841, 0x0841, 0x0841, 0x0841, 0x0841, 0x0841, 0x0841, 0x0841, 
  0x0841, 0x0841, 0x0841, 0x0841, 0x0841, 0x0841, 0x0841, 0x0841, 0x0841, 0x0841, 0x0841, 0x0841, 0x0841, 0x0841, 0x0841, 0x0841, 
  0x0841, 0x0841, 0x0841, 0x0841, 0x0841, 0x0841, 0x0841, 0x0841, 0x0841, 0x0841, 0x0841, 0x0841, 0x0841, 0x0841, 0x0841, 0x0841, 
  0x0841, 0x0841, 0x0841, 0x0841, 0x0841, 0x0841, 0x0841, 0x0841, 0x0841, 0x0841, 0x0841, 0x0841, 0x0841, 0x0841, 0x0841, 0x0841, 
  0x0841, 0x0841, 0x0841, 0x0841, 0x0841, 0x0841, 0x0841, 0x0841, 0x0841, 0x0841, 0x0841, 0x0841, 0x0841, 0x0841, 0x0841, 0x0841, 
  0x0841, 0x0841, 0x0841, 0x0841, 0x0841, 0x0841, 0x0841, 0x0841, 0x0841, 0x0841, 0x0841, 0x0841, 0x0841, 0x0841, 0x0841, 0x0841, 
  0x0841, 0x0841, 0x0841, 0x0841, 0x0841, 0x0841, 0x0841, 0x0841, 0x0841, 0x0841, 0x0841, 0x0841, 0x0841, 0x0841, 0x0841, 0x0841, 
  0x0841, 0x0841, 0x0841, 0x0841, 0x0841, 0x0841, 0x0841, 0x0841, 0x0841, 0x0841, 0x0841, 0x0841, 0x0841, 0x0841, 0x0841, 0x0841, 
  0x0841, 0x0841, 0x0841, 0x0841, 0x0841, 0x0841, 0x0841, 0x0841, 0x0841, 0x0841, 0x0841, 0x0841, 0x0841, 0x0841, 0x0841, 0x0841, 
  0x0841, 0x0841, 0x0841, 0x0841, 0x0841, 0x0841, 0x0841, 0x0841, 0x0841, 0x0841, 0x0841, 0x0841, 0x0841, 0x0841, 0x0841, 0x0841, 
  0x0841, 0x0841, 0x0841, 0x0841, 0x0841, 0x0841, 0x0841, 0x0841, 0x0841, 0x0841, 0x0841, 0x0841, 0x0841, 0x0841, 0x0841, 0x0841, 
  0x0841, 0x0841, 0x0841, 0x0841, 0x0841, 0x0841, 0x0841, 0x0841, 0x0841, 0x0841, 0x0841, 0x0841, 0x0841, 0x0841, 0x0841, 0x0841, 
  0x0841, 0x0841, 0x0841, 0x0841, 0x0841, 0x0841, 0x0841, 0x0841, 0x0841, 0x0841, 0x0841, 0x0841, 0x0841, 0x0841, 0x0841, 0x0841, 
  0x0841, 0x0841, 0x0841, 0x0841, 0x0841, 0x0841, 0x0841, 0x0841, 0x0841, 0x0841, 0x0841, 0x0841, 0x0841, 0x0841, 0x0841, 0x0841, 
  0x0841, 0x0841, 0x0841, 0x0841, 0x0841, 0x0841, 0x0841, 0x0841, 0x0841, 0x0841, 0x0841, 0x0841, 0x0841, 0x0841, 0x0841, 0x0841, 
  0x0841, 0x0841, 0x0841, 0x0841, 0x0841, 0x0841, 0x0841, 0x0841, 0x0841, 0x0841, 0x0841, 0x0841, 0x0841, 0x0841, 0x0841, 0x0841, 
  0x0841, 0x0841, 0x0841, 0x0841, 0x0841, 0x0841, 0x0841, 0x0841, 0x0841, 0x0841, 0x0841, 0x0841, 0x0841, 0x0841, 0x0841, 0x0841, 
  0x0841, 0x0841, 0x0841, 0x0841, 0x0841, 0x0841, 0x0841, 0x0841, 0x0841, 0x0841, 0x0841, 0x0841, 0x0841, 0x0841, 0x0841, 0x0841, 
  0x0841, 0x0841, 0x0841, 0x0841, 0x0841, 0x0841, 0x0841, 0x0841, 0x0841, 0x0841, 0x0841, 0x0841, 0x0841, 0x0841, 0x0841, 0x0841, 
  0x0841, 0x0841, 0x0841, 0x0841, 0x0841, 0x0841, 0x0841, 0x0841, 0x0841, 0x0841, 0x0841, 0x0841, 0x0841, 0x0841, 0x0841, 0x0020, 
  0x0020, 0x0841, 0x0841, 0x0841, 0x0841, 0x0841, 0x0841, 0x0841, 0x0841, 0x0841, 0x0841, 0x0841, 0x0841, 0x0841, 0x0841, 0x0841, 
  0x0841, 0x0841, 0x0841, 0x0841, 0x0841, 0x0841, 0x0841, 0x0841, 0x0841, 0x0841, 0x0841, 0x0841, 0x0841, 0x0841, 0x0841, 0x0841, 
  0x0841, 0x0841, 0x0841, 0x0841, 0x0841, 0x0841, 0x0841, 0x0841, 0x0841, 0x0841, 0x0841, 0x0841, 0x0841, 0x0841, 0x0841, 0x0841, 
  0x0841, 0x0841, 0x0841, 0x0841, 0x0841, 0x0841, 0x0841, 0x0841, 0x0841, 0x0841, 0x0841, 0x0841, 0x0841, 0x0841, 0x0841, 0x0841, 
  0x0841, 0x0841, 0x0841, 0x0841, 0x0841, 0x0841, 0x0841, 0x0841, 0x0841, 0x0841, 0x0841, 0x0841, 0x0841, 0x0841, 0x0841, 0x0841, 
  0x0841, 0x0841, 0x0841, 0x0841, 0x0841, 0x0841, 0x0841, 0x0841, 0x0841, 0x0841, 0x0841, 0x0841, 0x0841, 0x0841, 0x0841, 0x0841, 
  0x0841, 0x0841, 0x0841, 0x0841, 0x0841, 0x0841, 0x0841, 0x0841, 0x0841, 0x0841, 0x0841, 0x0841, 0x0841, 0x0841, 0x0841, 0x0841, 
  0x0841, 0x0841, 0x0841, 0x0841, 0x0841, 0x0841, 0x0841, 0x0841, 0x0841, 0x0841, 0x0841, 0x0841, 0x0841, 0x0841, 0x0841, 0x0841, 
  0x0841, 0x0841, 0x0841, 0x0841, 0x0841, 0x0841, 0x0841, 0x0841, 0x0841, 0x0841, 0x0841, 0x0841, 0x0841, 0x0841, 0x0841, 0x0841, 
  0x0841, 0x0841, 0x0841, 0x0841, 0x0841, 0x0841, 0x0841, 0x0841, 0x0841, 0x0841, 0x0841, 0x0841, 0x0841, 0x0841, 0x0841, 0x0841, 
  0x0841, 0x0841, 0x0841, 0x0841, 0x0841, 0x0841, 0x0841, 0x0841, 0x0841, 0x0841, 0x0841, 0x0841, 0x0841, 0x0841, 0x0841, 0x0841, 
  0x0841, 0x0841, 0x0841, 0x0841, 0x0841, 0x0841, 0x0841, 0x0841, 0x0841, 0x0841, 0x0841, 0x0841, 0x0841, 0x0841, 0x0841, 0x0841, 
  0x0841, 0x0841, 0x0841, 0x0841, 0x0841, 0x0841, 0x0841, 0x0841, 0x0841, 0x0841, 0x0841, 0x0841, 0x0841, 0x0841, 0x0841, 0x0841, 
  0x0841, 0x0841, 0x0841, 0x0841, 0x0841, 0x0841, 0x0841, 0x0841, 0x0841, 0x0841, 0x0841, 0x0841, 0x0841, 0x0841, 0x0841, 0x0841, 
  0x0841, 0x0841, 0x0841, 0x0841, 0x0841, 0x0841, 0x0841, 0x0841, 0x0841, 0x0841, 0x0841, 0x0841, 0x0841, 0x0841, 0x0841, 0x0841, 
  0x0841, 0x0841, 0x0841, 0x0841, 0x0841, 0x0841, 0x0841, 0x0841, 0x0841, 0x0841, 0x0841, 0x0841, 0x0841, 0x0841, 0x0841, 0x0841, 
  0x0841, 0x0841, 0x0841, 0x0841, 0x0841, 0x0841, 0x0841, 0x0841, 0x0841, 0x0841, 0x0841, 0x0841, 0x0841, 0x0841, 0x0841, 0x0841, 
  0x0841, 0x0841, 0x0841, 0x0841, 0x0841, 0x0841, 0x0841, 0x0841, 0x0841, 0x0841, 0x0841, 0x0841, 0x0841, 0x0841, 0x0841, 0x0841, 
  0x0841, 0x0841, 0x0841, 0x0841, 0x0841, 0x0841, 0x0841, 0x0841, 0x0841, 0x0841, 0x0841, 0x0841, 0x0841, 0x0841, 0x0841, 0x0841, 
  0x0841, 0x0841, 0x0841, 0x0841, 0x0841, 0x0841, 0x0841, 0x0841, 0x0841, 0x0841, 0x0841, 0x0841, 0x0841, 0x0841, 0x0841, 0x0020, 
  0x0020, 0x0841, 0x0841, 0x0841, 0x0841, 0x0841, 0x0841, 0x0841, 0x0841, 0x0841, 0x0841, 0x0841, 0x0841, 0x0841, 0x0841, 0x0841, 
  0x0841, 0x0841, 0x0841, 0x0841, 0x0841, 0x0841, 0x0841, 0x0841, 0x0841, 0x0841, 0x0841, 0x0841, 0x0841, 0x0841, 0x0841, 0x0841, 
  0x0841, 0x0841, 0x0841, 0x0841, 0x0841, 0x0841, 0x0841, 0x0841, 0x0841, 0x0841, 0x0841, 0x0841, 0x0841, 0x0841, 0x0841, 0x0841, 
  0x0841, 0x0841, 0x0841, 0x0841, 0x0841, 0x0841, 0x0841, 0x0841, 0x0841, 0x0841, 0x0841, 0x0841, 0x0841, 0x0841, 0x0841, 0x0841, 
  0x0841, 0x0841, 0x0841, 0x0841, 0x0841, 0x0841, 0x0841, 0x0841, 0x0841, 0x0841, 0x0841, 0x0841, 0x0841, 0x0841, 0x0841, 0x0841, 
  0x0841, 0x0841, 0x0841, 0x0841, 0x0841, 0x0841, 0x0841, 0x0841, 0x0841, 0x0841, 0x0841, 0x0841, 0x0841, 0x0841, 0x0841, 0x0841, 
  0x0841, 0x0841, 0x0841, 0x0841, 0x0841, 0x0841, 0x0841, 0x0841, 0x0841, 0x0841, 0x0841, 0x0841, 0x0841, 0x0841, 0x0841, 0x0841, 
  0x0841, 0x0841, 0x0841, 0x0841, 0x0841, 0x0841, 0x0841, 0x0841, 0x0841, 0x0841, 0x0841, 0x0841, 0x0841, 0x0841, 0x0841, 0x0841, 
  0x0841, 0x0841, 0x0841, 0x0841, 0x0841, 0x0841, 0x0841, 0x0841, 0x0841, 0x0841, 0x0841, 0x0841, 0x0841, 0x0841, 0x0841, 0x0841, 
  0x0841, 0x0841, 0x0841, 0x0841, 0x0841, 0x0841, 0x0841, 0x0841, 0x0841, 0x0841, 0x0841, 0x0841, 0x0841, 0x0841, 0x0841, 0x0841, 
  0x0841, 0x0841, 0x0841, 0x0841, 0x0841, 0x0841, 0x0841, 0x0841, 0x0841, 0x0841, 0x0841, 0x0841, 0x0841, 0x0841, 0x0841, 0x0841, 
  0x0841, 0x0841, 0x0841, 0x0841, 0x0841, 0x0841, 0x0841, 0x0841, 0x0841, 0x0841, 0x0841, 0x0841, 0x0841, 0x0841, 0x0841, 0x0841, 
  0x0841, 0x0841, 0x0841, 0x0841, 0x0841, 0x0841, 0x0841, 0x0841, 0x0841, 0x0841, 0x0841, 0x0841, 0x0841, 0x0841, 0x0841, 0x0841, 
  0x0841, 0x0841, 0x0841, 0x0841, 0x0841, 0x0841, 0x0841, 0x0841, 0x0841, 0x0841, 0x0841, 0x0841, 0x0841, 0x0841, 0x0841, 0x0841, 
  0x0841, 0x0841, 0x0841, 0x0841, 0x0841, 0x0841, 0x0841, 0x0841, 0x0841, 0x0841, 0x0841, 0x0841, 0x0841, 0x0841, 0x0841, 0x0841, 
  0x0841, 0x0841, 0x0841, 0x0841, 0x0841, 0x0841, 0x0841, 0x0841, 0x0841, 0x0841, 0x0841, 0x0841, 0x0841, 0x0841, 0x0841, 0x0841, 
  0x0841, 0x0841, 0x0841, 0x0841, 0x0841, 0x0841, 0x0841, 0x0841, 0x0841, 0x0841, 0x0841, 0x0841, 0x0841, 0x0841, 0x0841, 0x0841, 
  0x0841, 0x0841, 0x0841, 0x0841, 0x0841, 0x0841, 0x0841, 0x0841, 0x0841, 0x0841, 0x0841, 0x0841, 0x0841, 0x0841, 0x0841, 0x0841, 
  0x0841, 0x0841, 0x0841, 0x0841, 0x0841, 0x0841, 0x0841, 0x0841, 0x0841, 0x0841, 0x0841, 0x0841, 0x0841, 0x0841, 0x0841, 0x0841, 
  0x0841, 0x0841, 0x0841, 0x0841, 0x0841, 0x0841, 0x0841, 0x0841, 0x0841, 0x0841, 0x0841, 0x0841, 0x0841, 0x0841, 0x0841, 0x0020, 
  0x0020, 0x0841, 0x0841, 0x0841, 0x0841, 0x0841, 0x0841, 0x0841, 0x0841, 0x0841, 0x0841, 0x0841, 0x0841, 0x0841, 0x0841, 0x0841, 
  0x0841, 0x0841, 0x0841, 0x0841, 0x0841, 0x0841, 0x0841, 0x0841, 0x0841, 0x0841, 0x0841, 0x0841, 0x0841, 0x0841, 0x0841, 0x0841, 
  0x0841, 0x0841, 0x0841, 0x0841, 0x0841, 0x0841, 0x0841, 0x0841, 0x0841, 0x0841, 0x0841, 0x0841, 0x0841, 0x0841, 0x0841, 0x0841, 
  0x0841, 0x0841, 0x0841, 0x0841, 0x0841, 0x0841, 0x0841, 0x0841, 0x0841, 0x0841, 0x0841, 0x0841, 0x0841, 0x0841, 0x0841, 0x0841, 
  0x0841, 0x0841, 0x0841, 0x0841, 0x0841, 0x0841, 0x0841, 0x0841, 0x0841, 0x0841, 0x0841, 0x0841, 0x0841, 0x0841, 0x0841, 0x0841, 
  0x0841, 0x0841, 0x0841, 0x0841, 0x0841, 0x0841, 0x0841, 0x0841, 0x0841, 0x0841, 0x0841, 0x0841, 0x0841, 0x0841, 0x0841, 0x0841, 
  0x0841, 0x0841, 0x0841, 0x0841, 0x0841, 0x0841, 0x0841, 0x0841, 0x0841, 0x0841, 0x0841, 0x0841, 0x0841, 0x0841, 0x0841, 0x0841, 
  0x0841, 0x0841, 0x0841, 0x0841, 0x0841, 0x0841, 0x0841, 0x0841, 0x0841, 0x0841, 0x0841, 0x0841, 0x0841, 0x0841, 0x0841, 0x0841, 
  0x0841, 0x0841, 0x0841, 0x0841, 0x0841, 0x0841, 0x0841, 0x0841, 0x0841, 0x0841, 0x0841, 0x0841, 0x0841, 0x0841, 0x0841, 0x0841, 
  0x0841, 0x0841, 0x0841, 0x0841, 0x0841, 0x0841, 0x0841, 0x0841, 0x0841, 0x0841, 0x0841, 0x0841, 0x0841, 0x0841, 0x0841, 0x0841, 
  0x0841, 0x0841, 0x0841, 0x0841, 0x0841, 0x0841, 0x0841, 0x0841, 0x0841, 0x0841, 0x0841, 0x0841, 0x0841, 0x0841, 0x0841, 0x0841, 
  0x0841, 0x0841, 0x0841, 0x0841, 0x0841, 0x0841, 0x0841, 0x0841, 0x0841, 0x0841, 0x0841, 0x0841, 0x0841, 0x0841, 0x0841, 0x0841, 
  0x0841, 0x0841, 0x0841, 0x0841, 0x0841, 0x0841, 0x0841, 0x0841, 0x0841, 0x0841, 0x0841, 0x0841, 0x0841, 0x0841, 0x0841, 0x0841, 
  0x0841, 0x0841, 0x0841, 0x0841, 0x0841, 0x0841, 0x0841, 0x0841, 0x0841, 0x0841, 0x0841, 0x0841, 0x0841, 0x0841, 0x0841, 0x0841, 
  0x0841, 0x0841, 0x0841, 0x0841, 0x0841, 0x0841, 0x0841, 0x0841, 0x0841, 0x0841, 0x0841, 0x0841, 0x0841, 0x0841, 0x0841, 0x0841, 
  0x0841, 0x0841, 0x0841, 0x0841, 0x0841, 0x0841, 0x0841, 0x0841, 0x0841, 0x0841, 0x0841, 0x0841, 0x0841, 0x0841, 0x0841, 0x0841, 
  0x0841, 0x0841, 0x0841, 0x0841, 0x0841, 0x0841, 0x0841, 0x0841, 0x0841, 0x0841, 0x0841, 0x0841, 0x0841, 0x0841, 0x0841, 0x0841, 
  0x0841, 0x0841, 0x0841, 0x0841, 0x0841, 0x0841, 0x0841, 0x0841, 0x0841, 0x0841, 0x0841, 0x0841, 0x0841, 0x0841, 0x0841, 0x0841, 
  0x0841, 0x0841, 0x0841, 0x0841, 0x0841, 0x0841, 0x0841, 0x0841, 0x0841, 0x0841, 0x0841, 0x0841, 0x0841, 0x0841, 0x0841, 0x0841, 
  0x0841, 0x0841, 0x0841, 0x0841, 0x0841, 0x0841, 0x0841, 0x0841, 0x0841, 0x0841, 0x0841, 0x0841, 0x0841, 0x0841, 0x0841, 0x0020, 
  0x0020, 0x0020, 0x0841, 0x0841, 0x0841, 0x0841, 0x0841, 0x0841, 0x0841, 0x0841, 0x0841, 0x0841, 0x0841, 0x0841, 0x0841, 0x0841, 
  0x0841, 0x0841, 0x0841, 0x0841, 0x0841, 0x0841, 0x0841, 0x0841, 0x0841, 0x0841, 0x0841, 0x0841, 0x0841, 0x0841, 0x0841, 0x0841, 
  0x0841, 0x0841, 0x0841, 0x0841, 0x0841, 0x0841, 0x0841, 0x0841, 0x0841, 0x0841, 0x0841, 0x0841, 0x0841, 0x0841, 0x0841, 0x0841, 
  0x0841, 0x0841, 0x0841, 0x0841, 0x0841, 0x0841, 0x0841, 0x0841, 0x0841, 0x0841, 0x0841, 0x0841, 0x0841, 0x0841, 0x0841, 0x0841, 
  0x0841, 0x0841, 0x0841, 0x0841, 0x0841, 0x0841, 0x0841, 0x0841, 0x0841, 0x0841, 0x0841, 0x0841, 0x0841, 0x0841, 0x0841, 0x0841, 
  0x0841, 0x0841, 0x0841, 0x0841, 0x0841, 0x0841, 0x0841, 0x0841, 0x0841, 0x0841, 0x0841, 0x0841, 0x0841, 0x0841, 0x0841, 0x0841, 
  0x0841, 0x0841, 0x0841, 0x0841, 0x0841, 0x0841, 0x0841, 0x0841, 0x0841, 0x0841, 0x0841, 0x0841, 0x0841, 0x0841, 0x0841, 0x0841, 
  0x0841, 0x0841, 0x0841, 0x0841, 0x0841, 0x0841, 0x0841, 0x0841, 0x0841, 0x0841, 0x0841, 0x0841, 0x0841, 0x0841, 0x0841, 0x0841, 
  0x0841, 0x0841, 0x0841, 0x0841, 0x0841, 0x0841, 0x0841, 0x0841, 0x0841, 0x0841, 0x0841, 0x0841, 0x0841, 0x0841, 0x0841, 0x0841, 
  0x0841, 0x0841, 0x0841, 0x0841, 0x0841, 0x0841, 0x0841, 0x0841, 0x0841, 0x0841, 0x0841, 0x0841, 0x0841, 0x0841, 0x0841, 0x0841, 
  0x0841, 0x0841, 0x0841, 0x0841, 0x0841, 0x0841, 0x0841, 0x0841, 0x0841, 0x0841, 0x0841, 0x0841, 0x0841, 0x0841, 0x0841, 0x0841, 
  0x0841, 0x0841, 0x0841, 0x0841, 0x0841, 0x0841, 0x0841, 0x0841, 0x0841, 0x0841, 0x0841, 0x0841, 0x0841, 0x0841, 0x0841, 0x0841, 
  0x0841, 0x0841, 0x0841, 0x0841, 0x0841, 0x0841, 0x0841, 0x0841, 0x0841, 0x0841, 0x0841, 0x0841, 0x0841, 0x0841, 0x0841, 0x0841, 
  0x0841, 0x0841, 0x0841, 0x0841, 0x0841, 0x0841, 0x0841, 0x0841, 0x0841, 0x0841, 0x0841, 0x0841, 0x0841, 0x0841, 0x0841, 0x0841, 
  0x0841, 0x0841, 0x0841, 0x0841, 0x0841, 0x0841, 0x0841, 0x0841, 0x0841, 0x0841, 0x0841, 0x0841, 0x0841, 0x0841, 0x0841, 0x0841, 
  0x0841, 0x0841, 0x0841, 0x0841, 0x0841, 0x0841, 0x0841, 0x0841, 0x0841, 0x0841, 0x0841, 0x0841, 0x0841, 0x0841, 0x0841, 0x0841, 
  0x0841, 0x0841, 0x0841, 0x0841, 0x0841, 0x0841, 0x0841, 0x0841, 0x0841, 0x0841, 0x0841, 0x0841, 0x0841, 0x0861, 0x0841, 0x0841, 
  0x0841, 0x0841, 0x0841, 0x0861, 0x0020, 0x0841, 0x0841, 0x0841, 0x0841, 0x0841, 0x0841, 0x0841, 0x0841, 0x0841, 0x0841, 0x0841, 
  0x0841, 0x0861, 0x0841, 0x0020, 0x0841, 0x0841, 0x0841, 0x0861, 0x0841, 0x0020, 0x0861, 0x0861, 0x0841, 0x0861, 0x0841, 0x0020, 
  0x0861, 0x0841, 0x0841, 0x0841, 0x0841, 0x0861, 0x0020, 0x0841, 0x0861, 0x0841, 0x0841, 0x0841, 0x0841, 0x0841, 0x0020, 0x0020, 
  0x0020, 0x0020, 0x0020, 0x0841, 0x0841, 0x0841, 0x0841, 0x0841, 0x0841, 0x0841, 0x0841, 0x0841, 0x0841, 0x0841, 0x0841, 0x0841, 
  0x0841, 0x0841, 0x0841, 0x0841, 0x0841, 0x0841, 0x0841, 0x0841, 0x0841, 0x0841, 0x0841, 0x0841, 0x0841, 0x0841, 0x0841, 0x0841, 
  0x0841, 0x0841, 0x0841, 0x0841, 0x0841, 0x0841, 0x0841, 0x0841, 0x0841, 0x0841, 0x0841, 0x0841, 0x0841, 0x0841, 0x0841, 0x0841, 
  0x0841, 0x0841, 0x0841, 0x0841, 0x0841, 0x0841, 0x0841, 0x0841, 0x0841, 0x0841, 0x0841, 0x0841, 0x0841, 0x0841, 0x0841, 0x0841, 
  0x0841, 0x0841, 0x0841, 0x0841, 0x0841, 0x0841, 0x0841, 0x0841, 0x0841, 0x0841, 0x0841, 0x0841, 0x0841, 0x0841, 0x0841, 0x0841, 
  0x0841, 0x0841, 0x0841, 0x0841, 0x0841, 0x0841, 0x0841, 0x0841, 0x0841, 0x0841, 0x0841, 0x0841, 0x0841, 0x0841, 0x0841, 0x0841, 
  0x0841, 0x0841, 0x0841, 0x0841, 0x0841, 0x0841, 0x0841, 0x0841, 0x0841, 0x0841, 0x0841, 0x0841, 0x0841, 0x0841, 0x0841, 0x0841, 
  0x0841, 0x0841, 0x0841, 0x0841, 0x0841, 0x0841, 0x0841, 0x0841, 0x0841, 0x0841, 0x0841, 0x0841, 0x0841, 0x0841, 0x0841, 0x0841, 
  0x0841, 0x0841, 0x0841, 0x0841, 0x0841, 0x0841, 0x0841, 0x0841, 0x0841, 0x0841, 0x0841, 0x0841, 0x0841, 0x0841, 0x0841, 0x0841, 
  0x0841, 0x0841, 0x0841, 0x0841, 0x0841, 0x0841, 0x0841, 0x0841, 0x0841, 0x0841, 0x0841, 0x0841, 0x0841, 0x0841, 0x0841, 0x0841, 
  0x0841, 0x0841, 0x0841, 0x0841, 0x0841, 0x0841, 0x0841, 0x0841, 0x0841, 0x0841, 0x0841, 0x0841, 0x0841, 0x0841, 0x0841, 0x0841, 
  0x0841, 0x0841, 0x0841, 0x0841, 0x0841, 0x0841, 0x0841, 0x0841, 0x0841, 0x0841, 0x0841, 0x0841, 0x0841, 0x0841, 0x0841, 0x0841, 
  0x0841, 0x0841, 0x0841, 0x0841, 0x0841, 0x0841, 0x0841, 0x0841, 0x0841, 0x0841, 0x0841, 0x0841, 0x0841, 0x0841, 0x0841, 0x0841, 
  0x0841, 0x0841, 0x0841, 0x0841, 0x0841, 0x0841, 0x0841, 0x0841, 0x0841, 0x0841, 0x0841, 0x0841, 0x0841, 0x0841, 0x0841, 0x0841, 
  0x0841, 0x0841, 0x0841, 0x0841, 0x0841, 0x0841, 0x0841, 0x0841, 0x0841, 0x0841, 0x0841, 0x0841, 0x0841, 0x0841, 0x0841, 0x0841, 
  0x0841, 0x0841, 0x0841, 0x0841, 0x0841, 0x0841, 0x0841, 0x0841, 0x0841, 0x0841, 0x0841, 0x0841, 0x0841, 0x0841, 0x0841, 0x0841, 
  0x0841, 0x0841, 0x0841, 0x0841, 0x0841, 0x0841, 0x0841, 0x0841, 0x0841, 0x0841, 0x0841, 0x0841, 0x0020, 0x2945, 0x0841, 0x3186, 
  0x4228, 0x18C3, 0x2965, 0x630C, 0x1082, 0x3186, 0x4A69, 0x4228, 0x0020, 0x39E7, 0x4208, 0x0020, 0x4228, 0x0020, 0x2124, 0x31A6, 
  0x0000, 0x39E7, 0x52AA, 0x0841, 0x39C7, 0x4A49, 0x0000, 0x528A, 0x4A49, 0x0861, 0x52AA, 0x2104, 0x18C3, 0x630C, 0x2124, 0x18E3, 
  0x5AEB, 0x18C3, 0x0020, 0x0020, 0x31A6, 0x5AEB, 0x0861, 0x4208, 0x52AA, 0x0841, 0x4A49, 0x4A69, 0x39E7, 0x0000, 0x0841, 0x0020, 
  0x0020, 0x0020, 0x0020, 0x0020, 0x0841, 0x0841, 0x0841, 0x0841, 0x0841, 0x0841, 0x0841, 0x0841, 0x0841, 0x0841, 0x0841, 0x0841, 
  0x0841, 0x0841, 0x0841, 0x0841, 0x0841, 0x0841, 0x0841, 0x0841, 0x0841, 0x0841, 0x0841, 0x0841, 0x0841, 0x0841, 0x0841, 0x0841, 
  0x0841, 0x0841, 0x0841, 0x0841, 0x0841, 0x0841, 0x0841, 0x0841, 0x0841, 0x0841, 0x0841, 0x0841, 0x0841, 0x0841, 0x0841, 0x0841, 
  0x0841, 0x0841, 0x0841, 0x0841, 0x0841, 0x0841, 0x0841, 0x0841, 0x0841, 0x0841, 0x0841, 0x0841, 0x0841, 0x0841, 0x0841, 0x0841, 
  0x0841, 0x0841, 0x0841, 0x0841, 0x0841, 0x0841, 0x0841, 0x0841, 0x0841, 0x0841, 0x0841, 0x0841, 0x0841, 0x0841, 0x0841, 0x0841, 
  0x0841, 0x0841, 0x0841, 0x0841, 0x0841, 0x0841, 0x0841, 0x0841, 0x0841, 0x0841, 0x0841, 0x0841, 0x0841, 0x0841, 0x0841, 0x0841, 
  0x0841, 0x0841, 0x0841, 0x0841, 0x0841, 0x0841, 0x0841, 0x0841, 0x0841, 0x0841, 0x0841, 0x0841, 0x0841, 0x0841, 0x0841, 0x0841, 
  0x0841, 0x0841, 0x0841, 0x0841, 0x0841, 0x0841, 0x0841, 0x0841, 0x0841, 0x0841, 0x0841, 0x0841, 0x0841, 0x0841, 0x0841, 0x0841, 
  0x0841, 0x0841, 0x0841, 0x0841, 0x0841, 0x0841, 0x0841, 0x0841, 0x0841, 0x0841, 0x0841, 0x0841, 0x0841, 0x0841, 0x0841, 0x0841, 
  0x0841, 0x0841, 0x0841, 0x0841, 0x0841, 0x0841, 0x0841, 0x0841, 0x0841, 0x0841, 0x0841, 0x0841, 0x0841, 0x0841, 0x0841, 0x0841, 
  0x0841, 0x0841, 0x0841, 0x0841, 0x0841, 0x0841, 0x0841, 0x0841, 0x0841, 0x0841, 0x0841, 0x0841, 0x0841, 0x0841, 0x0841, 0x0841, 
  0x0841, 0x0841, 0x0841, 0x0841, 0x0841, 0x0841, 0x0841, 0x0841, 0x0841, 0x0841, 0x0841, 0x0841, 0x0841, 0x0841, 0x0841, 0x0841, 
  0x0841, 0x0841, 0x0841, 0x0841, 0x0841, 0x0841, 0x0841, 0x0841, 0x0841, 0x0841, 0x0841, 0x0841, 0x0841, 0x0841, 0x0841, 0x0841, 
  0x0841, 0x0841, 0x0841, 0x0841, 0x0841, 0x0841, 0x0841, 0x0841, 0x0841, 0x0841, 0x0841, 0x0841, 0x0841, 0x0841, 0x0841, 0x0841, 
  0x0841, 0x0841, 0x0841, 0x0841, 0x0841, 0x0841, 0x0841, 0x0841, 0x0841, 0x0841, 0x0841, 0x0841, 0x0841, 0x0841, 0x0841, 0x0841, 
  0x0841, 0x0841, 0x0841, 0x0841, 0x0841, 0x0841, 0x0841, 0x0841, 0x0841, 0x0841, 0x0841, 0x0841, 0x0841, 0x0841, 0x0841, 0x0841, 
  0x0841, 0x0841, 0x0841, 0x0841, 0x0841, 0x0841, 0x0841, 0x0841, 0x0841, 0x0841, 0x0841, 0x0841, 0x0020, 0x39C7, 0x0861, 0x39E7, 
  0x6B6D, 0x18E3, 0x3186, 0x52AA, 0x2104, 0x2965, 0x7BCF, 0x5ACB, 0x0000, 0x528A, 0x528A, 0x0020, 0x4A49, 0x0000, 0x2965, 0x31A6, 
  0x0000, 0x4208, 0x630C, 0x0861, 0x4A49, 0x5ACB, 0x0000, 0x5ACB, 0x528A, 0x10A2, 0x5AEB, 0x0861, 0x18E3, 0x6B6D, 0x2965, 0x10A2, 
  0x528A, 0x1082, 0x0020, 0x0000, 0x4228, 0x2124, 0x0861, 0x4228, 0x4A69, 0x1082, 0x52AA, 0x7BCF, 0x4228, 0x0000, 0x0841, 0x0020, 
  0x0020, 0x0020, 0x0020, 0x0020, 0x0020, 0x0841, 0x0841, 0x0841, 0x0841, 0x0841, 0x0841, 0x0841, 0x0841, 0x0841, 0x0841, 0x0841, 
  0x0841, 0x0841, 0x0841, 0x0841, 0x0841, 0x0841, 0x0841, 0x0841, 0x0841, 0x0841, 0x0841, 0x0841, 0x0841, 0x0841, 0x0841, 0x0841, 
  0x0841, 0x0841, 0x0841, 0x0841, 0x0841, 0x0841, 0x0841, 0x0841, 0x0841, 0x0841, 0x0841, 0x0841, 0x0841, 0x0841, 0x0841, 0x0841, 
  0x0841, 0x0841, 0x0841, 0x0841, 0x0841, 0x0841, 0x0841, 0x0841, 0x0841, 0x0841, 0x0841, 0x0841, 0x0841, 0x0841, 0x0841, 0x0841, 
  0x0841, 0x0841, 0x0841, 0x0841, 0x0841, 0x0841, 0x0841, 0x0841, 0x0841, 0x0841, 0x0841, 0x0841, 0x0841, 0x0841, 0x0841, 0x0841, 
  0x0841, 0x0841, 0x0841, 0x0841, 0x0841, 0x0841, 0x0841, 0x0841, 0x0841, 0x0841, 0x0841, 0x0841, 0x0841, 0x0841, 0x0841, 0x0841, 
  0x0841, 0x0841, 0x0841, 0x0841, 0x0841, 0x0841, 0x0841, 0x0841, 0x0841, 0x0841, 0x0841, 0x0841, 0x0841, 0x0841, 0x0841, 0x0841, 
  0x0841, 0x0841, 0x0841, 0x0841, 0x0841, 0x0841, 0x0841, 0x0841, 0x0841, 0x0841, 0x0841, 0x0841, 0x0841, 0x0841, 0x0841, 0x0841, 
  0x0841, 0x0841, 0x0841, 0x0841, 0x0841, 0x0841, 0x0841, 0x0841, 0x0841, 0x0841, 0x0841, 0x0841, 0x0841, 0x0841, 0x0841, 0x0841, 
  0x0841, 0x0841, 0x0841, 0x0841, 0x0841, 0x0841, 0x0841, 0x0841, 0x0841, 0x0841, 0x0841, 0x0841, 0x0841, 0x0841, 0x0841, 0x0841, 
  0x0841, 0x0841, 0x0841, 0x0841, 0x0841, 0x0841, 0x0841, 0x0841, 0x0841, 0x0841, 0x0841, 0x0841, 0x0841, 0x0841, 0x0841, 0x0841, 
  0x0841, 0x0841, 0x0841, 0x0841, 0x0841, 0x0841, 0x0841, 0x0841, 0x0841, 0x0841, 0x0841, 0x0841, 0x0841, 0x0841, 0x0841, 0x0841, 
  0x0841, 0x0841, 0x0841, 0x0841, 0x0841, 0x0841, 0x0841, 0x0841, 0x0841, 0x0841, 0x0841, 0x0841, 0x0841, 0x0841, 0x0841, 0x0841, 
  0x0841, 0x0841, 0x0841, 0x0841, 0x0841, 0x0841, 0x0841, 0x0841, 0x0841, 0x0841, 0x0841, 0x0841, 0x0841, 0x0841, 0x0841, 0x0841, 
  0x0841, 0x0841, 0x0841, 0x0841, 0x0841, 0x0841, 0x0841, 0x0841, 0x0841, 0x0841, 0x0841, 0x0841, 0x0841, 0x0841, 0x0841, 0x0841, 
  0x0841, 0x0841, 0x0841, 0x0841, 0x0841, 0x0841, 0x0841, 0x0841, 0x0841, 0x0841, 0x0841, 0x0841, 0x0841, 0x0841, 0x0841, 0x0841, 
  0x0841, 0x0841, 0x0841, 0x0841, 0x0841, 0x0841, 0x0841, 0x0841, 0x0841, 0x0841, 0x0841, 0x0841, 0x0000, 0x39E7, 0x0861, 0x39C7, 
  0x5ACB, 0x18E3, 0x31A6, 0x6B4D, 0x18C3, 0x2945, 0x8410, 0x52AA, 0x0020, 0x5AEB, 0x5AEB, 0x0861, 0x5ACB, 0x18C3, 0x2124, 0x528A, 
  0x0020, 0x4228, 0x2945, 0x0000, 0x5ACB, 0x630C, 0x0861, 0x528A, 0x1082, 0x1082, 0x630C, 0x10A2, 0x18E3, 0x630C, 0x3186, 0x10A2, 
  0x6B4D, 0x2124, 0x1082, 0x0861, 0x4208, 0x5ACB, 0x1082, 0x4A49, 0x5ACB, 0x0861, 0x4A69, 0x73AE, 0x39E7, 0x0000, 0x0841, 0x0020, 
  0x0020, 0x0020, 0x0020, 0x0020, 0x0020, 0x0020, 0x0020, 0x0841, 0x0841, 0x0841, 0x0841, 0x0841, 0x0841, 0x0841, 0x0841, 0x0841, 
  0x0841, 0x0841, 0x0841, 0x0841, 0x0841, 0x0841, 0x0841, 0x0841, 0x0841, 0x0841, 0x0841, 0x0841, 0x0841, 0x0841, 0x0841, 0x0841, 
  0x0841, 0x0841, 0x0841, 0x0841, 0x0841, 0x0841, 0x0841, 0x0841, 0x0841, 0x0841, 0x0841, 0x0841, 0x0841, 0x0020, 0x0020, 0x0841, 
  0x0841, 0x0841, 0x0841, 0x0841, 0x0841, 0x0841, 0x0841, 0x0841, 0x0841, 0x0841, 0x0841, 0x0841, 0x0841, 0x0841, 0x0841, 0x0841, 
  0x0841, 0x0841, 0x0841, 0x0841, 0x0841, 0x0841, 0x0841, 0x0841, 0x0841, 0x0841, 0x0841, 0x0841, 0x0841, 0x0841, 0x0841, 0x0841, 
  0x0841, 0x0841, 0x0841, 0x0841, 0x0841, 0x0841, 0x0841, 0x0841, 0x0841, 0x0841, 0x0841, 0x0841, 0x0841, 0x0841, 0x0841, 0x0841, 
  0x0841, 0x0841, 0x0841, 0x0841, 0x0841, 0x0841, 0x0841, 0x0841, 0x0841, 0x0841, 0x0841, 0x0841, 0x0841, 0x0841, 0x0841, 0x0841, 
  0x0841, 0x0841, 0x0841, 0x0841, 0x0841, 0x0841, 0x0841, 0x0841, 0x0841, 0x0841, 0x0841, 0x0841, 0x0841, 0x0841, 0x0841, 0x0841, 
  0x0841, 0x0841, 0x0841, 0x0841, 0x0841, 0x0841, 0x0841, 0x0841, 0x0841, 0x0841, 0x0841, 0x0841, 0x0841, 0x0841, 0x0841, 0x0841, 
  0x0841, 0x0841, 0x0841, 0x0841, 0x0841, 0x0841, 0x0841, 0x0841, 0x0841, 0x0841, 0x0841, 0x0841, 0x0841, 0x0841, 0x0841, 0x0841, 
  0x0841, 0x0841, 0x0841, 0x0841, 0x0841, 0x0841, 0x0841, 0x0841, 0x0841, 0x0841, 0x0841, 0x0841, 0x0841, 0x0841, 0x0841, 0x0841, 
  0x0841, 0x0841, 0x0841, 0x0841, 0x0841, 0x0841, 0x0841, 0x0841, 0x0841, 0x0841, 0x0841, 0x0841, 0x0841, 0x0841, 0x0841, 0x0841, 
  0x0841, 0x0841, 0x0841, 0x0841, 0x0841, 0x0841, 0x0841, 0x0841, 0x0841, 0x0841, 0x0841, 0x0841, 0x0841, 0x0841, 0x0841, 0x0841, 
  0x0841, 0x0841, 0x0841, 0x0841, 0x0841, 0x0841, 0x0841, 0x0841, 0x0841, 0x0841, 0x0841, 0x0841, 0x0841, 0x0841, 0x0841, 0x0841, 
  0x0841, 0x0841, 0x0841, 0x0841, 0x0841, 0x0841, 0x0841, 0x0841, 0x0841, 0x0841, 0x0841, 0x0841, 0x0841, 0x0841, 0x0841, 0x0841, 
  0x0841, 0x0841, 0x0841, 0x0841, 0x0841, 0x0841, 0x0841, 0x0841, 0x0841, 0x0841, 0x0841, 0x0841, 0x0841, 0x0841, 0x0841, 0x0841, 
  0x0841, 0x0841, 0x0841, 0x0841, 0x0841, 0x0841, 0x0841, 0x0841, 0x0841, 0x0841, 0x0841, 0x0841, 0x0020, 0x10A2, 0x0841, 0x10A2, 
  0x18E3, 0x0861, 0x18C3, 0x2945, 0x0020, 0x1082, 0x2124, 0x18C3, 0x0841, 0x18C3, 0x18C3, 0x0841, 0x2945, 0x18E3, 0x0861, 0x3186, 
  0x0861, 0x10A2, 0x0841, 0x0841, 0x18C3, 0x18C3, 0x0861, 0x18C3, 0x0020, 0x0841, 0x2945, 0x18C3, 0x0861, 0x18E3, 0x1082, 0x0861, 
  0x2965, 0x0841, 0x18C3, 0x0861, 0x1082, 0x2965, 0x0020, 0x18E3, 0x2124, 0x0020, 0x18C3, 0x2104, 0x10A2, 0x0020, 0x0841, 0x0020, 
  0x0020, 0x0020, 0x0020, 0x0020, 0x0020, 0x0020, 0x0020, 0x0841, 0x0841, 0x0020, 0x0020, 0x0841, 0x0841, 0x0020, 0x0020, 0x0841, 
  0x0841, 0x0020, 0x0020, 0x0841, 0x0841, 0x0020, 0x0020, 0x0841, 0x0841, 0x0020, 0x0020, 0x0841, 0x0841, 0x0020, 0x0020, 0x0841, 
  0x0841, 0x0020, 0x0020, 0x0841, 0x0841, 0x0020, 0x0020, 0x0841, 0x0841, 0x0020, 0x0020, 0x0841, 0x0841, 0x0020, 0x0020, 0x0841, 
  0x0841, 0x0020, 0x0020, 0x0841, 0x0841, 0x0020, 0x0020, 0x0841, 0x0841, 0x0020, 0x0020, 0x0841, 0x0841, 0x0020, 0x0020, 0x0841, 
  0x0841, 0x0020, 0x0020, 0x0841, 0x0841, 0x0020, 0x0020, 0x0841, 0x0841, 0x0020, 0x0020, 0x0841, 0x0841, 0x0020, 0x0020, 0x0841, 
  0x0841, 0x0020, 0x0020, 0x0841, 0x0841, 0x0020, 0x0020, 0x0841, 0x0841, 0x0020, 0x0020, 0x0841, 0x0841, 0x0020, 0x0020, 0x0841, 
  0x0841, 0x0020, 0x0020, 0x0841, 0x0841, 0x0020, 0x0020, 0x0841, 0x0841, 0x0020, 0x0020, 0x0841, 0x0841, 0x0020, 0x0020, 0x0841, 
  0x0841, 0x0020, 0x0020, 0x0841, 0x0841, 0x0020, 0x0020, 0x0841, 0x0841, 0x0020, 0x0020, 0x0841, 0x0841, 0x0020, 0x0020, 0x0841, 
  0x0841, 0x0020, 0x0020, 0x0841, 0x0841, 0x0020, 0x0020, 0x0841, 0x0841, 0x0020, 0x0020, 0x0841, 0x0841, 0x0020, 0x0020, 0x0841, 
  0x0841, 0x0020, 0x0020, 0x0841, 0x0841, 0x0020, 0x0020, 0x0841, 0x0841, 0x0020, 0x0020, 0x0841, 0x0841, 0x0020, 0x0020, 0x0841, 
  0x0841, 0x0020, 0x0020, 0x0841, 0x0841, 0x0020, 0x0020, 0x0841, 0x0841, 0x0020, 0x0020, 0x0841, 0x0841, 0x0020, 0x0020, 0x0841, 
  0x0841, 0x0020, 0x0020, 0x0841, 0x0841, 0x0020, 0x0020, 0x0841, 0x0841, 0x0020, 0x0020, 0x0841, 0x0841, 0x0020, 0x0020, 0x0841, 
  0x0841, 0x0020, 0x0020, 0x0841, 0x0841, 0x0020, 0x0020, 0x0841, 0x0841, 0x0020, 0x0020, 0x0841, 0x0841, 0x0020, 0x0020, 0x0841, 
  0x0841, 0x0020, 0x0020, 0x0841, 0x0841, 0x0020, 0x0020, 0x0841, 0x0841, 0x0020, 0x0020, 0x0841, 0x0841, 0x0020, 0x0020, 0x0841, 
  0x0841, 0x0020, 0x0020, 0x0841, 0x0841, 0x0020, 0x0020, 0x0841, 0x0841, 0x0020, 0x0020, 0x0841, 0x0841, 0x0020, 0x0020, 0x0841, 
  0x0841, 0x0020, 0x0020, 0x0841, 0x0841, 0x0020, 0x0020, 0x0841, 0x0841, 0x0020, 0x0020, 0x0841, 0x0841, 0x0020, 0x0020, 0x0841, 
  0x0841, 0x0020, 0x0020, 0x0841, 0x0841, 0x0020, 0x0020, 0x0841, 0x0841, 0x0020, 0x0020, 0x0841, 0x0841, 0x0020, 0x0020, 0x0020, 
  0x0020, 0x0020, 0x0020, 0x0000, 0x0841, 0x0020, 0x0000, 0x0020, 0x0841, 0x0020, 0x0020, 0x0841, 0x0000, 0x0000, 0x0020, 0x0000, 
  0x0020, 0x0020, 0x0020, 0x0841, 0x0020, 0x0020, 0x0020, 0x0020, 0x0841, 0x0020, 0x0000, 0x0020, 0x0020, 0x0000, 0x0020, 0x0020, 
  0x0000, 0x0020, 0x0020, 0x0020, 0x0020, 0x0000, 0x0841, 0x0020, 0x0000, 0x0020, 0x0000, 0x0000, 0x0020, 0x0020, 0x0020, 0x0020, 
  0x0020, 0x0020, 0x0020, 0x0020, 0x0020, 0x0020, 0x0020, 0x0020, 0x0020, 0x0020, 0x0020, 0x0020, 0x0020, 0x0020, 0x0020, 0x0020, 
  0x0020, 0x0020, 0x0020, 0x0020, 0x0020, 0x0020, 0x0020, 0x0020, 0x0020, 0x0020, 0x0020, 0x0020, 0x0020, 0x0020, 0x0020, 0x0020, 
  0x0020, 0x0020, 0x0020, 0x0020, 0x0020, 0x0020, 0x0020, 0x0020, 0x0020, 0x0020, 0x0020, 0x0020, 0x0020, 0x0020, 0x0020, 0x0020, 
  0x0020, 0x0020, 0x0020, 0x0020, 0x0020, 0x0020, 0x0020, 0x0020, 0x0020, 0x0020, 0x0020, 0x0020, 0x0020, 0x0020, 0x0020, 0x0020, 
  0x0020, 0x0020, 0x0020, 0x0020, 0x0020, 0x0020, 0x0020, 0x0020, 0x0020, 0x0020, 0x0020, 0x0020, 0x0020, 0x0020, 0x0020, 0x0020, 
  0x0020, 0x0020, 0x0020, 0x0020, 0x0020, 0x0020, 0x0020, 0x0020, 0x0020, 0x0020, 0x0020, 0x0020, 0x0020, 0x0020, 0x0020, 0x0020, 
  0x0020, 0x0020, 0x0020, 0x0020, 0x0020, 0x0020, 0x0020, 0x0020, 0x0020, 0x0020, 0x0020, 0x0020, 0x0020, 0x0020, 0x0020, 0x0020, 
  0x0020, 0x0020, 0x0020, 0x0020, 0x0020, 0x0020, 0x0020, 0x0020, 0x0020, 0x0020, 0x0020, 0x0020, 0x0020, 0x0020, 0x0020, 0x0020, 
  0x0020, 0x0020, 0x0020, 0x0020, 0x0020, 0x0020, 0x0020, 0x0020, 0x0020, 0x0020, 0x0020, 0x0020, 0x0020, 0x0020, 0x0020, 0x0020, 
  0x0020, 0x0020, 0x0020, 0x0020, 0x0020, 0x0020, 0x0020, 0x0020, 0x0020, 0x0020, 0x0020, 0x0020, 0x0020, 0x0020, 0x0020, 0x0020, 
  0x0020, 0x0020, 0x0020, 0x0020, 0x0020, 0x0020, 0x0020, 0x0020, 0x0020, 0x0020, 0x0020, 0x0020, 0x0020, 0x0020, 0x0020, 0x0020, 
  0x0020, 0x0020, 0x0020, 0x0020, 0x0020, 0x0020, 0x0020, 0x0020, 0x0020, 0x0020, 0x0020, 0x0020, 0x0020, 0x0020, 0x0020, 0x0020, 
  0x0020, 0x0020, 0x0020, 0x0020, 0x0020, 0x0020, 0x0020, 0x0020, 0x0020, 0x0020, 0x0020, 0x0020, 0x0020, 0x0020, 0x0020, 0x0020, 
  0x0020, 0x0020, 0x0020, 0x0020, 0x0020, 0x0020, 0x0020, 0x0020, 0x0020, 0x0020, 0x0020, 0x0020, 0x0020, 0x0020, 0x0020, 0x0020, 
  0x0020, 0x0020, 0x0020, 0x0020, 0x0020, 0x0020, 0x0020, 0x0020, 0x0020, 0x0020, 0x0020, 0x0020, 0x0020, 0x0020, 0x0020, 0x0020, 
  0x0020, 0x0020, 0x0020, 0x0020, 0x0020, 0x0020, 0x0020, 0x0020, 0x0020, 0x0020, 0x0020, 0x0020, 0x0020, 0x0020, 0x0020, 0x0020, 
  0x0020, 0x0020, 0x0020, 0x0020, 0x0020, 0x0020, 0x0020, 0x0020, 0x0020, 0x0020, 0x0020, 0x0020, 0x0020, 0x0841, 0x0020, 0x0841, 
  0x0841, 0x0020, 0x0841, 0x0841, 0x0020, 0x0020, 0x0841, 0x0841, 0x0020, 0x0841, 0x0841, 0x0020, 0x0841, 0x0841, 0x0020, 0x0841, 
  0x0020, 0x0841, 0x0020, 0x0020, 0x0841, 0x0841, 0x0020, 0x0841, 0x0020, 0x0020, 0x0841, 0x0841, 0x0020, 0x0841, 0x0020, 0x0020, 
  0x0841, 0x0020, 0x0841, 0x0020, 0x0020, 0x0841, 0x0020, 0x0841, 0x0841, 0x0020, 0x0841, 0x0841, 0x0841, 0x0020, 0x0020, 0x0020, 
};

#endif
